filename,direction,checkpoint,n_blocks,img_size
00068bc07f.jpg,photo_to_monet (B2A),../checkpoints/ckpt_final.pt,9,256
000910d219.jpg,photo_to_monet (B2A),../checkpoints/ckpt_final.pt,9,256
000ded5c41.jpg,photo_to_monet (B2A),../checkpoints/ckpt_final.pt,9,256
00104fd531.jpg,photo_to_monet (B2A),../checkpoints/ckpt_final.pt,9,256
001158d595.jpg,photo_to_monet (B2A),../checkpoints/ckpt_final.pt,9,256
0033c5f971.jpg,photo_to_monet (B2A),../checkpoints/ckpt_final.pt,9,256
0039ebb598.jpg,photo_to_monet (B2A),../checkpoints/ckpt_final.pt,9,256
003aab6fdd.jpg,photo_to_monet (B2A),../checkpoints/ckpt_final.pt,9,256
003c6c30e0.jpg,photo_to_monet (B2A),../checkpoints/ckpt_final.pt,9,256
00479e2a21.jpg,photo_to_monet (B2A),../checkpoints/ckpt_final.pt,9,256
005f987f56.jpg,photo_to_monet (B2A),../checkpoints/ckpt_final.pt,9,256
0080f94ebc.jpg,photo_to_monet (B2A),../checkpoints/ckpt_final.pt,9,256
00882b7e1d.jpg,photo_to_monet (B2A),../checkpoints/ckpt_final.pt,9,256
009d534136.jpg,photo_to_monet (B2A),../checkpoints/ckpt_final.pt,9,256
009ddaed1f.jpg,photo_to_monet (B2A),../checkpoints/ckpt_final.pt,9,256
00aeb60e25.jpg,photo_to_monet (B2A),../checkpoints/ckpt_final.pt,9,256
00c6a0ad1e.jpg,photo_to_monet (B2A),../checkpoints/ckpt_final.pt,9,256
00dcf0f1e3.jpg,photo_to_monet (B2A),../checkpoints/ckpt_final.pt,9,256
00dff09ebe.jpg,photo_to_monet (B2A),../checkpoints/ckpt_final.pt,9,256
00e1798585.jpg,photo_to_monet (B2A),../checkpoints/ckpt_final.pt,9,256
00e64e1b2c.jpg,photo_to_monet (B2A),../checkpoints/ckpt_final.pt,9,256
00f78547f0.jpg,photo_to_monet (B2A),../checkpoints/ckpt_final.pt,9,256
00fcff630e.jpg,photo_to_monet (B2A),../checkpoints/ckpt_final.pt,9,256
01135e4771.jpg,photo_to_monet (B2A),../checkpoints/ckpt_final.pt,9,256
011f46de73.jpg,photo_to_monet (B2A),../checkpoints/ckpt_final.pt,9,256
012df5ce29.jpg,photo_to_monet (B2A),../checkpoints/ckpt_final.pt,9,256
01416e7ada.jpg,photo_to_monet (B2A),../checkpoints/ckpt_final.pt,9,256
01480da48f.jpg,photo_to_monet (B2A),../checkpoints/ckpt_final.pt,9,256
0159685c51.jpg,photo_to_monet (B2A),../checkpoints/ckpt_final.pt,9,256
015f79b672.jpg,photo_to_monet (B2A),../checkpoints/ckpt_final.pt,9,256
01622039ef.jpg,photo_to_monet (B2A),../checkpoints/ckpt_final.pt,9,256
0162322d2d.jpg,photo_to_monet (B2A),../checkpoints/ckpt_final.pt,9,256
016d408833.jpg,photo_to_monet (B2A),../checkpoints/ckpt_final.pt,9,256
016f524878.jpg,photo_to_monet (B2A),../checkpoints/ckpt_final.pt,9,256
017018f377.jpg,photo_to_monet (B2A),../checkpoints/ckpt_final.pt,9,256
01771d99c3.jpg,photo_to_monet (B2A),../checkpoints/ckpt_final.pt,9,256
017aacad6e.jpg,photo_to_monet (B2A),../checkpoints/ckpt_final.pt,9,256
018be60883.jpg,photo_to_monet (B2A),../checkpoints/ckpt_final.pt,9,256
018db0f253.jpg,photo_to_monet (B2A),../checkpoints/ckpt_final.pt,9,256
01952c7673.jpg,photo_to_monet (B2A),../checkpoints/ckpt_final.pt,9,256
01971e48e5.jpg,photo_to_monet (B2A),../checkpoints/ckpt_final.pt,9,256
019cf7682d.jpg,photo_to_monet (B2A),../checkpoints/ckpt_final.pt,9,256
01ae8be57e.jpg,photo_to_monet (B2A),../checkpoints/ckpt_final.pt,9,256
01af5f8623.jpg,photo_to_monet (B2A),../checkpoints/ckpt_final.pt,9,256
01bce47d3f.jpg,photo_to_monet (B2A),../checkpoints/ckpt_final.pt,9,256
01c4f86e3e.jpg,photo_to_monet (B2A),../checkpoints/ckpt_final.pt,9,256
01f7a6398e.jpg,photo_to_monet (B2A),../checkpoints/ckpt_final.pt,9,256
02001e59af.jpg,photo_to_monet (B2A),../checkpoints/ckpt_final.pt,9,256
0212257854.jpg,photo_to_monet (B2A),../checkpoints/ckpt_final.pt,9,256
021df2c226.jpg,photo_to_monet (B2A),../checkpoints/ckpt_final.pt,9,256
022ca16b0f.jpg,photo_to_monet (B2A),../checkpoints/ckpt_final.pt,9,256
023637f8fb.jpg,photo_to_monet (B2A),../checkpoints/ckpt_final.pt,9,256
023eed0385.jpg,photo_to_monet (B2A),../checkpoints/ckpt_final.pt,9,256
023f3cbb75.jpg,photo_to_monet (B2A),../checkpoints/ckpt_final.pt,9,256
0240a597f5.jpg,photo_to_monet (B2A),../checkpoints/ckpt_final.pt,9,256
024d98032b.jpg,photo_to_monet (B2A),../checkpoints/ckpt_final.pt,9,256
0254fc91bd.jpg,photo_to_monet (B2A),../checkpoints/ckpt_final.pt,9,256
02620a36f7.jpg,photo_to_monet (B2A),../checkpoints/ckpt_final.pt,9,256
026ac33f9c.jpg,photo_to_monet (B2A),../checkpoints/ckpt_final.pt,9,256
029524fd91.jpg,photo_to_monet (B2A),../checkpoints/ckpt_final.pt,9,256
029854a790.jpg,photo_to_monet (B2A),../checkpoints/ckpt_final.pt,9,256
02a1366c74.jpg,photo_to_monet (B2A),../checkpoints/ckpt_final.pt,9,256
02a4445906.jpg,photo_to_monet (B2A),../checkpoints/ckpt_final.pt,9,256
02b232fc78.jpg,photo_to_monet (B2A),../checkpoints/ckpt_final.pt,9,256
02c43186c8.jpg,photo_to_monet (B2A),../checkpoints/ckpt_final.pt,9,256
02c6c1f6a9.jpg,photo_to_monet (B2A),../checkpoints/ckpt_final.pt,9,256
02cd89f56d.jpg,photo_to_monet (B2A),../checkpoints/ckpt_final.pt,9,256
02d763f1c2.jpg,photo_to_monet (B2A),../checkpoints/ckpt_final.pt,9,256
02ded12bbd.jpg,photo_to_monet (B2A),../checkpoints/ckpt_final.pt,9,256
02ea18a456.jpg,photo_to_monet (B2A),../checkpoints/ckpt_final.pt,9,256
02ec33e094.jpg,photo_to_monet (B2A),../checkpoints/ckpt_final.pt,9,256
0312af1e14.jpg,photo_to_monet (B2A),../checkpoints/ckpt_final.pt,9,256
032389e868.jpg,photo_to_monet (B2A),../checkpoints/ckpt_final.pt,9,256
03242238ae.jpg,photo_to_monet (B2A),../checkpoints/ckpt_final.pt,9,256
0324f82fee.jpg,photo_to_monet (B2A),../checkpoints/ckpt_final.pt,9,256
0341fa51d0.jpg,photo_to_monet (B2A),../checkpoints/ckpt_final.pt,9,256
0344a47135.jpg,photo_to_monet (B2A),../checkpoints/ckpt_final.pt,9,256
034627340c.jpg,photo_to_monet (B2A),../checkpoints/ckpt_final.pt,9,256
0362dd81bb.jpg,photo_to_monet (B2A),../checkpoints/ckpt_final.pt,9,256
0378bcc7c9.jpg,photo_to_monet (B2A),../checkpoints/ckpt_final.pt,9,256
03950208ff.jpg,photo_to_monet (B2A),../checkpoints/ckpt_final.pt,9,256
03a17d96e1.jpg,photo_to_monet (B2A),../checkpoints/ckpt_final.pt,9,256
03a21c1b9c.jpg,photo_to_monet (B2A),../checkpoints/ckpt_final.pt,9,256
03a2b7ce83.jpg,photo_to_monet (B2A),../checkpoints/ckpt_final.pt,9,256
03ae080a47.jpg,photo_to_monet (B2A),../checkpoints/ckpt_final.pt,9,256
03ae26ed88.jpg,photo_to_monet (B2A),../checkpoints/ckpt_final.pt,9,256
03bac83f64.jpg,photo_to_monet (B2A),../checkpoints/ckpt_final.pt,9,256
03be88270f.jpg,photo_to_monet (B2A),../checkpoints/ckpt_final.pt,9,256
03c5d1d098.jpg,photo_to_monet (B2A),../checkpoints/ckpt_final.pt,9,256
03c9f2e3c2.jpg,photo_to_monet (B2A),../checkpoints/ckpt_final.pt,9,256
03c9f3d584.jpg,photo_to_monet (B2A),../checkpoints/ckpt_final.pt,9,256
03cc206144.jpg,photo_to_monet (B2A),../checkpoints/ckpt_final.pt,9,256
03d47c18a5.jpg,photo_to_monet (B2A),../checkpoints/ckpt_final.pt,9,256
03d6a4d860.jpg,photo_to_monet (B2A),../checkpoints/ckpt_final.pt,9,256
03dde7a28f.jpg,photo_to_monet (B2A),../checkpoints/ckpt_final.pt,9,256
03e48faafa.jpg,photo_to_monet (B2A),../checkpoints/ckpt_final.pt,9,256
03fd7067c1.jpg,photo_to_monet (B2A),../checkpoints/ckpt_final.pt,9,256
03fe5d2263.jpg,photo_to_monet (B2A),../checkpoints/ckpt_final.pt,9,256
0409e76de0.jpg,photo_to_monet (B2A),../checkpoints/ckpt_final.pt,9,256
0425fc7ce5.jpg,photo_to_monet (B2A),../checkpoints/ckpt_final.pt,9,256
042f0e804d.jpg,photo_to_monet (B2A),../checkpoints/ckpt_final.pt,9,256
0435dc46a4.jpg,photo_to_monet (B2A),../checkpoints/ckpt_final.pt,9,256
0436aaaf16.jpg,photo_to_monet (B2A),../checkpoints/ckpt_final.pt,9,256
04387e4338.jpg,photo_to_monet (B2A),../checkpoints/ckpt_final.pt,9,256
043b541b77.jpg,photo_to_monet (B2A),../checkpoints/ckpt_final.pt,9,256
044c1653cf.jpg,photo_to_monet (B2A),../checkpoints/ckpt_final.pt,9,256
0450d4f8ae.jpg,photo_to_monet (B2A),../checkpoints/ckpt_final.pt,9,256
0451cdb867.jpg,photo_to_monet (B2A),../checkpoints/ckpt_final.pt,9,256
045e937903.jpg,photo_to_monet (B2A),../checkpoints/ckpt_final.pt,9,256
0466d4cdf9.jpg,photo_to_monet (B2A),../checkpoints/ckpt_final.pt,9,256
0473a25050.jpg,photo_to_monet (B2A),../checkpoints/ckpt_final.pt,9,256
047acab66b.jpg,photo_to_monet (B2A),../checkpoints/ckpt_final.pt,9,256
047da870f6.jpg,photo_to_monet (B2A),../checkpoints/ckpt_final.pt,9,256
04838b8b1e.jpg,photo_to_monet (B2A),../checkpoints/ckpt_final.pt,9,256
049576d31c.jpg,photo_to_monet (B2A),../checkpoints/ckpt_final.pt,9,256
049b0ece59.jpg,photo_to_monet (B2A),../checkpoints/ckpt_final.pt,9,256
04a5fc42e1.jpg,photo_to_monet (B2A),../checkpoints/ckpt_final.pt,9,256
04b8bfdb1c.jpg,photo_to_monet (B2A),../checkpoints/ckpt_final.pt,9,256
04cb1f4705.jpg,photo_to_monet (B2A),../checkpoints/ckpt_final.pt,9,256
04cf8e6d5f.jpg,photo_to_monet (B2A),../checkpoints/ckpt_final.pt,9,256
04d7e14fbe.jpg,photo_to_monet (B2A),../checkpoints/ckpt_final.pt,9,256
04d91d7bda.jpg,photo_to_monet (B2A),../checkpoints/ckpt_final.pt,9,256
04e32c4dc1.jpg,photo_to_monet (B2A),../checkpoints/ckpt_final.pt,9,256
04ec8c9ec2.jpg,photo_to_monet (B2A),../checkpoints/ckpt_final.pt,9,256
04f59976b5.jpg,photo_to_monet (B2A),../checkpoints/ckpt_final.pt,9,256
04f71da37b.jpg,photo_to_monet (B2A),../checkpoints/ckpt_final.pt,9,256
04f72d81b0.jpg,photo_to_monet (B2A),../checkpoints/ckpt_final.pt,9,256
04f80539d7.jpg,photo_to_monet (B2A),../checkpoints/ckpt_final.pt,9,256
04fa2a606d.jpg,photo_to_monet (B2A),../checkpoints/ckpt_final.pt,9,256
04fa456bc9.jpg,photo_to_monet (B2A),../checkpoints/ckpt_final.pt,9,256
05057d04f7.jpg,photo_to_monet (B2A),../checkpoints/ckpt_final.pt,9,256
0506726dbd.jpg,photo_to_monet (B2A),../checkpoints/ckpt_final.pt,9,256
050da171c0.jpg,photo_to_monet (B2A),../checkpoints/ckpt_final.pt,9,256
051159e33a.jpg,photo_to_monet (B2A),../checkpoints/ckpt_final.pt,9,256
051a7c9ae6.jpg,photo_to_monet (B2A),../checkpoints/ckpt_final.pt,9,256
051bde8166.jpg,photo_to_monet (B2A),../checkpoints/ckpt_final.pt,9,256
051c1b5ee3.jpg,photo_to_monet (B2A),../checkpoints/ckpt_final.pt,9,256
0529dd48c8.jpg,photo_to_monet (B2A),../checkpoints/ckpt_final.pt,9,256
053024baa2.jpg,photo_to_monet (B2A),../checkpoints/ckpt_final.pt,9,256
0541ce0c1a.jpg,photo_to_monet (B2A),../checkpoints/ckpt_final.pt,9,256
0547a52b93.jpg,photo_to_monet (B2A),../checkpoints/ckpt_final.pt,9,256
054f264b2e.jpg,photo_to_monet (B2A),../checkpoints/ckpt_final.pt,9,256
054f375c69.jpg,photo_to_monet (B2A),../checkpoints/ckpt_final.pt,9,256
05557b0148.jpg,photo_to_monet (B2A),../checkpoints/ckpt_final.pt,9,256
055c3026f8.jpg,photo_to_monet (B2A),../checkpoints/ckpt_final.pt,9,256
055dac1e18.jpg,photo_to_monet (B2A),../checkpoints/ckpt_final.pt,9,256
055e5dca6e.jpg,photo_to_monet (B2A),../checkpoints/ckpt_final.pt,9,256
05646c5cdb.jpg,photo_to_monet (B2A),../checkpoints/ckpt_final.pt,9,256
0572f32305.jpg,photo_to_monet (B2A),../checkpoints/ckpt_final.pt,9,256
057d83cdee.jpg,photo_to_monet (B2A),../checkpoints/ckpt_final.pt,9,256
058af422c6.jpg,photo_to_monet (B2A),../checkpoints/ckpt_final.pt,9,256
0597c38d69.jpg,photo_to_monet (B2A),../checkpoints/ckpt_final.pt,9,256
05a3801bed.jpg,photo_to_monet (B2A),../checkpoints/ckpt_final.pt,9,256
05a84fad61.jpg,photo_to_monet (B2A),../checkpoints/ckpt_final.pt,9,256
05c885c810.jpg,photo_to_monet (B2A),../checkpoints/ckpt_final.pt,9,256
05ca68299e.jpg,photo_to_monet (B2A),../checkpoints/ckpt_final.pt,9,256
05e37a8900.jpg,photo_to_monet (B2A),../checkpoints/ckpt_final.pt,9,256
05e88ecd0a.jpg,photo_to_monet (B2A),../checkpoints/ckpt_final.pt,9,256
05f0db4d14.jpg,photo_to_monet (B2A),../checkpoints/ckpt_final.pt,9,256
05f22b97da.jpg,photo_to_monet (B2A),../checkpoints/ckpt_final.pt,9,256
05f4b38e6e.jpg,photo_to_monet (B2A),../checkpoints/ckpt_final.pt,9,256
06058e6cb0.jpg,photo_to_monet (B2A),../checkpoints/ckpt_final.pt,9,256
0606110c45.jpg,photo_to_monet (B2A),../checkpoints/ckpt_final.pt,9,256
061bb611e0.jpg,photo_to_monet (B2A),../checkpoints/ckpt_final.pt,9,256
061f0095f0.jpg,photo_to_monet (B2A),../checkpoints/ckpt_final.pt,9,256
062313a97c.jpg,photo_to_monet (B2A),../checkpoints/ckpt_final.pt,9,256
06371834cb.jpg,photo_to_monet (B2A),../checkpoints/ckpt_final.pt,9,256
063ab57d41.jpg,photo_to_monet (B2A),../checkpoints/ckpt_final.pt,9,256
064b9119de.jpg,photo_to_monet (B2A),../checkpoints/ckpt_final.pt,9,256
064babb7f0.jpg,photo_to_monet (B2A),../checkpoints/ckpt_final.pt,9,256
064f91250d.jpg,photo_to_monet (B2A),../checkpoints/ckpt_final.pt,9,256
065b649ac7.jpg,photo_to_monet (B2A),../checkpoints/ckpt_final.pt,9,256
0665264678.jpg,photo_to_monet (B2A),../checkpoints/ckpt_final.pt,9,256
066b81e0f9.jpg,photo_to_monet (B2A),../checkpoints/ckpt_final.pt,9,256
068381ad63.jpg,photo_to_monet (B2A),../checkpoints/ckpt_final.pt,9,256
068cc6fe3f.jpg,photo_to_monet (B2A),../checkpoints/ckpt_final.pt,9,256
0696f8142e.jpg,photo_to_monet (B2A),../checkpoints/ckpt_final.pt,9,256
069e6e5b82.jpg,photo_to_monet (B2A),../checkpoints/ckpt_final.pt,9,256
06a5930183.jpg,photo_to_monet (B2A),../checkpoints/ckpt_final.pt,9,256
06a9cf2d11.jpg,photo_to_monet (B2A),../checkpoints/ckpt_final.pt,9,256
06b2c2dfca.jpg,photo_to_monet (B2A),../checkpoints/ckpt_final.pt,9,256
06b8114f82.jpg,photo_to_monet (B2A),../checkpoints/ckpt_final.pt,9,256
06c2d19658.jpg,photo_to_monet (B2A),../checkpoints/ckpt_final.pt,9,256
06c549794b.jpg,photo_to_monet (B2A),../checkpoints/ckpt_final.pt,9,256
06c89c4c23.jpg,photo_to_monet (B2A),../checkpoints/ckpt_final.pt,9,256
06c9326c86.jpg,photo_to_monet (B2A),../checkpoints/ckpt_final.pt,9,256
06e117b31e.jpg,photo_to_monet (B2A),../checkpoints/ckpt_final.pt,9,256
06e156d8ba.jpg,photo_to_monet (B2A),../checkpoints/ckpt_final.pt,9,256
06f749912b.jpg,photo_to_monet (B2A),../checkpoints/ckpt_final.pt,9,256
07054731ab.jpg,photo_to_monet (B2A),../checkpoints/ckpt_final.pt,9,256
0709ff32ee.jpg,photo_to_monet (B2A),../checkpoints/ckpt_final.pt,9,256
0711866dcd.jpg,photo_to_monet (B2A),../checkpoints/ckpt_final.pt,9,256
071c375c2c.jpg,photo_to_monet (B2A),../checkpoints/ckpt_final.pt,9,256
0723d52098.jpg,photo_to_monet (B2A),../checkpoints/ckpt_final.pt,9,256
0724805941.jpg,photo_to_monet (B2A),../checkpoints/ckpt_final.pt,9,256
072f1336c9.jpg,photo_to_monet (B2A),../checkpoints/ckpt_final.pt,9,256
07362b3f42.jpg,photo_to_monet (B2A),../checkpoints/ckpt_final.pt,9,256
073e8b3056.jpg,photo_to_monet (B2A),../checkpoints/ckpt_final.pt,9,256
074218de82.jpg,photo_to_monet (B2A),../checkpoints/ckpt_final.pt,9,256
074ea8cb6e.jpg,photo_to_monet (B2A),../checkpoints/ckpt_final.pt,9,256
07573a95f6.jpg,photo_to_monet (B2A),../checkpoints/ckpt_final.pt,9,256
075e8d4617.jpg,photo_to_monet (B2A),../checkpoints/ckpt_final.pt,9,256
0761281e3b.jpg,photo_to_monet (B2A),../checkpoints/ckpt_final.pt,9,256
076c62582d.jpg,photo_to_monet (B2A),../checkpoints/ckpt_final.pt,9,256
0770ea1a07.jpg,photo_to_monet (B2A),../checkpoints/ckpt_final.pt,9,256
077bf7e451.jpg,photo_to_monet (B2A),../checkpoints/ckpt_final.pt,9,256
078cd3ce07.jpg,photo_to_monet (B2A),../checkpoints/ckpt_final.pt,9,256
078fd1bc42.jpg,photo_to_monet (B2A),../checkpoints/ckpt_final.pt,9,256
07939b1fde.jpg,photo_to_monet (B2A),../checkpoints/ckpt_final.pt,9,256
079da3af1e.jpg,photo_to_monet (B2A),../checkpoints/ckpt_final.pt,9,256
07b7fdff1b.jpg,photo_to_monet (B2A),../checkpoints/ckpt_final.pt,9,256
07bf7d7df1.jpg,photo_to_monet (B2A),../checkpoints/ckpt_final.pt,9,256
07cb260548.jpg,photo_to_monet (B2A),../checkpoints/ckpt_final.pt,9,256
07e9bc5956.jpg,photo_to_monet (B2A),../checkpoints/ckpt_final.pt,9,256
07ea3a38d2.jpg,photo_to_monet (B2A),../checkpoints/ckpt_final.pt,9,256
07f37dfe50.jpg,photo_to_monet (B2A),../checkpoints/ckpt_final.pt,9,256
07f730ef9a.jpg,photo_to_monet (B2A),../checkpoints/ckpt_final.pt,9,256
08009f0be5.jpg,photo_to_monet (B2A),../checkpoints/ckpt_final.pt,9,256
0811c84b0c.jpg,photo_to_monet (B2A),../checkpoints/ckpt_final.pt,9,256
081955febb.jpg,photo_to_monet (B2A),../checkpoints/ckpt_final.pt,9,256
08247a7020.jpg,photo_to_monet (B2A),../checkpoints/ckpt_final.pt,9,256
082786cc1f.jpg,photo_to_monet (B2A),../checkpoints/ckpt_final.pt,9,256
08341635fa.jpg,photo_to_monet (B2A),../checkpoints/ckpt_final.pt,9,256
0844c2cddf.jpg,photo_to_monet (B2A),../checkpoints/ckpt_final.pt,9,256
0845e8dc24.jpg,photo_to_monet (B2A),../checkpoints/ckpt_final.pt,9,256
085c73097f.jpg,photo_to_monet (B2A),../checkpoints/ckpt_final.pt,9,256
0860f1e141.jpg,photo_to_monet (B2A),../checkpoints/ckpt_final.pt,9,256
08645ef69b.jpg,photo_to_monet (B2A),../checkpoints/ckpt_final.pt,9,256
087e779e73.jpg,photo_to_monet (B2A),../checkpoints/ckpt_final.pt,9,256
08874a6ee1.jpg,photo_to_monet (B2A),../checkpoints/ckpt_final.pt,9,256
088972cf3f.jpg,photo_to_monet (B2A),../checkpoints/ckpt_final.pt,9,256
089406822c.jpg,photo_to_monet (B2A),../checkpoints/ckpt_final.pt,9,256
08a203b59d.jpg,photo_to_monet (B2A),../checkpoints/ckpt_final.pt,9,256
08acc490a3.jpg,photo_to_monet (B2A),../checkpoints/ckpt_final.pt,9,256
08b790bca7.jpg,photo_to_monet (B2A),../checkpoints/ckpt_final.pt,9,256
08c1754f70.jpg,photo_to_monet (B2A),../checkpoints/ckpt_final.pt,9,256
08cbd0d6c4.jpg,photo_to_monet (B2A),../checkpoints/ckpt_final.pt,9,256
08cbd51033.jpg,photo_to_monet (B2A),../checkpoints/ckpt_final.pt,9,256
08d7603c9c.jpg,photo_to_monet (B2A),../checkpoints/ckpt_final.pt,9,256
08da1e5774.jpg,photo_to_monet (B2A),../checkpoints/ckpt_final.pt,9,256
08e3354189.jpg,photo_to_monet (B2A),../checkpoints/ckpt_final.pt,9,256
08fa88c02c.jpg,photo_to_monet (B2A),../checkpoints/ckpt_final.pt,9,256
08fa8a6f26.jpg,photo_to_monet (B2A),../checkpoints/ckpt_final.pt,9,256
08fd7ac09b.jpg,photo_to_monet (B2A),../checkpoints/ckpt_final.pt,9,256
090d5b3cca.jpg,photo_to_monet (B2A),../checkpoints/ckpt_final.pt,9,256
091b6b9b07.jpg,photo_to_monet (B2A),../checkpoints/ckpt_final.pt,9,256
0922bbb3c1.jpg,photo_to_monet (B2A),../checkpoints/ckpt_final.pt,9,256
0932ad9605.jpg,photo_to_monet (B2A),../checkpoints/ckpt_final.pt,9,256
0938dc0298.jpg,photo_to_monet (B2A),../checkpoints/ckpt_final.pt,9,256
0939723138.jpg,photo_to_monet (B2A),../checkpoints/ckpt_final.pt,9,256
093be92a48.jpg,photo_to_monet (B2A),../checkpoints/ckpt_final.pt,9,256
093e24f728.jpg,photo_to_monet (B2A),../checkpoints/ckpt_final.pt,9,256
0945008455.jpg,photo_to_monet (B2A),../checkpoints/ckpt_final.pt,9,256
09591edd0a.jpg,photo_to_monet (B2A),../checkpoints/ckpt_final.pt,9,256
095bc5a33d.jpg,photo_to_monet (B2A),../checkpoints/ckpt_final.pt,9,256
096165f6f0.jpg,photo_to_monet (B2A),../checkpoints/ckpt_final.pt,9,256
0962094f25.jpg,photo_to_monet (B2A),../checkpoints/ckpt_final.pt,9,256
0963accefe.jpg,photo_to_monet (B2A),../checkpoints/ckpt_final.pt,9,256
096495c50c.jpg,photo_to_monet (B2A),../checkpoints/ckpt_final.pt,9,256
096bae8cd9.jpg,photo_to_monet (B2A),../checkpoints/ckpt_final.pt,9,256
096da37ff7.jpg,photo_to_monet (B2A),../checkpoints/ckpt_final.pt,9,256
096f009762.jpg,photo_to_monet (B2A),../checkpoints/ckpt_final.pt,9,256
09748274a3.jpg,photo_to_monet (B2A),../checkpoints/ckpt_final.pt,9,256
09756af6f7.jpg,photo_to_monet (B2A),../checkpoints/ckpt_final.pt,9,256
097b3ce81a.jpg,photo_to_monet (B2A),../checkpoints/ckpt_final.pt,9,256
097d38ef3b.jpg,photo_to_monet (B2A),../checkpoints/ckpt_final.pt,9,256
09816286d3.jpg,photo_to_monet (B2A),../checkpoints/ckpt_final.pt,9,256
0984136f36.jpg,photo_to_monet (B2A),../checkpoints/ckpt_final.pt,9,256
098b35d919.jpg,photo_to_monet (B2A),../checkpoints/ckpt_final.pt,9,256
098c0ce670.jpg,photo_to_monet (B2A),../checkpoints/ckpt_final.pt,9,256
098fde2b22.jpg,photo_to_monet (B2A),../checkpoints/ckpt_final.pt,9,256
099159901a.jpg,photo_to_monet (B2A),../checkpoints/ckpt_final.pt,9,256
099395535c.jpg,photo_to_monet (B2A),../checkpoints/ckpt_final.pt,9,256
09986b5a14.jpg,photo_to_monet (B2A),../checkpoints/ckpt_final.pt,9,256
09a43d2264.jpg,photo_to_monet (B2A),../checkpoints/ckpt_final.pt,9,256
09bebf108f.jpg,photo_to_monet (B2A),../checkpoints/ckpt_final.pt,9,256
09c874df81.jpg,photo_to_monet (B2A),../checkpoints/ckpt_final.pt,9,256
09d34f7412.jpg,photo_to_monet (B2A),../checkpoints/ckpt_final.pt,9,256
09ddb5e4c9.jpg,photo_to_monet (B2A),../checkpoints/ckpt_final.pt,9,256
09e084658a.jpg,photo_to_monet (B2A),../checkpoints/ckpt_final.pt,9,256
09e1b696b4.jpg,photo_to_monet (B2A),../checkpoints/ckpt_final.pt,9,256
09e2982b82.jpg,photo_to_monet (B2A),../checkpoints/ckpt_final.pt,9,256
09e8393bd1.jpg,photo_to_monet (B2A),../checkpoints/ckpt_final.pt,9,256
09ec565e3a.jpg,photo_to_monet (B2A),../checkpoints/ckpt_final.pt,9,256
09f57ab8c5.jpg,photo_to_monet (B2A),../checkpoints/ckpt_final.pt,9,256
09fc404e31.jpg,photo_to_monet (B2A),../checkpoints/ckpt_final.pt,9,256
09fcd10b7e.jpg,photo_to_monet (B2A),../checkpoints/ckpt_final.pt,9,256
0a0c3a6d07.jpg,photo_to_monet (B2A),../checkpoints/ckpt_final.pt,9,256
0a0d3e6ea7.jpg,photo_to_monet (B2A),../checkpoints/ckpt_final.pt,9,256
0a1d1b9f8e.jpg,photo_to_monet (B2A),../checkpoints/ckpt_final.pt,9,256
0a271892d0.jpg,photo_to_monet (B2A),../checkpoints/ckpt_final.pt,9,256
0a284dbed0.jpg,photo_to_monet (B2A),../checkpoints/ckpt_final.pt,9,256
0a2e5f728d.jpg,photo_to_monet (B2A),../checkpoints/ckpt_final.pt,9,256
0a325fc655.jpg,photo_to_monet (B2A),../checkpoints/ckpt_final.pt,9,256
0a44c8287d.jpg,photo_to_monet (B2A),../checkpoints/ckpt_final.pt,9,256
0a49020ae5.jpg,photo_to_monet (B2A),../checkpoints/ckpt_final.pt,9,256
0a497f768d.jpg,photo_to_monet (B2A),../checkpoints/ckpt_final.pt,9,256
0a6091114d.jpg,photo_to_monet (B2A),../checkpoints/ckpt_final.pt,9,256
0a6279ef66.jpg,photo_to_monet (B2A),../checkpoints/ckpt_final.pt,9,256
0a6e92d928.jpg,photo_to_monet (B2A),../checkpoints/ckpt_final.pt,9,256
0a74701f65.jpg,photo_to_monet (B2A),../checkpoints/ckpt_final.pt,9,256
0a7a8e30bd.jpg,photo_to_monet (B2A),../checkpoints/ckpt_final.pt,9,256
0a7b607c9c.jpg,photo_to_monet (B2A),../checkpoints/ckpt_final.pt,9,256
0a8839fac9.jpg,photo_to_monet (B2A),../checkpoints/ckpt_final.pt,9,256
0a996d988b.jpg,photo_to_monet (B2A),../checkpoints/ckpt_final.pt,9,256
0aa4202c77.jpg,photo_to_monet (B2A),../checkpoints/ckpt_final.pt,9,256
0aaf6960c4.jpg,photo_to_monet (B2A),../checkpoints/ckpt_final.pt,9,256
0abbeddf71.jpg,photo_to_monet (B2A),../checkpoints/ckpt_final.pt,9,256
0abbf2fd4b.jpg,photo_to_monet (B2A),../checkpoints/ckpt_final.pt,9,256
0ac4b6aaaa.jpg,photo_to_monet (B2A),../checkpoints/ckpt_final.pt,9,256
0ac84db7bc.jpg,photo_to_monet (B2A),../checkpoints/ckpt_final.pt,9,256
0ad13029a9.jpg,photo_to_monet (B2A),../checkpoints/ckpt_final.pt,9,256
0ad956708f.jpg,photo_to_monet (B2A),../checkpoints/ckpt_final.pt,9,256
0ae5e9bfe2.jpg,photo_to_monet (B2A),../checkpoints/ckpt_final.pt,9,256
0aec1f9701.jpg,photo_to_monet (B2A),../checkpoints/ckpt_final.pt,9,256
0b0bf6fe85.jpg,photo_to_monet (B2A),../checkpoints/ckpt_final.pt,9,256
0b1669c3ea.jpg,photo_to_monet (B2A),../checkpoints/ckpt_final.pt,9,256
0b21ce3df6.jpg,photo_to_monet (B2A),../checkpoints/ckpt_final.pt,9,256
0b2454f0e3.jpg,photo_to_monet (B2A),../checkpoints/ckpt_final.pt,9,256
0b2f2a3e59.jpg,photo_to_monet (B2A),../checkpoints/ckpt_final.pt,9,256
0b3fd12ac9.jpg,photo_to_monet (B2A),../checkpoints/ckpt_final.pt,9,256
0b461ab035.jpg,photo_to_monet (B2A),../checkpoints/ckpt_final.pt,9,256
0b48073b83.jpg,photo_to_monet (B2A),../checkpoints/ckpt_final.pt,9,256
0b4dbff7c8.jpg,photo_to_monet (B2A),../checkpoints/ckpt_final.pt,9,256
0b4f93c337.jpg,photo_to_monet (B2A),../checkpoints/ckpt_final.pt,9,256
0b53fd3e90.jpg,photo_to_monet (B2A),../checkpoints/ckpt_final.pt,9,256
0b68939003.jpg,photo_to_monet (B2A),../checkpoints/ckpt_final.pt,9,256
0b6b4bfc29.jpg,photo_to_monet (B2A),../checkpoints/ckpt_final.pt,9,256
0b91f359c5.jpg,photo_to_monet (B2A),../checkpoints/ckpt_final.pt,9,256
0b97d70d93.jpg,photo_to_monet (B2A),../checkpoints/ckpt_final.pt,9,256
0bb9d1a3cf.jpg,photo_to_monet (B2A),../checkpoints/ckpt_final.pt,9,256
0bcecb1330.jpg,photo_to_monet (B2A),../checkpoints/ckpt_final.pt,9,256
0bddd37684.jpg,photo_to_monet (B2A),../checkpoints/ckpt_final.pt,9,256
0bde6ba99b.jpg,photo_to_monet (B2A),../checkpoints/ckpt_final.pt,9,256
0bdf3110dc.jpg,photo_to_monet (B2A),../checkpoints/ckpt_final.pt,9,256
0bede4ba4e.jpg,photo_to_monet (B2A),../checkpoints/ckpt_final.pt,9,256
0c18bf8536.jpg,photo_to_monet (B2A),../checkpoints/ckpt_final.pt,9,256
0c21bed0d8.jpg,photo_to_monet (B2A),../checkpoints/ckpt_final.pt,9,256
0c272fcde8.jpg,photo_to_monet (B2A),../checkpoints/ckpt_final.pt,9,256
0c4ebc7f6a.jpg,photo_to_monet (B2A),../checkpoints/ckpt_final.pt,9,256
0c64451f58.jpg,photo_to_monet (B2A),../checkpoints/ckpt_final.pt,9,256
0c64b00832.jpg,photo_to_monet (B2A),../checkpoints/ckpt_final.pt,9,256
0c696d12a2.jpg,photo_to_monet (B2A),../checkpoints/ckpt_final.pt,9,256
0c6b56bba9.jpg,photo_to_monet (B2A),../checkpoints/ckpt_final.pt,9,256
0c6b63c2c5.jpg,photo_to_monet (B2A),../checkpoints/ckpt_final.pt,9,256
0c6c9d8ce7.jpg,photo_to_monet (B2A),../checkpoints/ckpt_final.pt,9,256
0c6e6b52be.jpg,photo_to_monet (B2A),../checkpoints/ckpt_final.pt,9,256
0c6fcdf1f5.jpg,photo_to_monet (B2A),../checkpoints/ckpt_final.pt,9,256
0c781e1538.jpg,photo_to_monet (B2A),../checkpoints/ckpt_final.pt,9,256
0c7e07acd3.jpg,photo_to_monet (B2A),../checkpoints/ckpt_final.pt,9,256
0c8a94c597.jpg,photo_to_monet (B2A),../checkpoints/ckpt_final.pt,9,256
0ca5b3c96a.jpg,photo_to_monet (B2A),../checkpoints/ckpt_final.pt,9,256
0cac1bcf2b.jpg,photo_to_monet (B2A),../checkpoints/ckpt_final.pt,9,256
0cae98323f.jpg,photo_to_monet (B2A),../checkpoints/ckpt_final.pt,9,256
0cb4144fbb.jpg,photo_to_monet (B2A),../checkpoints/ckpt_final.pt,9,256
0cb6683555.jpg,photo_to_monet (B2A),../checkpoints/ckpt_final.pt,9,256
0ccbcfcf65.jpg,photo_to_monet (B2A),../checkpoints/ckpt_final.pt,9,256
0cda2627bf.jpg,photo_to_monet (B2A),../checkpoints/ckpt_final.pt,9,256
0cdfbb28e6.jpg,photo_to_monet (B2A),../checkpoints/ckpt_final.pt,9,256
0ce227ee32.jpg,photo_to_monet (B2A),../checkpoints/ckpt_final.pt,9,256
0cec4d02a7.jpg,photo_to_monet (B2A),../checkpoints/ckpt_final.pt,9,256
0cecce2e24.jpg,photo_to_monet (B2A),../checkpoints/ckpt_final.pt,9,256
0cf495d82e.jpg,photo_to_monet (B2A),../checkpoints/ckpt_final.pt,9,256
0cf4dc75d0.jpg,photo_to_monet (B2A),../checkpoints/ckpt_final.pt,9,256
0cfe85f73d.jpg,photo_to_monet (B2A),../checkpoints/ckpt_final.pt,9,256
0d11463712.jpg,photo_to_monet (B2A),../checkpoints/ckpt_final.pt,9,256
0d1a5b6882.jpg,photo_to_monet (B2A),../checkpoints/ckpt_final.pt,9,256
0d23431254.jpg,photo_to_monet (B2A),../checkpoints/ckpt_final.pt,9,256
0d2583e3ea.jpg,photo_to_monet (B2A),../checkpoints/ckpt_final.pt,9,256
0d2ed7fb8e.jpg,photo_to_monet (B2A),../checkpoints/ckpt_final.pt,9,256
0d2f9d322d.jpg,photo_to_monet (B2A),../checkpoints/ckpt_final.pt,9,256
0d3752b4ad.jpg,photo_to_monet (B2A),../checkpoints/ckpt_final.pt,9,256
0d423f52fd.jpg,photo_to_monet (B2A),../checkpoints/ckpt_final.pt,9,256
0d59054b30.jpg,photo_to_monet (B2A),../checkpoints/ckpt_final.pt,9,256
0d593e3752.jpg,photo_to_monet (B2A),../checkpoints/ckpt_final.pt,9,256
0d64ca5ecf.jpg,photo_to_monet (B2A),../checkpoints/ckpt_final.pt,9,256
0d6ba5d215.jpg,photo_to_monet (B2A),../checkpoints/ckpt_final.pt,9,256
0d6c81cbc2.jpg,photo_to_monet (B2A),../checkpoints/ckpt_final.pt,9,256
0d6f893bc7.jpg,photo_to_monet (B2A),../checkpoints/ckpt_final.pt,9,256
0d7c5d97ac.jpg,photo_to_monet (B2A),../checkpoints/ckpt_final.pt,9,256
0d80b97eb4.jpg,photo_to_monet (B2A),../checkpoints/ckpt_final.pt,9,256
0d859e1630.jpg,photo_to_monet (B2A),../checkpoints/ckpt_final.pt,9,256
0d89393fe0.jpg,photo_to_monet (B2A),../checkpoints/ckpt_final.pt,9,256
0d8c66b24e.jpg,photo_to_monet (B2A),../checkpoints/ckpt_final.pt,9,256
0dd016afa5.jpg,photo_to_monet (B2A),../checkpoints/ckpt_final.pt,9,256
0dd4041294.jpg,photo_to_monet (B2A),../checkpoints/ckpt_final.pt,9,256
0dd5085fdf.jpg,photo_to_monet (B2A),../checkpoints/ckpt_final.pt,9,256
0dde3f8ee7.jpg,photo_to_monet (B2A),../checkpoints/ckpt_final.pt,9,256
0de8320918.jpg,photo_to_monet (B2A),../checkpoints/ckpt_final.pt,9,256
0de920c5bf.jpg,photo_to_monet (B2A),../checkpoints/ckpt_final.pt,9,256
0debce885b.jpg,photo_to_monet (B2A),../checkpoints/ckpt_final.pt,9,256
0df35db4a2.jpg,photo_to_monet (B2A),../checkpoints/ckpt_final.pt,9,256
0df9a45c26.jpg,photo_to_monet (B2A),../checkpoints/ckpt_final.pt,9,256
0e003670f7.jpg,photo_to_monet (B2A),../checkpoints/ckpt_final.pt,9,256
0e0577ec3a.jpg,photo_to_monet (B2A),../checkpoints/ckpt_final.pt,9,256
0e0a660bb8.jpg,photo_to_monet (B2A),../checkpoints/ckpt_final.pt,9,256
0e0bdef20a.jpg,photo_to_monet (B2A),../checkpoints/ckpt_final.pt,9,256
0e1230a330.jpg,photo_to_monet (B2A),../checkpoints/ckpt_final.pt,9,256
0e13d9c6f4.jpg,photo_to_monet (B2A),../checkpoints/ckpt_final.pt,9,256
0e23057337.jpg,photo_to_monet (B2A),../checkpoints/ckpt_final.pt,9,256
0e2610ef33.jpg,photo_to_monet (B2A),../checkpoints/ckpt_final.pt,9,256
0e441b3c17.jpg,photo_to_monet (B2A),../checkpoints/ckpt_final.pt,9,256
0e4c7d5e15.jpg,photo_to_monet (B2A),../checkpoints/ckpt_final.pt,9,256
0e4ec46846.jpg,photo_to_monet (B2A),../checkpoints/ckpt_final.pt,9,256
0e5afbada4.jpg,photo_to_monet (B2A),../checkpoints/ckpt_final.pt,9,256
0e750aaed9.jpg,photo_to_monet (B2A),../checkpoints/ckpt_final.pt,9,256
0e8eb4587e.jpg,photo_to_monet (B2A),../checkpoints/ckpt_final.pt,9,256
0e95c87f76.jpg,photo_to_monet (B2A),../checkpoints/ckpt_final.pt,9,256
0e983a3ef5.jpg,photo_to_monet (B2A),../checkpoints/ckpt_final.pt,9,256
0eaa8d71f6.jpg,photo_to_monet (B2A),../checkpoints/ckpt_final.pt,9,256
0eb3c8892a.jpg,photo_to_monet (B2A),../checkpoints/ckpt_final.pt,9,256
0eb810429d.jpg,photo_to_monet (B2A),../checkpoints/ckpt_final.pt,9,256
0eddbbb35c.jpg,photo_to_monet (B2A),../checkpoints/ckpt_final.pt,9,256
0f1e6530bc.jpg,photo_to_monet (B2A),../checkpoints/ckpt_final.pt,9,256
0f35be9cbb.jpg,photo_to_monet (B2A),../checkpoints/ckpt_final.pt,9,256
0f3757e6cd.jpg,photo_to_monet (B2A),../checkpoints/ckpt_final.pt,9,256
0f3ed210c0.jpg,photo_to_monet (B2A),../checkpoints/ckpt_final.pt,9,256
0f5228f2a6.jpg,photo_to_monet (B2A),../checkpoints/ckpt_final.pt,9,256
0f58899ce1.jpg,photo_to_monet (B2A),../checkpoints/ckpt_final.pt,9,256
0f819ab838.jpg,photo_to_monet (B2A),../checkpoints/ckpt_final.pt,9,256
0f8e316a87.jpg,photo_to_monet (B2A),../checkpoints/ckpt_final.pt,9,256
0fa29829f2.jpg,photo_to_monet (B2A),../checkpoints/ckpt_final.pt,9,256
0fa5629898.jpg,photo_to_monet (B2A),../checkpoints/ckpt_final.pt,9,256
0fb1ca7fe1.jpg,photo_to_monet (B2A),../checkpoints/ckpt_final.pt,9,256
0fbcbeddd5.jpg,photo_to_monet (B2A),../checkpoints/ckpt_final.pt,9,256
0fca1c304e.jpg,photo_to_monet (B2A),../checkpoints/ckpt_final.pt,9,256
0fccbd8558.jpg,photo_to_monet (B2A),../checkpoints/ckpt_final.pt,9,256
0fd7cd6092.jpg,photo_to_monet (B2A),../checkpoints/ckpt_final.pt,9,256
0fdcf56678.jpg,photo_to_monet (B2A),../checkpoints/ckpt_final.pt,9,256
0fe76a9ec9.jpg,photo_to_monet (B2A),../checkpoints/ckpt_final.pt,9,256
0fef77210a.jpg,photo_to_monet (B2A),../checkpoints/ckpt_final.pt,9,256
10118ae431.jpg,photo_to_monet (B2A),../checkpoints/ckpt_final.pt,9,256
101a1f34db.jpg,photo_to_monet (B2A),../checkpoints/ckpt_final.pt,9,256
101a5ad83d.jpg,photo_to_monet (B2A),../checkpoints/ckpt_final.pt,9,256
101c59feab.jpg,photo_to_monet (B2A),../checkpoints/ckpt_final.pt,9,256
101d00677e.jpg,photo_to_monet (B2A),../checkpoints/ckpt_final.pt,9,256
102c9065a7.jpg,photo_to_monet (B2A),../checkpoints/ckpt_final.pt,9,256
102da9e0bf.jpg,photo_to_monet (B2A),../checkpoints/ckpt_final.pt,9,256
10371b9044.jpg,photo_to_monet (B2A),../checkpoints/ckpt_final.pt,9,256
1037993785.jpg,photo_to_monet (B2A),../checkpoints/ckpt_final.pt,9,256
104204fa3f.jpg,photo_to_monet (B2A),../checkpoints/ckpt_final.pt,9,256
105ac2e395.jpg,photo_to_monet (B2A),../checkpoints/ckpt_final.pt,9,256
106091e966.jpg,photo_to_monet (B2A),../checkpoints/ckpt_final.pt,9,256
1064e8c2fc.jpg,photo_to_monet (B2A),../checkpoints/ckpt_final.pt,9,256
10729e0962.jpg,photo_to_monet (B2A),../checkpoints/ckpt_final.pt,9,256
1076bdc405.jpg,photo_to_monet (B2A),../checkpoints/ckpt_final.pt,9,256
107769ed33.jpg,photo_to_monet (B2A),../checkpoints/ckpt_final.pt,9,256
1079a7abe1.jpg,photo_to_monet (B2A),../checkpoints/ckpt_final.pt,9,256
108d3336bd.jpg,photo_to_monet (B2A),../checkpoints/ckpt_final.pt,9,256
108f57c580.jpg,photo_to_monet (B2A),../checkpoints/ckpt_final.pt,9,256
1097dcc82e.jpg,photo_to_monet (B2A),../checkpoints/ckpt_final.pt,9,256
10ab9fcfcb.jpg,photo_to_monet (B2A),../checkpoints/ckpt_final.pt,9,256
10e101cae7.jpg,photo_to_monet (B2A),../checkpoints/ckpt_final.pt,9,256
10e79c0f04.jpg,photo_to_monet (B2A),../checkpoints/ckpt_final.pt,9,256
10f3bc8893.jpg,photo_to_monet (B2A),../checkpoints/ckpt_final.pt,9,256
1106610965.jpg,photo_to_monet (B2A),../checkpoints/ckpt_final.pt,9,256
11068aa40b.jpg,photo_to_monet (B2A),../checkpoints/ckpt_final.pt,9,256
110d660fee.jpg,photo_to_monet (B2A),../checkpoints/ckpt_final.pt,9,256
112f088373.jpg,photo_to_monet (B2A),../checkpoints/ckpt_final.pt,9,256
113444c0c2.jpg,photo_to_monet (B2A),../checkpoints/ckpt_final.pt,9,256
1138db3be9.jpg,photo_to_monet (B2A),../checkpoints/ckpt_final.pt,9,256
114692dc5b.jpg,photo_to_monet (B2A),../checkpoints/ckpt_final.pt,9,256
1151c9b98d.jpg,photo_to_monet (B2A),../checkpoints/ckpt_final.pt,9,256
115cd21c1c.jpg,photo_to_monet (B2A),../checkpoints/ckpt_final.pt,9,256
115cd80f74.jpg,photo_to_monet (B2A),../checkpoints/ckpt_final.pt,9,256
115f221c2a.jpg,photo_to_monet (B2A),../checkpoints/ckpt_final.pt,9,256
115f43bae3.jpg,photo_to_monet (B2A),../checkpoints/ckpt_final.pt,9,256
117281b37b.jpg,photo_to_monet (B2A),../checkpoints/ckpt_final.pt,9,256
1172d3e228.jpg,photo_to_monet (B2A),../checkpoints/ckpt_final.pt,9,256
117d70bd19.jpg,photo_to_monet (B2A),../checkpoints/ckpt_final.pt,9,256
117e2a807d.jpg,photo_to_monet (B2A),../checkpoints/ckpt_final.pt,9,256
1193c043d7.jpg,photo_to_monet (B2A),../checkpoints/ckpt_final.pt,9,256
11bcbf0f67.jpg,photo_to_monet (B2A),../checkpoints/ckpt_final.pt,9,256
11c1de8b75.jpg,photo_to_monet (B2A),../checkpoints/ckpt_final.pt,9,256
11c24d756f.jpg,photo_to_monet (B2A),../checkpoints/ckpt_final.pt,9,256
11cc678dbf.jpg,photo_to_monet (B2A),../checkpoints/ckpt_final.pt,9,256
11d4cd762d.jpg,photo_to_monet (B2A),../checkpoints/ckpt_final.pt,9,256
11d713b4ee.jpg,photo_to_monet (B2A),../checkpoints/ckpt_final.pt,9,256
11e25d3dc4.jpg,photo_to_monet (B2A),../checkpoints/ckpt_final.pt,9,256
11f13ca69e.jpg,photo_to_monet (B2A),../checkpoints/ckpt_final.pt,9,256
11f482a716.jpg,photo_to_monet (B2A),../checkpoints/ckpt_final.pt,9,256
11feb29e6a.jpg,photo_to_monet (B2A),../checkpoints/ckpt_final.pt,9,256
1216dc1ffe.jpg,photo_to_monet (B2A),../checkpoints/ckpt_final.pt,9,256
12193672ba.jpg,photo_to_monet (B2A),../checkpoints/ckpt_final.pt,9,256
122f944d40.jpg,photo_to_monet (B2A),../checkpoints/ckpt_final.pt,9,256
1235e32fb2.jpg,photo_to_monet (B2A),../checkpoints/ckpt_final.pt,9,256
123714f71c.jpg,photo_to_monet (B2A),../checkpoints/ckpt_final.pt,9,256
1240cc6f83.jpg,photo_to_monet (B2A),../checkpoints/ckpt_final.pt,9,256
124244310e.jpg,photo_to_monet (B2A),../checkpoints/ckpt_final.pt,9,256
124dda3622.jpg,photo_to_monet (B2A),../checkpoints/ckpt_final.pt,9,256
125fd9187b.jpg,photo_to_monet (B2A),../checkpoints/ckpt_final.pt,9,256
12672ab41c.jpg,photo_to_monet (B2A),../checkpoints/ckpt_final.pt,9,256
126fb64cb8.jpg,photo_to_monet (B2A),../checkpoints/ckpt_final.pt,9,256
1285f93747.jpg,photo_to_monet (B2A),../checkpoints/ckpt_final.pt,9,256
129823154f.jpg,photo_to_monet (B2A),../checkpoints/ckpt_final.pt,9,256
129df5c60c.jpg,photo_to_monet (B2A),../checkpoints/ckpt_final.pt,9,256
12ae4ffbb5.jpg,photo_to_monet (B2A),../checkpoints/ckpt_final.pt,9,256
12b2a8d1fc.jpg,photo_to_monet (B2A),../checkpoints/ckpt_final.pt,9,256
12b302b5f1.jpg,photo_to_monet (B2A),../checkpoints/ckpt_final.pt,9,256
12c5ce9b42.jpg,photo_to_monet (B2A),../checkpoints/ckpt_final.pt,9,256
12c65cd54c.jpg,photo_to_monet (B2A),../checkpoints/ckpt_final.pt,9,256
12cb4d2917.jpg,photo_to_monet (B2A),../checkpoints/ckpt_final.pt,9,256
12cc0ffc15.jpg,photo_to_monet (B2A),../checkpoints/ckpt_final.pt,9,256
12d0476b93.jpg,photo_to_monet (B2A),../checkpoints/ckpt_final.pt,9,256
12e9b80b70.jpg,photo_to_monet (B2A),../checkpoints/ckpt_final.pt,9,256
12f09c6efe.jpg,photo_to_monet (B2A),../checkpoints/ckpt_final.pt,9,256
12f74378d4.jpg,photo_to_monet (B2A),../checkpoints/ckpt_final.pt,9,256
12f9c1a7b5.jpg,photo_to_monet (B2A),../checkpoints/ckpt_final.pt,9,256
13048dfacf.jpg,photo_to_monet (B2A),../checkpoints/ckpt_final.pt,9,256
13173bc6b5.jpg,photo_to_monet (B2A),../checkpoints/ckpt_final.pt,9,256
13219b2462.jpg,photo_to_monet (B2A),../checkpoints/ckpt_final.pt,9,256
13328c1504.jpg,photo_to_monet (B2A),../checkpoints/ckpt_final.pt,9,256
133adbd41e.jpg,photo_to_monet (B2A),../checkpoints/ckpt_final.pt,9,256
134f611db2.jpg,photo_to_monet (B2A),../checkpoints/ckpt_final.pt,9,256
1355735108.jpg,photo_to_monet (B2A),../checkpoints/ckpt_final.pt,9,256
1363fc8268.jpg,photo_to_monet (B2A),../checkpoints/ckpt_final.pt,9,256
1365922bc1.jpg,photo_to_monet (B2A),../checkpoints/ckpt_final.pt,9,256
13671d11f9.jpg,photo_to_monet (B2A),../checkpoints/ckpt_final.pt,9,256
1379cdd516.jpg,photo_to_monet (B2A),../checkpoints/ckpt_final.pt,9,256
13829b20dd.jpg,photo_to_monet (B2A),../checkpoints/ckpt_final.pt,9,256
13888541b7.jpg,photo_to_monet (B2A),../checkpoints/ckpt_final.pt,9,256
13892d15e5.jpg,photo_to_monet (B2A),../checkpoints/ckpt_final.pt,9,256
138a069c6c.jpg,photo_to_monet (B2A),../checkpoints/ckpt_final.pt,9,256
138c350c89.jpg,photo_to_monet (B2A),../checkpoints/ckpt_final.pt,9,256
13bbd45d01.jpg,photo_to_monet (B2A),../checkpoints/ckpt_final.pt,9,256
13c0555eab.jpg,photo_to_monet (B2A),../checkpoints/ckpt_final.pt,9,256
13c3b0e711.jpg,photo_to_monet (B2A),../checkpoints/ckpt_final.pt,9,256
13e3480e01.jpg,photo_to_monet (B2A),../checkpoints/ckpt_final.pt,9,256
13f4f7168a.jpg,photo_to_monet (B2A),../checkpoints/ckpt_final.pt,9,256
13fec527bb.jpg,photo_to_monet (B2A),../checkpoints/ckpt_final.pt,9,256
140f195fbc.jpg,photo_to_monet (B2A),../checkpoints/ckpt_final.pt,9,256
14135c74d7.jpg,photo_to_monet (B2A),../checkpoints/ckpt_final.pt,9,256
141ade2afb.jpg,photo_to_monet (B2A),../checkpoints/ckpt_final.pt,9,256
1421d11393.jpg,photo_to_monet (B2A),../checkpoints/ckpt_final.pt,9,256
142cda27d9.jpg,photo_to_monet (B2A),../checkpoints/ckpt_final.pt,9,256
1432b7355d.jpg,photo_to_monet (B2A),../checkpoints/ckpt_final.pt,9,256
1437a4d5f9.jpg,photo_to_monet (B2A),../checkpoints/ckpt_final.pt,9,256
1444ac5586.jpg,photo_to_monet (B2A),../checkpoints/ckpt_final.pt,9,256
1451c82e2f.jpg,photo_to_monet (B2A),../checkpoints/ckpt_final.pt,9,256
1467b3a6ac.jpg,photo_to_monet (B2A),../checkpoints/ckpt_final.pt,9,256
1476b02998.jpg,photo_to_monet (B2A),../checkpoints/ckpt_final.pt,9,256
14804e18f9.jpg,photo_to_monet (B2A),../checkpoints/ckpt_final.pt,9,256
14860c3bed.jpg,photo_to_monet (B2A),../checkpoints/ckpt_final.pt,9,256
1491d9367b.jpg,photo_to_monet (B2A),../checkpoints/ckpt_final.pt,9,256
1499400929.jpg,photo_to_monet (B2A),../checkpoints/ckpt_final.pt,9,256
149e367310.jpg,photo_to_monet (B2A),../checkpoints/ckpt_final.pt,9,256
14a7686f98.jpg,photo_to_monet (B2A),../checkpoints/ckpt_final.pt,9,256
14a95bb688.jpg,photo_to_monet (B2A),../checkpoints/ckpt_final.pt,9,256
14ac55e78e.jpg,photo_to_monet (B2A),../checkpoints/ckpt_final.pt,9,256
14b92a85f3.jpg,photo_to_monet (B2A),../checkpoints/ckpt_final.pt,9,256
14bcc3cdad.jpg,photo_to_monet (B2A),../checkpoints/ckpt_final.pt,9,256
14c0e95507.jpg,photo_to_monet (B2A),../checkpoints/ckpt_final.pt,9,256
14c38e1c2e.jpg,photo_to_monet (B2A),../checkpoints/ckpt_final.pt,9,256
14fa7a9b31.jpg,photo_to_monet (B2A),../checkpoints/ckpt_final.pt,9,256
14fe889824.jpg,photo_to_monet (B2A),../checkpoints/ckpt_final.pt,9,256
151cb3c6ff.jpg,photo_to_monet (B2A),../checkpoints/ckpt_final.pt,9,256
1531eae642.jpg,photo_to_monet (B2A),../checkpoints/ckpt_final.pt,9,256
153bb660da.jpg,photo_to_monet (B2A),../checkpoints/ckpt_final.pt,9,256
153e1ec171.jpg,photo_to_monet (B2A),../checkpoints/ckpt_final.pt,9,256
153f59d4cb.jpg,photo_to_monet (B2A),../checkpoints/ckpt_final.pt,9,256
156540ebe1.jpg,photo_to_monet (B2A),../checkpoints/ckpt_final.pt,9,256
1569489edb.jpg,photo_to_monet (B2A),../checkpoints/ckpt_final.pt,9,256
156cf5822e.jpg,photo_to_monet (B2A),../checkpoints/ckpt_final.pt,9,256
15769de345.jpg,photo_to_monet (B2A),../checkpoints/ckpt_final.pt,9,256
157ee68b71.jpg,photo_to_monet (B2A),../checkpoints/ckpt_final.pt,9,256
1581f3755e.jpg,photo_to_monet (B2A),../checkpoints/ckpt_final.pt,9,256
1582ec589d.jpg,photo_to_monet (B2A),../checkpoints/ckpt_final.pt,9,256
159b3f002f.jpg,photo_to_monet (B2A),../checkpoints/ckpt_final.pt,9,256
159baa9c2b.jpg,photo_to_monet (B2A),../checkpoints/ckpt_final.pt,9,256
159c19456b.jpg,photo_to_monet (B2A),../checkpoints/ckpt_final.pt,9,256
159e0baf13.jpg,photo_to_monet (B2A),../checkpoints/ckpt_final.pt,9,256
15a51e4dbe.jpg,photo_to_monet (B2A),../checkpoints/ckpt_final.pt,9,256
15a9b54b5f.jpg,photo_to_monet (B2A),../checkpoints/ckpt_final.pt,9,256
15abe5af92.jpg,photo_to_monet (B2A),../checkpoints/ckpt_final.pt,9,256
15b1f01b86.jpg,photo_to_monet (B2A),../checkpoints/ckpt_final.pt,9,256
15b9563151.jpg,photo_to_monet (B2A),../checkpoints/ckpt_final.pt,9,256
15cb21df1a.jpg,photo_to_monet (B2A),../checkpoints/ckpt_final.pt,9,256
15cca6975b.jpg,photo_to_monet (B2A),../checkpoints/ckpt_final.pt,9,256
15d8655b4f.jpg,photo_to_monet (B2A),../checkpoints/ckpt_final.pt,9,256
15f7238855.jpg,photo_to_monet (B2A),../checkpoints/ckpt_final.pt,9,256
15f862b305.jpg,photo_to_monet (B2A),../checkpoints/ckpt_final.pt,9,256
160c560e5e.jpg,photo_to_monet (B2A),../checkpoints/ckpt_final.pt,9,256
160d920b63.jpg,photo_to_monet (B2A),../checkpoints/ckpt_final.pt,9,256
1615de2bd0.jpg,photo_to_monet (B2A),../checkpoints/ckpt_final.pt,9,256
161b3c519e.jpg,photo_to_monet (B2A),../checkpoints/ckpt_final.pt,9,256
163669cbd0.jpg,photo_to_monet (B2A),../checkpoints/ckpt_final.pt,9,256
164492cfa7.jpg,photo_to_monet (B2A),../checkpoints/ckpt_final.pt,9,256
1645d08cab.jpg,photo_to_monet (B2A),../checkpoints/ckpt_final.pt,9,256
164ebc7900.jpg,photo_to_monet (B2A),../checkpoints/ckpt_final.pt,9,256
165dfb6cd0.jpg,photo_to_monet (B2A),../checkpoints/ckpt_final.pt,9,256
1665a48def.jpg,photo_to_monet (B2A),../checkpoints/ckpt_final.pt,9,256
1675879297.jpg,photo_to_monet (B2A),../checkpoints/ckpt_final.pt,9,256
1676f96061.jpg,photo_to_monet (B2A),../checkpoints/ckpt_final.pt,9,256
1688783462.jpg,photo_to_monet (B2A),../checkpoints/ckpt_final.pt,9,256
1694e5637b.jpg,photo_to_monet (B2A),../checkpoints/ckpt_final.pt,9,256
16963c4f89.jpg,photo_to_monet (B2A),../checkpoints/ckpt_final.pt,9,256
169c381352.jpg,photo_to_monet (B2A),../checkpoints/ckpt_final.pt,9,256
169f8a8503.jpg,photo_to_monet (B2A),../checkpoints/ckpt_final.pt,9,256
16a0c8ed23.jpg,photo_to_monet (B2A),../checkpoints/ckpt_final.pt,9,256
16a3dd9695.jpg,photo_to_monet (B2A),../checkpoints/ckpt_final.pt,9,256
16a666edff.jpg,photo_to_monet (B2A),../checkpoints/ckpt_final.pt,9,256
16a7a9fc44.jpg,photo_to_monet (B2A),../checkpoints/ckpt_final.pt,9,256
16ab6bc622.jpg,photo_to_monet (B2A),../checkpoints/ckpt_final.pt,9,256
16b3067a86.jpg,photo_to_monet (B2A),../checkpoints/ckpt_final.pt,9,256
16b3ea1e00.jpg,photo_to_monet (B2A),../checkpoints/ckpt_final.pt,9,256
16b74bd37f.jpg,photo_to_monet (B2A),../checkpoints/ckpt_final.pt,9,256
16c119b3c7.jpg,photo_to_monet (B2A),../checkpoints/ckpt_final.pt,9,256
16cd6cbc68.jpg,photo_to_monet (B2A),../checkpoints/ckpt_final.pt,9,256
16d8cafb5b.jpg,photo_to_monet (B2A),../checkpoints/ckpt_final.pt,9,256
16d9624078.jpg,photo_to_monet (B2A),../checkpoints/ckpt_final.pt,9,256
16de17a9aa.jpg,photo_to_monet (B2A),../checkpoints/ckpt_final.pt,9,256
16de6b603c.jpg,photo_to_monet (B2A),../checkpoints/ckpt_final.pt,9,256
16ded6f738.jpg,photo_to_monet (B2A),../checkpoints/ckpt_final.pt,9,256
16dff1b77f.jpg,photo_to_monet (B2A),../checkpoints/ckpt_final.pt,9,256
16e764f509.jpg,photo_to_monet (B2A),../checkpoints/ckpt_final.pt,9,256
16f0c49f22.jpg,photo_to_monet (B2A),../checkpoints/ckpt_final.pt,9,256
16f3703756.jpg,photo_to_monet (B2A),../checkpoints/ckpt_final.pt,9,256
1701c26348.jpg,photo_to_monet (B2A),../checkpoints/ckpt_final.pt,9,256
17028b1e92.jpg,photo_to_monet (B2A),../checkpoints/ckpt_final.pt,9,256
170434d3dd.jpg,photo_to_monet (B2A),../checkpoints/ckpt_final.pt,9,256
170dbca136.jpg,photo_to_monet (B2A),../checkpoints/ckpt_final.pt,9,256
17167ea036.jpg,photo_to_monet (B2A),../checkpoints/ckpt_final.pt,9,256
172a0707b2.jpg,photo_to_monet (B2A),../checkpoints/ckpt_final.pt,9,256
17315bdc5b.jpg,photo_to_monet (B2A),../checkpoints/ckpt_final.pt,9,256
1735a91a3d.jpg,photo_to_monet (B2A),../checkpoints/ckpt_final.pt,9,256
17398e5a2a.jpg,photo_to_monet (B2A),../checkpoints/ckpt_final.pt,9,256
17499b0283.jpg,photo_to_monet (B2A),../checkpoints/ckpt_final.pt,9,256
174ded9426.jpg,photo_to_monet (B2A),../checkpoints/ckpt_final.pt,9,256
174f0355a6.jpg,photo_to_monet (B2A),../checkpoints/ckpt_final.pt,9,256
17592a1017.jpg,photo_to_monet (B2A),../checkpoints/ckpt_final.pt,9,256
176050474a.jpg,photo_to_monet (B2A),../checkpoints/ckpt_final.pt,9,256
1764393c0e.jpg,photo_to_monet (B2A),../checkpoints/ckpt_final.pt,9,256
17674de2d5.jpg,photo_to_monet (B2A),../checkpoints/ckpt_final.pt,9,256
176bec46aa.jpg,photo_to_monet (B2A),../checkpoints/ckpt_final.pt,9,256
176d0e5c75.jpg,photo_to_monet (B2A),../checkpoints/ckpt_final.pt,9,256
1771b7c478.jpg,photo_to_monet (B2A),../checkpoints/ckpt_final.pt,9,256
1774482049.jpg,photo_to_monet (B2A),../checkpoints/ckpt_final.pt,9,256
1779a8225f.jpg,photo_to_monet (B2A),../checkpoints/ckpt_final.pt,9,256
1789a61138.jpg,photo_to_monet (B2A),../checkpoints/ckpt_final.pt,9,256
178d33e084.jpg,photo_to_monet (B2A),../checkpoints/ckpt_final.pt,9,256
17924dd78d.jpg,photo_to_monet (B2A),../checkpoints/ckpt_final.pt,9,256
179af606cb.jpg,photo_to_monet (B2A),../checkpoints/ckpt_final.pt,9,256
17a199a709.jpg,photo_to_monet (B2A),../checkpoints/ckpt_final.pt,9,256
17a8bd8ba4.jpg,photo_to_monet (B2A),../checkpoints/ckpt_final.pt,9,256
17b7569c29.jpg,photo_to_monet (B2A),../checkpoints/ckpt_final.pt,9,256
17c8c9072a.jpg,photo_to_monet (B2A),../checkpoints/ckpt_final.pt,9,256
17ce3a201d.jpg,photo_to_monet (B2A),../checkpoints/ckpt_final.pt,9,256
17cf077f45.jpg,photo_to_monet (B2A),../checkpoints/ckpt_final.pt,9,256
17d4e23d9f.jpg,photo_to_monet (B2A),../checkpoints/ckpt_final.pt,9,256
17d896fd14.jpg,photo_to_monet (B2A),../checkpoints/ckpt_final.pt,9,256
17dbf8cf56.jpg,photo_to_monet (B2A),../checkpoints/ckpt_final.pt,9,256
17e149928d.jpg,photo_to_monet (B2A),../checkpoints/ckpt_final.pt,9,256
17eb22711b.jpg,photo_to_monet (B2A),../checkpoints/ckpt_final.pt,9,256
17f8f4d5d9.jpg,photo_to_monet (B2A),../checkpoints/ckpt_final.pt,9,256
17f92dd71b.jpg,photo_to_monet (B2A),../checkpoints/ckpt_final.pt,9,256
180e1881bc.jpg,photo_to_monet (B2A),../checkpoints/ckpt_final.pt,9,256
18162a62a3.jpg,photo_to_monet (B2A),../checkpoints/ckpt_final.pt,9,256
181a53c38a.jpg,photo_to_monet (B2A),../checkpoints/ckpt_final.pt,9,256
181f424335.jpg,photo_to_monet (B2A),../checkpoints/ckpt_final.pt,9,256
182690bc45.jpg,photo_to_monet (B2A),../checkpoints/ckpt_final.pt,9,256
182846af47.jpg,photo_to_monet (B2A),../checkpoints/ckpt_final.pt,9,256
1838bcc8fa.jpg,photo_to_monet (B2A),../checkpoints/ckpt_final.pt,9,256
184a433ce3.jpg,photo_to_monet (B2A),../checkpoints/ckpt_final.pt,9,256
185f8da469.jpg,photo_to_monet (B2A),../checkpoints/ckpt_final.pt,9,256
186035e2a8.jpg,photo_to_monet (B2A),../checkpoints/ckpt_final.pt,9,256
1866c56f7a.jpg,photo_to_monet (B2A),../checkpoints/ckpt_final.pt,9,256
186e98dcb8.jpg,photo_to_monet (B2A),../checkpoints/ckpt_final.pt,9,256
1883fcfb3e.jpg,photo_to_monet (B2A),../checkpoints/ckpt_final.pt,9,256
1884a2a37d.jpg,photo_to_monet (B2A),../checkpoints/ckpt_final.pt,9,256
18880e913d.jpg,photo_to_monet (B2A),../checkpoints/ckpt_final.pt,9,256
188b7f6310.jpg,photo_to_monet (B2A),../checkpoints/ckpt_final.pt,9,256
1893ce79ce.jpg,photo_to_monet (B2A),../checkpoints/ckpt_final.pt,9,256
1894c178ea.jpg,photo_to_monet (B2A),../checkpoints/ckpt_final.pt,9,256
1897b7b118.jpg,photo_to_monet (B2A),../checkpoints/ckpt_final.pt,9,256
189ae3f5a7.jpg,photo_to_monet (B2A),../checkpoints/ckpt_final.pt,9,256
189ee6859e.jpg,photo_to_monet (B2A),../checkpoints/ckpt_final.pt,9,256
18a275b358.jpg,photo_to_monet (B2A),../checkpoints/ckpt_final.pt,9,256
18a4ee0991.jpg,photo_to_monet (B2A),../checkpoints/ckpt_final.pt,9,256
18aca60c06.jpg,photo_to_monet (B2A),../checkpoints/ckpt_final.pt,9,256
18ae840f5d.jpg,photo_to_monet (B2A),../checkpoints/ckpt_final.pt,9,256
18b2d7a2ef.jpg,photo_to_monet (B2A),../checkpoints/ckpt_final.pt,9,256
18c6b5b73b.jpg,photo_to_monet (B2A),../checkpoints/ckpt_final.pt,9,256
18ca544c78.jpg,photo_to_monet (B2A),../checkpoints/ckpt_final.pt,9,256
18e384cfff.jpg,photo_to_monet (B2A),../checkpoints/ckpt_final.pt,9,256
18e571a627.jpg,photo_to_monet (B2A),../checkpoints/ckpt_final.pt,9,256
18ea7c98b1.jpg,photo_to_monet (B2A),../checkpoints/ckpt_final.pt,9,256
190633c073.jpg,photo_to_monet (B2A),../checkpoints/ckpt_final.pt,9,256
1912f08cb1.jpg,photo_to_monet (B2A),../checkpoints/ckpt_final.pt,9,256
19182d3849.jpg,photo_to_monet (B2A),../checkpoints/ckpt_final.pt,9,256
1921b26eea.jpg,photo_to_monet (B2A),../checkpoints/ckpt_final.pt,9,256
1925109fdd.jpg,photo_to_monet (B2A),../checkpoints/ckpt_final.pt,9,256
192682abdf.jpg,photo_to_monet (B2A),../checkpoints/ckpt_final.pt,9,256
192caaa1bf.jpg,photo_to_monet (B2A),../checkpoints/ckpt_final.pt,9,256
1936e1dcb4.jpg,photo_to_monet (B2A),../checkpoints/ckpt_final.pt,9,256
193b4cdb27.jpg,photo_to_monet (B2A),../checkpoints/ckpt_final.pt,9,256
193f3266fb.jpg,photo_to_monet (B2A),../checkpoints/ckpt_final.pt,9,256
194bb9f6ed.jpg,photo_to_monet (B2A),../checkpoints/ckpt_final.pt,9,256
19525a17e2.jpg,photo_to_monet (B2A),../checkpoints/ckpt_final.pt,9,256
19592a5fbf.jpg,photo_to_monet (B2A),../checkpoints/ckpt_final.pt,9,256
1960283fd5.jpg,photo_to_monet (B2A),../checkpoints/ckpt_final.pt,9,256
1966101984.jpg,photo_to_monet (B2A),../checkpoints/ckpt_final.pt,9,256
196a6875a7.jpg,photo_to_monet (B2A),../checkpoints/ckpt_final.pt,9,256
196e2c07aa.jpg,photo_to_monet (B2A),../checkpoints/ckpt_final.pt,9,256
1970faab6a.jpg,photo_to_monet (B2A),../checkpoints/ckpt_final.pt,9,256
1977b66f96.jpg,photo_to_monet (B2A),../checkpoints/ckpt_final.pt,9,256
197dc21bdb.jpg,photo_to_monet (B2A),../checkpoints/ckpt_final.pt,9,256
19801ae9ab.jpg,photo_to_monet (B2A),../checkpoints/ckpt_final.pt,9,256
1986fa52f5.jpg,photo_to_monet (B2A),../checkpoints/ckpt_final.pt,9,256
198cad00d4.jpg,photo_to_monet (B2A),../checkpoints/ckpt_final.pt,9,256
19918a1d5c.jpg,photo_to_monet (B2A),../checkpoints/ckpt_final.pt,9,256
1998700449.jpg,photo_to_monet (B2A),../checkpoints/ckpt_final.pt,9,256
1999225d11.jpg,photo_to_monet (B2A),../checkpoints/ckpt_final.pt,9,256
199a3e859f.jpg,photo_to_monet (B2A),../checkpoints/ckpt_final.pt,9,256
199d0b8782.jpg,photo_to_monet (B2A),../checkpoints/ckpt_final.pt,9,256
19a7361b2a.jpg,photo_to_monet (B2A),../checkpoints/ckpt_final.pt,9,256
19b0fbeba0.jpg,photo_to_monet (B2A),../checkpoints/ckpt_final.pt,9,256
19b944dbbf.jpg,photo_to_monet (B2A),../checkpoints/ckpt_final.pt,9,256
19b98e5663.jpg,photo_to_monet (B2A),../checkpoints/ckpt_final.pt,9,256
19bad1225f.jpg,photo_to_monet (B2A),../checkpoints/ckpt_final.pt,9,256
19bd14d30e.jpg,photo_to_monet (B2A),../checkpoints/ckpt_final.pt,9,256
19be535e5f.jpg,photo_to_monet (B2A),../checkpoints/ckpt_final.pt,9,256
19c277c363.jpg,photo_to_monet (B2A),../checkpoints/ckpt_final.pt,9,256
19c8301d67.jpg,photo_to_monet (B2A),../checkpoints/ckpt_final.pt,9,256
19e7940d94.jpg,photo_to_monet (B2A),../checkpoints/ckpt_final.pt,9,256
19e8b9b328.jpg,photo_to_monet (B2A),../checkpoints/ckpt_final.pt,9,256
1a23085db7.jpg,photo_to_monet (B2A),../checkpoints/ckpt_final.pt,9,256
1a2542d28b.jpg,photo_to_monet (B2A),../checkpoints/ckpt_final.pt,9,256
1a25f82753.jpg,photo_to_monet (B2A),../checkpoints/ckpt_final.pt,9,256
1a27cb4cba.jpg,photo_to_monet (B2A),../checkpoints/ckpt_final.pt,9,256
1a2cd9ea8c.jpg,photo_to_monet (B2A),../checkpoints/ckpt_final.pt,9,256
1a3b1a3da9.jpg,photo_to_monet (B2A),../checkpoints/ckpt_final.pt,9,256
1a4213d2ce.jpg,photo_to_monet (B2A),../checkpoints/ckpt_final.pt,9,256
1a4491cef2.jpg,photo_to_monet (B2A),../checkpoints/ckpt_final.pt,9,256
1a45b8c270.jpg,photo_to_monet (B2A),../checkpoints/ckpt_final.pt,9,256
1a5041d9ed.jpg,photo_to_monet (B2A),../checkpoints/ckpt_final.pt,9,256
1a5cf3b632.jpg,photo_to_monet (B2A),../checkpoints/ckpt_final.pt,9,256
1a6013cba4.jpg,photo_to_monet (B2A),../checkpoints/ckpt_final.pt,9,256
1a61870a06.jpg,photo_to_monet (B2A),../checkpoints/ckpt_final.pt,9,256
1a6b4e9e13.jpg,photo_to_monet (B2A),../checkpoints/ckpt_final.pt,9,256
1a7af9964c.jpg,photo_to_monet (B2A),../checkpoints/ckpt_final.pt,9,256
1a8633fbb9.jpg,photo_to_monet (B2A),../checkpoints/ckpt_final.pt,9,256
1a892680fb.jpg,photo_to_monet (B2A),../checkpoints/ckpt_final.pt,9,256
1a8c1a7995.jpg,photo_to_monet (B2A),../checkpoints/ckpt_final.pt,9,256
1a8c9e6c4c.jpg,photo_to_monet (B2A),../checkpoints/ckpt_final.pt,9,256
1aa0d1c558.jpg,photo_to_monet (B2A),../checkpoints/ckpt_final.pt,9,256
1aa8abd685.jpg,photo_to_monet (B2A),../checkpoints/ckpt_final.pt,9,256
1ac1673452.jpg,photo_to_monet (B2A),../checkpoints/ckpt_final.pt,9,256
1ac35e7dc8.jpg,photo_to_monet (B2A),../checkpoints/ckpt_final.pt,9,256
1ac5876376.jpg,photo_to_monet (B2A),../checkpoints/ckpt_final.pt,9,256
1acb4c14ce.jpg,photo_to_monet (B2A),../checkpoints/ckpt_final.pt,9,256
1acb4d1d54.jpg,photo_to_monet (B2A),../checkpoints/ckpt_final.pt,9,256
1ad17703ce.jpg,photo_to_monet (B2A),../checkpoints/ckpt_final.pt,9,256
1ad8701262.jpg,photo_to_monet (B2A),../checkpoints/ckpt_final.pt,9,256
1ae03b00e7.jpg,photo_to_monet (B2A),../checkpoints/ckpt_final.pt,9,256
1ae342cd57.jpg,photo_to_monet (B2A),../checkpoints/ckpt_final.pt,9,256
1b062b66a7.jpg,photo_to_monet (B2A),../checkpoints/ckpt_final.pt,9,256
1b118a066b.jpg,photo_to_monet (B2A),../checkpoints/ckpt_final.pt,9,256
1b129b65db.jpg,photo_to_monet (B2A),../checkpoints/ckpt_final.pt,9,256
1b12cf626f.jpg,photo_to_monet (B2A),../checkpoints/ckpt_final.pt,9,256
1b3e398db7.jpg,photo_to_monet (B2A),../checkpoints/ckpt_final.pt,9,256
1b4e94ffbd.jpg,photo_to_monet (B2A),../checkpoints/ckpt_final.pt,9,256
1b4f115bdd.jpg,photo_to_monet (B2A),../checkpoints/ckpt_final.pt,9,256
1b5e8cedda.jpg,photo_to_monet (B2A),../checkpoints/ckpt_final.pt,9,256
1b66416060.jpg,photo_to_monet (B2A),../checkpoints/ckpt_final.pt,9,256
1b6a1a7e94.jpg,photo_to_monet (B2A),../checkpoints/ckpt_final.pt,9,256
1b6d7b4e65.jpg,photo_to_monet (B2A),../checkpoints/ckpt_final.pt,9,256
1b72549327.jpg,photo_to_monet (B2A),../checkpoints/ckpt_final.pt,9,256
1b770229f3.jpg,photo_to_monet (B2A),../checkpoints/ckpt_final.pt,9,256
1b961a3a39.jpg,photo_to_monet (B2A),../checkpoints/ckpt_final.pt,9,256
1b98321823.jpg,photo_to_monet (B2A),../checkpoints/ckpt_final.pt,9,256
1b987c577e.jpg,photo_to_monet (B2A),../checkpoints/ckpt_final.pt,9,256
1baa6a3895.jpg,photo_to_monet (B2A),../checkpoints/ckpt_final.pt,9,256
1baf74b1a7.jpg,photo_to_monet (B2A),../checkpoints/ckpt_final.pt,9,256
1bb75f970a.jpg,photo_to_monet (B2A),../checkpoints/ckpt_final.pt,9,256
1bb8674fbf.jpg,photo_to_monet (B2A),../checkpoints/ckpt_final.pt,9,256
1bba0654b7.jpg,photo_to_monet (B2A),../checkpoints/ckpt_final.pt,9,256
1bbaea3e6b.jpg,photo_to_monet (B2A),../checkpoints/ckpt_final.pt,9,256
1bc105b0b9.jpg,photo_to_monet (B2A),../checkpoints/ckpt_final.pt,9,256
1bc290729f.jpg,photo_to_monet (B2A),../checkpoints/ckpt_final.pt,9,256
1bc9fc642d.jpg,photo_to_monet (B2A),../checkpoints/ckpt_final.pt,9,256
1bccaf17e5.jpg,photo_to_monet (B2A),../checkpoints/ckpt_final.pt,9,256
1bd527d6a0.jpg,photo_to_monet (B2A),../checkpoints/ckpt_final.pt,9,256
1bd7be0503.jpg,photo_to_monet (B2A),../checkpoints/ckpt_final.pt,9,256
1bd8b4f799.jpg,photo_to_monet (B2A),../checkpoints/ckpt_final.pt,9,256
1be016515b.jpg,photo_to_monet (B2A),../checkpoints/ckpt_final.pt,9,256
1be0fa86b5.jpg,photo_to_monet (B2A),../checkpoints/ckpt_final.pt,9,256
1be6584349.jpg,photo_to_monet (B2A),../checkpoints/ckpt_final.pt,9,256
1bf60182b2.jpg,photo_to_monet (B2A),../checkpoints/ckpt_final.pt,9,256
1c0ea0fe1b.jpg,photo_to_monet (B2A),../checkpoints/ckpt_final.pt,9,256
1c1f697d7e.jpg,photo_to_monet (B2A),../checkpoints/ckpt_final.pt,9,256
1c3c1aca33.jpg,photo_to_monet (B2A),../checkpoints/ckpt_final.pt,9,256
1c434baf43.jpg,photo_to_monet (B2A),../checkpoints/ckpt_final.pt,9,256
1c4de511e1.jpg,photo_to_monet (B2A),../checkpoints/ckpt_final.pt,9,256
1c5cc22c2c.jpg,photo_to_monet (B2A),../checkpoints/ckpt_final.pt,9,256
1c5ce714cc.jpg,photo_to_monet (B2A),../checkpoints/ckpt_final.pt,9,256
1c64f657f4.jpg,photo_to_monet (B2A),../checkpoints/ckpt_final.pt,9,256
1c69470718.jpg,photo_to_monet (B2A),../checkpoints/ckpt_final.pt,9,256
1c6eed59f5.jpg,photo_to_monet (B2A),../checkpoints/ckpt_final.pt,9,256
1c707e6132.jpg,photo_to_monet (B2A),../checkpoints/ckpt_final.pt,9,256
1c75256206.jpg,photo_to_monet (B2A),../checkpoints/ckpt_final.pt,9,256
1c7b3cdedc.jpg,photo_to_monet (B2A),../checkpoints/ckpt_final.pt,9,256
1c807fee79.jpg,photo_to_monet (B2A),../checkpoints/ckpt_final.pt,9,256
1c84f1179c.jpg,photo_to_monet (B2A),../checkpoints/ckpt_final.pt,9,256
1c863100b1.jpg,photo_to_monet (B2A),../checkpoints/ckpt_final.pt,9,256
1c88080a3f.jpg,photo_to_monet (B2A),../checkpoints/ckpt_final.pt,9,256
1c95a45486.jpg,photo_to_monet (B2A),../checkpoints/ckpt_final.pt,9,256
1cb96210e6.jpg,photo_to_monet (B2A),../checkpoints/ckpt_final.pt,9,256
1cb9d045d8.jpg,photo_to_monet (B2A),../checkpoints/ckpt_final.pt,9,256
1cc26c48b8.jpg,photo_to_monet (B2A),../checkpoints/ckpt_final.pt,9,256
1cd5acea15.jpg,photo_to_monet (B2A),../checkpoints/ckpt_final.pt,9,256
1cdb990c46.jpg,photo_to_monet (B2A),../checkpoints/ckpt_final.pt,9,256
1ce3cb350d.jpg,photo_to_monet (B2A),../checkpoints/ckpt_final.pt,9,256
1cea1bf43d.jpg,photo_to_monet (B2A),../checkpoints/ckpt_final.pt,9,256
1cf711c1d1.jpg,photo_to_monet (B2A),../checkpoints/ckpt_final.pt,9,256
1cfe6aba33.jpg,photo_to_monet (B2A),../checkpoints/ckpt_final.pt,9,256
1d0aecbd16.jpg,photo_to_monet (B2A),../checkpoints/ckpt_final.pt,9,256
1d0f76765b.jpg,photo_to_monet (B2A),../checkpoints/ckpt_final.pt,9,256
1d17249a0f.jpg,photo_to_monet (B2A),../checkpoints/ckpt_final.pt,9,256
1d19c4bc7e.jpg,photo_to_monet (B2A),../checkpoints/ckpt_final.pt,9,256
1d205c56c5.jpg,photo_to_monet (B2A),../checkpoints/ckpt_final.pt,9,256
1d3446f22b.jpg,photo_to_monet (B2A),../checkpoints/ckpt_final.pt,9,256
1d38a9bee0.jpg,photo_to_monet (B2A),../checkpoints/ckpt_final.pt,9,256
1d3fb25bad.jpg,photo_to_monet (B2A),../checkpoints/ckpt_final.pt,9,256
1d40d5d6ca.jpg,photo_to_monet (B2A),../checkpoints/ckpt_final.pt,9,256
1d44f79c1c.jpg,photo_to_monet (B2A),../checkpoints/ckpt_final.pt,9,256
1d46709e18.jpg,photo_to_monet (B2A),../checkpoints/ckpt_final.pt,9,256
1d53ac5a9f.jpg,photo_to_monet (B2A),../checkpoints/ckpt_final.pt,9,256
1d57118b49.jpg,photo_to_monet (B2A),../checkpoints/ckpt_final.pt,9,256
1d584ad062.jpg,photo_to_monet (B2A),../checkpoints/ckpt_final.pt,9,256
1d5aa09f6b.jpg,photo_to_monet (B2A),../checkpoints/ckpt_final.pt,9,256
1d5c4b80c6.jpg,photo_to_monet (B2A),../checkpoints/ckpt_final.pt,9,256
1d5cf63313.jpg,photo_to_monet (B2A),../checkpoints/ckpt_final.pt,9,256
1d5d4a0729.jpg,photo_to_monet (B2A),../checkpoints/ckpt_final.pt,9,256
1d640e96a3.jpg,photo_to_monet (B2A),../checkpoints/ckpt_final.pt,9,256
1d67aef6c9.jpg,photo_to_monet (B2A),../checkpoints/ckpt_final.pt,9,256
1d726a097f.jpg,photo_to_monet (B2A),../checkpoints/ckpt_final.pt,9,256
1d76ab1c0c.jpg,photo_to_monet (B2A),../checkpoints/ckpt_final.pt,9,256
1d79ab97ec.jpg,photo_to_monet (B2A),../checkpoints/ckpt_final.pt,9,256
1d7d8ff0ac.jpg,photo_to_monet (B2A),../checkpoints/ckpt_final.pt,9,256
1d8a6d18f1.jpg,photo_to_monet (B2A),../checkpoints/ckpt_final.pt,9,256
1d939cb782.jpg,photo_to_monet (B2A),../checkpoints/ckpt_final.pt,9,256
1d971deb73.jpg,photo_to_monet (B2A),../checkpoints/ckpt_final.pt,9,256
1da3631b3f.jpg,photo_to_monet (B2A),../checkpoints/ckpt_final.pt,9,256
1da538235f.jpg,photo_to_monet (B2A),../checkpoints/ckpt_final.pt,9,256
1da6888f64.jpg,photo_to_monet (B2A),../checkpoints/ckpt_final.pt,9,256
1dafe2cf42.jpg,photo_to_monet (B2A),../checkpoints/ckpt_final.pt,9,256
1db0b33747.jpg,photo_to_monet (B2A),../checkpoints/ckpt_final.pt,9,256
1dba9a48ae.jpg,photo_to_monet (B2A),../checkpoints/ckpt_final.pt,9,256
1dbbe43952.jpg,photo_to_monet (B2A),../checkpoints/ckpt_final.pt,9,256
1dc32da064.jpg,photo_to_monet (B2A),../checkpoints/ckpt_final.pt,9,256
1dc335fcac.jpg,photo_to_monet (B2A),../checkpoints/ckpt_final.pt,9,256
1dc3833078.jpg,photo_to_monet (B2A),../checkpoints/ckpt_final.pt,9,256
1dc3a7de89.jpg,photo_to_monet (B2A),../checkpoints/ckpt_final.pt,9,256
1dcbd84c73.jpg,photo_to_monet (B2A),../checkpoints/ckpt_final.pt,9,256
1dd0ec3618.jpg,photo_to_monet (B2A),../checkpoints/ckpt_final.pt,9,256
1dda02098b.jpg,photo_to_monet (B2A),../checkpoints/ckpt_final.pt,9,256
1de54dbad6.jpg,photo_to_monet (B2A),../checkpoints/ckpt_final.pt,9,256
1df4ff0436.jpg,photo_to_monet (B2A),../checkpoints/ckpt_final.pt,9,256
1dfa5b2910.jpg,photo_to_monet (B2A),../checkpoints/ckpt_final.pt,9,256
1dfe2f3b46.jpg,photo_to_monet (B2A),../checkpoints/ckpt_final.pt,9,256
1e39d0e97c.jpg,photo_to_monet (B2A),../checkpoints/ckpt_final.pt,9,256
1e3a931f96.jpg,photo_to_monet (B2A),../checkpoints/ckpt_final.pt,9,256
1e4ccca31e.jpg,photo_to_monet (B2A),../checkpoints/ckpt_final.pt,9,256
1e56d7de95.jpg,photo_to_monet (B2A),../checkpoints/ckpt_final.pt,9,256
1e59228328.jpg,photo_to_monet (B2A),../checkpoints/ckpt_final.pt,9,256
1e66879f90.jpg,photo_to_monet (B2A),../checkpoints/ckpt_final.pt,9,256
1e74d0da3b.jpg,photo_to_monet (B2A),../checkpoints/ckpt_final.pt,9,256
1e7e4f894f.jpg,photo_to_monet (B2A),../checkpoints/ckpt_final.pt,9,256
1e7ed16969.jpg,photo_to_monet (B2A),../checkpoints/ckpt_final.pt,9,256
1e90517e22.jpg,photo_to_monet (B2A),../checkpoints/ckpt_final.pt,9,256
1e947e5fe9.jpg,photo_to_monet (B2A),../checkpoints/ckpt_final.pt,9,256
1e983237de.jpg,photo_to_monet (B2A),../checkpoints/ckpt_final.pt,9,256
1ea86dc4d5.jpg,photo_to_monet (B2A),../checkpoints/ckpt_final.pt,9,256
1eaa4a27c8.jpg,photo_to_monet (B2A),../checkpoints/ckpt_final.pt,9,256
1eb579374e.jpg,photo_to_monet (B2A),../checkpoints/ckpt_final.pt,9,256
1ebd894c28.jpg,photo_to_monet (B2A),../checkpoints/ckpt_final.pt,9,256
1ece79b77f.jpg,photo_to_monet (B2A),../checkpoints/ckpt_final.pt,9,256
1ed7c273ba.jpg,photo_to_monet (B2A),../checkpoints/ckpt_final.pt,9,256
1ede9dadc3.jpg,photo_to_monet (B2A),../checkpoints/ckpt_final.pt,9,256
1ef162e31d.jpg,photo_to_monet (B2A),../checkpoints/ckpt_final.pt,9,256
1efdfce7c3.jpg,photo_to_monet (B2A),../checkpoints/ckpt_final.pt,9,256
1f006ed5eb.jpg,photo_to_monet (B2A),../checkpoints/ckpt_final.pt,9,256
1f086664d6.jpg,photo_to_monet (B2A),../checkpoints/ckpt_final.pt,9,256
1f1a19ad8b.jpg,photo_to_monet (B2A),../checkpoints/ckpt_final.pt,9,256
1f252ba827.jpg,photo_to_monet (B2A),../checkpoints/ckpt_final.pt,9,256
1f2d34b65b.jpg,photo_to_monet (B2A),../checkpoints/ckpt_final.pt,9,256
1f540d0ecb.jpg,photo_to_monet (B2A),../checkpoints/ckpt_final.pt,9,256
1f63ea8e1d.jpg,photo_to_monet (B2A),../checkpoints/ckpt_final.pt,9,256
1f67c932d8.jpg,photo_to_monet (B2A),../checkpoints/ckpt_final.pt,9,256
1f7b63917b.jpg,photo_to_monet (B2A),../checkpoints/ckpt_final.pt,9,256
1f8b43823c.jpg,photo_to_monet (B2A),../checkpoints/ckpt_final.pt,9,256
1f8fe4a8e4.jpg,photo_to_monet (B2A),../checkpoints/ckpt_final.pt,9,256
1f96108197.jpg,photo_to_monet (B2A),../checkpoints/ckpt_final.pt,9,256
1f979d49c6.jpg,photo_to_monet (B2A),../checkpoints/ckpt_final.pt,9,256
1f98e7d475.jpg,photo_to_monet (B2A),../checkpoints/ckpt_final.pt,9,256
1fbc82db49.jpg,photo_to_monet (B2A),../checkpoints/ckpt_final.pt,9,256
1fd7cebd1a.jpg,photo_to_monet (B2A),../checkpoints/ckpt_final.pt,9,256
1fe1ac40ef.jpg,photo_to_monet (B2A),../checkpoints/ckpt_final.pt,9,256
1fe223e960.jpg,photo_to_monet (B2A),../checkpoints/ckpt_final.pt,9,256
1fedaf095f.jpg,photo_to_monet (B2A),../checkpoints/ckpt_final.pt,9,256
20043a8eaf.jpg,photo_to_monet (B2A),../checkpoints/ckpt_final.pt,9,256
2004919ebe.jpg,photo_to_monet (B2A),../checkpoints/ckpt_final.pt,9,256
2022ef77f2.jpg,photo_to_monet (B2A),../checkpoints/ckpt_final.pt,9,256
2037f91745.jpg,photo_to_monet (B2A),../checkpoints/ckpt_final.pt,9,256
20454954b2.jpg,photo_to_monet (B2A),../checkpoints/ckpt_final.pt,9,256
204615862b.jpg,photo_to_monet (B2A),../checkpoints/ckpt_final.pt,9,256
2046adf2b6.jpg,photo_to_monet (B2A),../checkpoints/ckpt_final.pt,9,256
205f999ab3.jpg,photo_to_monet (B2A),../checkpoints/ckpt_final.pt,9,256
2061671c2b.jpg,photo_to_monet (B2A),../checkpoints/ckpt_final.pt,9,256
2063a6693c.jpg,photo_to_monet (B2A),../checkpoints/ckpt_final.pt,9,256
2066a2e091.jpg,photo_to_monet (B2A),../checkpoints/ckpt_final.pt,9,256
206adc3515.jpg,photo_to_monet (B2A),../checkpoints/ckpt_final.pt,9,256
206d18e819.jpg,photo_to_monet (B2A),../checkpoints/ckpt_final.pt,9,256
206e57e6d1.jpg,photo_to_monet (B2A),../checkpoints/ckpt_final.pt,9,256
2078d3f123.jpg,photo_to_monet (B2A),../checkpoints/ckpt_final.pt,9,256
2080efd0d6.jpg,photo_to_monet (B2A),../checkpoints/ckpt_final.pt,9,256
208c0535cf.jpg,photo_to_monet (B2A),../checkpoints/ckpt_final.pt,9,256
208f4b819b.jpg,photo_to_monet (B2A),../checkpoints/ckpt_final.pt,9,256
2096a57bfc.jpg,photo_to_monet (B2A),../checkpoints/ckpt_final.pt,9,256
209873c58f.jpg,photo_to_monet (B2A),../checkpoints/ckpt_final.pt,9,256
209bdb1587.jpg,photo_to_monet (B2A),../checkpoints/ckpt_final.pt,9,256
20b2d4f4bf.jpg,photo_to_monet (B2A),../checkpoints/ckpt_final.pt,9,256
20b3d168a6.jpg,photo_to_monet (B2A),../checkpoints/ckpt_final.pt,9,256
20b7eab911.jpg,photo_to_monet (B2A),../checkpoints/ckpt_final.pt,9,256
20c152f056.jpg,photo_to_monet (B2A),../checkpoints/ckpt_final.pt,9,256
20cac2191a.jpg,photo_to_monet (B2A),../checkpoints/ckpt_final.pt,9,256
20d2fd7d1b.jpg,photo_to_monet (B2A),../checkpoints/ckpt_final.pt,9,256
20d336b6c2.jpg,photo_to_monet (B2A),../checkpoints/ckpt_final.pt,9,256
20d927a07b.jpg,photo_to_monet (B2A),../checkpoints/ckpt_final.pt,9,256
20ddf9c49f.jpg,photo_to_monet (B2A),../checkpoints/ckpt_final.pt,9,256
20ea204105.jpg,photo_to_monet (B2A),../checkpoints/ckpt_final.pt,9,256
20f93c26b0.jpg,photo_to_monet (B2A),../checkpoints/ckpt_final.pt,9,256
20fa90d43e.jpg,photo_to_monet (B2A),../checkpoints/ckpt_final.pt,9,256
2103852756.jpg,photo_to_monet (B2A),../checkpoints/ckpt_final.pt,9,256
211ca2dfb4.jpg,photo_to_monet (B2A),../checkpoints/ckpt_final.pt,9,256
21243b9607.jpg,photo_to_monet (B2A),../checkpoints/ckpt_final.pt,9,256
2129f6f2dc.jpg,photo_to_monet (B2A),../checkpoints/ckpt_final.pt,9,256
212cf8498d.jpg,photo_to_monet (B2A),../checkpoints/ckpt_final.pt,9,256
2145ce0f78.jpg,photo_to_monet (B2A),../checkpoints/ckpt_final.pt,9,256
21630a4fa1.jpg,photo_to_monet (B2A),../checkpoints/ckpt_final.pt,9,256
216a8d4e5c.jpg,photo_to_monet (B2A),../checkpoints/ckpt_final.pt,9,256
21747ccb08.jpg,photo_to_monet (B2A),../checkpoints/ckpt_final.pt,9,256
21757a4c07.jpg,photo_to_monet (B2A),../checkpoints/ckpt_final.pt,9,256
217b9b9aaf.jpg,photo_to_monet (B2A),../checkpoints/ckpt_final.pt,9,256
21927aa7d4.jpg,photo_to_monet (B2A),../checkpoints/ckpt_final.pt,9,256
219baac7b2.jpg,photo_to_monet (B2A),../checkpoints/ckpt_final.pt,9,256
21ac721374.jpg,photo_to_monet (B2A),../checkpoints/ckpt_final.pt,9,256
21b6fd99a5.jpg,photo_to_monet (B2A),../checkpoints/ckpt_final.pt,9,256
21b9aafc49.jpg,photo_to_monet (B2A),../checkpoints/ckpt_final.pt,9,256
21c2589053.jpg,photo_to_monet (B2A),../checkpoints/ckpt_final.pt,9,256
21c2c68337.jpg,photo_to_monet (B2A),../checkpoints/ckpt_final.pt,9,256
21e2aea535.jpg,photo_to_monet (B2A),../checkpoints/ckpt_final.pt,9,256
21e5c1891c.jpg,photo_to_monet (B2A),../checkpoints/ckpt_final.pt,9,256
21e7463544.jpg,photo_to_monet (B2A),../checkpoints/ckpt_final.pt,9,256
21fe71a93b.jpg,photo_to_monet (B2A),../checkpoints/ckpt_final.pt,9,256
2236c207aa.jpg,photo_to_monet (B2A),../checkpoints/ckpt_final.pt,9,256
223c77d56f.jpg,photo_to_monet (B2A),../checkpoints/ckpt_final.pt,9,256
2246ed23dc.jpg,photo_to_monet (B2A),../checkpoints/ckpt_final.pt,9,256
2257860322.jpg,photo_to_monet (B2A),../checkpoints/ckpt_final.pt,9,256
22661d9ec0.jpg,photo_to_monet (B2A),../checkpoints/ckpt_final.pt,9,256
2286c7067e.jpg,photo_to_monet (B2A),../checkpoints/ckpt_final.pt,9,256
228a291710.jpg,photo_to_monet (B2A),../checkpoints/ckpt_final.pt,9,256
228c986820.jpg,photo_to_monet (B2A),../checkpoints/ckpt_final.pt,9,256
228d0b850f.jpg,photo_to_monet (B2A),../checkpoints/ckpt_final.pt,9,256
2292200c80.jpg,photo_to_monet (B2A),../checkpoints/ckpt_final.pt,9,256
229221319f.jpg,photo_to_monet (B2A),../checkpoints/ckpt_final.pt,9,256
229eca589c.jpg,photo_to_monet (B2A),../checkpoints/ckpt_final.pt,9,256
22b213f1e5.jpg,photo_to_monet (B2A),../checkpoints/ckpt_final.pt,9,256
22b305f62e.jpg,photo_to_monet (B2A),../checkpoints/ckpt_final.pt,9,256
22b389e1fd.jpg,photo_to_monet (B2A),../checkpoints/ckpt_final.pt,9,256
22b5b48553.jpg,photo_to_monet (B2A),../checkpoints/ckpt_final.pt,9,256
22bfe6445a.jpg,photo_to_monet (B2A),../checkpoints/ckpt_final.pt,9,256
22c2ebefea.jpg,photo_to_monet (B2A),../checkpoints/ckpt_final.pt,9,256
22c5bb63ac.jpg,photo_to_monet (B2A),../checkpoints/ckpt_final.pt,9,256
22cd40eed2.jpg,photo_to_monet (B2A),../checkpoints/ckpt_final.pt,9,256
22ce24836f.jpg,photo_to_monet (B2A),../checkpoints/ckpt_final.pt,9,256
22d49f3bb9.jpg,photo_to_monet (B2A),../checkpoints/ckpt_final.pt,9,256
22e1784ae5.jpg,photo_to_monet (B2A),../checkpoints/ckpt_final.pt,9,256
22fc4c2e5b.jpg,photo_to_monet (B2A),../checkpoints/ckpt_final.pt,9,256
2304539c3c.jpg,photo_to_monet (B2A),../checkpoints/ckpt_final.pt,9,256
23060d93b3.jpg,photo_to_monet (B2A),../checkpoints/ckpt_final.pt,9,256
2308cd7f79.jpg,photo_to_monet (B2A),../checkpoints/ckpt_final.pt,9,256
230ce6af39.jpg,photo_to_monet (B2A),../checkpoints/ckpt_final.pt,9,256
2318dd451a.jpg,photo_to_monet (B2A),../checkpoints/ckpt_final.pt,9,256
23296f234d.jpg,photo_to_monet (B2A),../checkpoints/ckpt_final.pt,9,256
2339fbceb2.jpg,photo_to_monet (B2A),../checkpoints/ckpt_final.pt,9,256
2351d0e36d.jpg,photo_to_monet (B2A),../checkpoints/ckpt_final.pt,9,256
23568b7cf6.jpg,photo_to_monet (B2A),../checkpoints/ckpt_final.pt,9,256
235a2feea2.jpg,photo_to_monet (B2A),../checkpoints/ckpt_final.pt,9,256
235f2c8d2d.jpg,photo_to_monet (B2A),../checkpoints/ckpt_final.pt,9,256
236e24292a.jpg,photo_to_monet (B2A),../checkpoints/ckpt_final.pt,9,256
2372845016.jpg,photo_to_monet (B2A),../checkpoints/ckpt_final.pt,9,256
2379cb1f27.jpg,photo_to_monet (B2A),../checkpoints/ckpt_final.pt,9,256
238bd94fcb.jpg,photo_to_monet (B2A),../checkpoints/ckpt_final.pt,9,256
2398192c56.jpg,photo_to_monet (B2A),../checkpoints/ckpt_final.pt,9,256
23a2a896cb.jpg,photo_to_monet (B2A),../checkpoints/ckpt_final.pt,9,256
23b1669fc4.jpg,photo_to_monet (B2A),../checkpoints/ckpt_final.pt,9,256
23be955aa3.jpg,photo_to_monet (B2A),../checkpoints/ckpt_final.pt,9,256
23d0cd1621.jpg,photo_to_monet (B2A),../checkpoints/ckpt_final.pt,9,256
23e044ebbf.jpg,photo_to_monet (B2A),../checkpoints/ckpt_final.pt,9,256
23e490fde6.jpg,photo_to_monet (B2A),../checkpoints/ckpt_final.pt,9,256
23edb57cff.jpg,photo_to_monet (B2A),../checkpoints/ckpt_final.pt,9,256
23ee3c5507.jpg,photo_to_monet (B2A),../checkpoints/ckpt_final.pt,9,256
23f7a22314.jpg,photo_to_monet (B2A),../checkpoints/ckpt_final.pt,9,256
23fb1a1690.jpg,photo_to_monet (B2A),../checkpoints/ckpt_final.pt,9,256
23fb2c15d2.jpg,photo_to_monet (B2A),../checkpoints/ckpt_final.pt,9,256
2403efbfd3.jpg,photo_to_monet (B2A),../checkpoints/ckpt_final.pt,9,256
240a7c491a.jpg,photo_to_monet (B2A),../checkpoints/ckpt_final.pt,9,256
2410f7ebd1.jpg,photo_to_monet (B2A),../checkpoints/ckpt_final.pt,9,256
24166036c4.jpg,photo_to_monet (B2A),../checkpoints/ckpt_final.pt,9,256
241d87414d.jpg,photo_to_monet (B2A),../checkpoints/ckpt_final.pt,9,256
2421fde7b1.jpg,photo_to_monet (B2A),../checkpoints/ckpt_final.pt,9,256
243ef6c04e.jpg,photo_to_monet (B2A),../checkpoints/ckpt_final.pt,9,256
244182635e.jpg,photo_to_monet (B2A),../checkpoints/ckpt_final.pt,9,256
244cb6321d.jpg,photo_to_monet (B2A),../checkpoints/ckpt_final.pt,9,256
2469dbd507.jpg,photo_to_monet (B2A),../checkpoints/ckpt_final.pt,9,256
2476944f5c.jpg,photo_to_monet (B2A),../checkpoints/ckpt_final.pt,9,256
247d71f468.jpg,photo_to_monet (B2A),../checkpoints/ckpt_final.pt,9,256
2489d5208e.jpg,photo_to_monet (B2A),../checkpoints/ckpt_final.pt,9,256
248e98e6e5.jpg,photo_to_monet (B2A),../checkpoints/ckpt_final.pt,9,256
24997d2394.jpg,photo_to_monet (B2A),../checkpoints/ckpt_final.pt,9,256
249c6f2b02.jpg,photo_to_monet (B2A),../checkpoints/ckpt_final.pt,9,256
24ad0a8279.jpg,photo_to_monet (B2A),../checkpoints/ckpt_final.pt,9,256
24af325930.jpg,photo_to_monet (B2A),../checkpoints/ckpt_final.pt,9,256
24af541789.jpg,photo_to_monet (B2A),../checkpoints/ckpt_final.pt,9,256
24b21b5261.jpg,photo_to_monet (B2A),../checkpoints/ckpt_final.pt,9,256
24b535812d.jpg,photo_to_monet (B2A),../checkpoints/ckpt_final.pt,9,256
24b54b150b.jpg,photo_to_monet (B2A),../checkpoints/ckpt_final.pt,9,256
24c4ed86a3.jpg,photo_to_monet (B2A),../checkpoints/ckpt_final.pt,9,256
24c5780a0c.jpg,photo_to_monet (B2A),../checkpoints/ckpt_final.pt,9,256
24d819c261.jpg,photo_to_monet (B2A),../checkpoints/ckpt_final.pt,9,256
24e8e3b180.jpg,photo_to_monet (B2A),../checkpoints/ckpt_final.pt,9,256
25082e762f.jpg,photo_to_monet (B2A),../checkpoints/ckpt_final.pt,9,256
250bd36c8c.jpg,photo_to_monet (B2A),../checkpoints/ckpt_final.pt,9,256
252bc3a3ab.jpg,photo_to_monet (B2A),../checkpoints/ckpt_final.pt,9,256
252f6d69ce.jpg,photo_to_monet (B2A),../checkpoints/ckpt_final.pt,9,256
25315f09a6.jpg,photo_to_monet (B2A),../checkpoints/ckpt_final.pt,9,256
253340547f.jpg,photo_to_monet (B2A),../checkpoints/ckpt_final.pt,9,256
25346ff439.jpg,photo_to_monet (B2A),../checkpoints/ckpt_final.pt,9,256
25462592ac.jpg,photo_to_monet (B2A),../checkpoints/ckpt_final.pt,9,256
2552f6c0e4.jpg,photo_to_monet (B2A),../checkpoints/ckpt_final.pt,9,256
256f038a42.jpg,photo_to_monet (B2A),../checkpoints/ckpt_final.pt,9,256
258083f3e8.jpg,photo_to_monet (B2A),../checkpoints/ckpt_final.pt,9,256
2581451ca9.jpg,photo_to_monet (B2A),../checkpoints/ckpt_final.pt,9,256
259e4070d5.jpg,photo_to_monet (B2A),../checkpoints/ckpt_final.pt,9,256
25a9b86180.jpg,photo_to_monet (B2A),../checkpoints/ckpt_final.pt,9,256
25b6be053f.jpg,photo_to_monet (B2A),../checkpoints/ckpt_final.pt,9,256
25c04fbf2f.jpg,photo_to_monet (B2A),../checkpoints/ckpt_final.pt,9,256
25c2b346fe.jpg,photo_to_monet (B2A),../checkpoints/ckpt_final.pt,9,256
25c46710fc.jpg,photo_to_monet (B2A),../checkpoints/ckpt_final.pt,9,256
25c827dc83.jpg,photo_to_monet (B2A),../checkpoints/ckpt_final.pt,9,256
25cb295b1f.jpg,photo_to_monet (B2A),../checkpoints/ckpt_final.pt,9,256
25d70dd7b1.jpg,photo_to_monet (B2A),../checkpoints/ckpt_final.pt,9,256
25df1df7d9.jpg,photo_to_monet (B2A),../checkpoints/ckpt_final.pt,9,256
25e705548a.jpg,photo_to_monet (B2A),../checkpoints/ckpt_final.pt,9,256
25eba9fa76.jpg,photo_to_monet (B2A),../checkpoints/ckpt_final.pt,9,256
25f8328a2f.jpg,photo_to_monet (B2A),../checkpoints/ckpt_final.pt,9,256
2602597bb0.jpg,photo_to_monet (B2A),../checkpoints/ckpt_final.pt,9,256
2605924561.jpg,photo_to_monet (B2A),../checkpoints/ckpt_final.pt,9,256
2606c25ce3.jpg,photo_to_monet (B2A),../checkpoints/ckpt_final.pt,9,256
260d6a5c37.jpg,photo_to_monet (B2A),../checkpoints/ckpt_final.pt,9,256
26182c3d72.jpg,photo_to_monet (B2A),../checkpoints/ckpt_final.pt,9,256
2621968d1b.jpg,photo_to_monet (B2A),../checkpoints/ckpt_final.pt,9,256
2629524a69.jpg,photo_to_monet (B2A),../checkpoints/ckpt_final.pt,9,256
26296bb84f.jpg,photo_to_monet (B2A),../checkpoints/ckpt_final.pt,9,256
2641b8175f.jpg,photo_to_monet (B2A),../checkpoints/ckpt_final.pt,9,256
26494a01e1.jpg,photo_to_monet (B2A),../checkpoints/ckpt_final.pt,9,256
26582fc5a8.jpg,photo_to_monet (B2A),../checkpoints/ckpt_final.pt,9,256
265f7accbd.jpg,photo_to_monet (B2A),../checkpoints/ckpt_final.pt,9,256
26722e2880.jpg,photo_to_monet (B2A),../checkpoints/ckpt_final.pt,9,256
26863f0716.jpg,photo_to_monet (B2A),../checkpoints/ckpt_final.pt,9,256
2688ed2270.jpg,photo_to_monet (B2A),../checkpoints/ckpt_final.pt,9,256
26892fcc02.jpg,photo_to_monet (B2A),../checkpoints/ckpt_final.pt,9,256
268b959d88.jpg,photo_to_monet (B2A),../checkpoints/ckpt_final.pt,9,256
26916da7ff.jpg,photo_to_monet (B2A),../checkpoints/ckpt_final.pt,9,256
2698bac269.jpg,photo_to_monet (B2A),../checkpoints/ckpt_final.pt,9,256
269b1b5690.jpg,photo_to_monet (B2A),../checkpoints/ckpt_final.pt,9,256
26aaf299c0.jpg,photo_to_monet (B2A),../checkpoints/ckpt_final.pt,9,256
26b9449f10.jpg,photo_to_monet (B2A),../checkpoints/ckpt_final.pt,9,256
26bbb89fd6.jpg,photo_to_monet (B2A),../checkpoints/ckpt_final.pt,9,256
26c4de1515.jpg,photo_to_monet (B2A),../checkpoints/ckpt_final.pt,9,256
26cd0ec0e4.jpg,photo_to_monet (B2A),../checkpoints/ckpt_final.pt,9,256
26ce42c083.jpg,photo_to_monet (B2A),../checkpoints/ckpt_final.pt,9,256
26d40b7147.jpg,photo_to_monet (B2A),../checkpoints/ckpt_final.pt,9,256
26d474464f.jpg,photo_to_monet (B2A),../checkpoints/ckpt_final.pt,9,256
26d4ecb9fd.jpg,photo_to_monet (B2A),../checkpoints/ckpt_final.pt,9,256
26d73ccce4.jpg,photo_to_monet (B2A),../checkpoints/ckpt_final.pt,9,256
26da6b82c6.jpg,photo_to_monet (B2A),../checkpoints/ckpt_final.pt,9,256
26db4dcdea.jpg,photo_to_monet (B2A),../checkpoints/ckpt_final.pt,9,256
26fe13cbea.jpg,photo_to_monet (B2A),../checkpoints/ckpt_final.pt,9,256
2706749d66.jpg,photo_to_monet (B2A),../checkpoints/ckpt_final.pt,9,256
270687abc3.jpg,photo_to_monet (B2A),../checkpoints/ckpt_final.pt,9,256
270a7544e5.jpg,photo_to_monet (B2A),../checkpoints/ckpt_final.pt,9,256
270f62c6e8.jpg,photo_to_monet (B2A),../checkpoints/ckpt_final.pt,9,256
27159e6719.jpg,photo_to_monet (B2A),../checkpoints/ckpt_final.pt,9,256
271ec1348b.jpg,photo_to_monet (B2A),../checkpoints/ckpt_final.pt,9,256
2727db154e.jpg,photo_to_monet (B2A),../checkpoints/ckpt_final.pt,9,256
2734c9504b.jpg,photo_to_monet (B2A),../checkpoints/ckpt_final.pt,9,256
274ba0c4a2.jpg,photo_to_monet (B2A),../checkpoints/ckpt_final.pt,9,256
274cf83fa6.jpg,photo_to_monet (B2A),../checkpoints/ckpt_final.pt,9,256
27534f0e65.jpg,photo_to_monet (B2A),../checkpoints/ckpt_final.pt,9,256
27645084b6.jpg,photo_to_monet (B2A),../checkpoints/ckpt_final.pt,9,256
276543fbf7.jpg,photo_to_monet (B2A),../checkpoints/ckpt_final.pt,9,256
276c73bead.jpg,photo_to_monet (B2A),../checkpoints/ckpt_final.pt,9,256
276ee4b14f.jpg,photo_to_monet (B2A),../checkpoints/ckpt_final.pt,9,256
2775af1bba.jpg,photo_to_monet (B2A),../checkpoints/ckpt_final.pt,9,256
27777862fd.jpg,photo_to_monet (B2A),../checkpoints/ckpt_final.pt,9,256
2779835a1b.jpg,photo_to_monet (B2A),../checkpoints/ckpt_final.pt,9,256
277c068c4e.jpg,photo_to_monet (B2A),../checkpoints/ckpt_final.pt,9,256
277d120bb4.jpg,photo_to_monet (B2A),../checkpoints/ckpt_final.pt,9,256
2782335eef.jpg,photo_to_monet (B2A),../checkpoints/ckpt_final.pt,9,256
2784e8f91d.jpg,photo_to_monet (B2A),../checkpoints/ckpt_final.pt,9,256
2791df1515.jpg,photo_to_monet (B2A),../checkpoints/ckpt_final.pt,9,256
279eb2037c.jpg,photo_to_monet (B2A),../checkpoints/ckpt_final.pt,9,256
27a36df1f6.jpg,photo_to_monet (B2A),../checkpoints/ckpt_final.pt,9,256
27b2a0c66f.jpg,photo_to_monet (B2A),../checkpoints/ckpt_final.pt,9,256
27b87e7785.jpg,photo_to_monet (B2A),../checkpoints/ckpt_final.pt,9,256
27bc5c6810.jpg,photo_to_monet (B2A),../checkpoints/ckpt_final.pt,9,256
27c273f5ac.jpg,photo_to_monet (B2A),../checkpoints/ckpt_final.pt,9,256
27c67103f0.jpg,photo_to_monet (B2A),../checkpoints/ckpt_final.pt,9,256
27d994ba96.jpg,photo_to_monet (B2A),../checkpoints/ckpt_final.pt,9,256
27de05d60a.jpg,photo_to_monet (B2A),../checkpoints/ckpt_final.pt,9,256
27e341bcc2.jpg,photo_to_monet (B2A),../checkpoints/ckpt_final.pt,9,256
27ea6d9992.jpg,photo_to_monet (B2A),../checkpoints/ckpt_final.pt,9,256
27ebfe0db6.jpg,photo_to_monet (B2A),../checkpoints/ckpt_final.pt,9,256
27f3a34b1d.jpg,photo_to_monet (B2A),../checkpoints/ckpt_final.pt,9,256
27f4d80142.jpg,photo_to_monet (B2A),../checkpoints/ckpt_final.pt,9,256
27fa99ac5c.jpg,photo_to_monet (B2A),../checkpoints/ckpt_final.pt,9,256
2806a9db15.jpg,photo_to_monet (B2A),../checkpoints/ckpt_final.pt,9,256
281356f565.jpg,photo_to_monet (B2A),../checkpoints/ckpt_final.pt,9,256
2815c0ad33.jpg,photo_to_monet (B2A),../checkpoints/ckpt_final.pt,9,256
281b790739.jpg,photo_to_monet (B2A),../checkpoints/ckpt_final.pt,9,256
283a083739.jpg,photo_to_monet (B2A),../checkpoints/ckpt_final.pt,9,256
28430b5602.jpg,photo_to_monet (B2A),../checkpoints/ckpt_final.pt,9,256
2843919992.jpg,photo_to_monet (B2A),../checkpoints/ckpt_final.pt,9,256
285449b06a.jpg,photo_to_monet (B2A),../checkpoints/ckpt_final.pt,9,256
2854ebb127.jpg,photo_to_monet (B2A),../checkpoints/ckpt_final.pt,9,256
28611884d0.jpg,photo_to_monet (B2A),../checkpoints/ckpt_final.pt,9,256
2861f74357.jpg,photo_to_monet (B2A),../checkpoints/ckpt_final.pt,9,256
2867b3bef0.jpg,photo_to_monet (B2A),../checkpoints/ckpt_final.pt,9,256
286c5026ff.jpg,photo_to_monet (B2A),../checkpoints/ckpt_final.pt,9,256
2879b6b734.jpg,photo_to_monet (B2A),../checkpoints/ckpt_final.pt,9,256
2881c907bb.jpg,photo_to_monet (B2A),../checkpoints/ckpt_final.pt,9,256
2885431ef9.jpg,photo_to_monet (B2A),../checkpoints/ckpt_final.pt,9,256
288c92df0c.jpg,photo_to_monet (B2A),../checkpoints/ckpt_final.pt,9,256
288d596137.jpg,photo_to_monet (B2A),../checkpoints/ckpt_final.pt,9,256
289a8f7970.jpg,photo_to_monet (B2A),../checkpoints/ckpt_final.pt,9,256
28a626558d.jpg,photo_to_monet (B2A),../checkpoints/ckpt_final.pt,9,256
28a7737b48.jpg,photo_to_monet (B2A),../checkpoints/ckpt_final.pt,9,256
28aab35051.jpg,photo_to_monet (B2A),../checkpoints/ckpt_final.pt,9,256
28aacb7e4e.jpg,photo_to_monet (B2A),../checkpoints/ckpt_final.pt,9,256
28aec8dbd4.jpg,photo_to_monet (B2A),../checkpoints/ckpt_final.pt,9,256
28b05820b1.jpg,photo_to_monet (B2A),../checkpoints/ckpt_final.pt,9,256
28b57f757f.jpg,photo_to_monet (B2A),../checkpoints/ckpt_final.pt,9,256
28be9a8202.jpg,photo_to_monet (B2A),../checkpoints/ckpt_final.pt,9,256
28cf136409.jpg,photo_to_monet (B2A),../checkpoints/ckpt_final.pt,9,256
28e1c7681e.jpg,photo_to_monet (B2A),../checkpoints/ckpt_final.pt,9,256
28e27595dc.jpg,photo_to_monet (B2A),../checkpoints/ckpt_final.pt,9,256
28e7b09f15.jpg,photo_to_monet (B2A),../checkpoints/ckpt_final.pt,9,256
28f3814945.jpg,photo_to_monet (B2A),../checkpoints/ckpt_final.pt,9,256
28f9f1a13f.jpg,photo_to_monet (B2A),../checkpoints/ckpt_final.pt,9,256
28fbbb8f15.jpg,photo_to_monet (B2A),../checkpoints/ckpt_final.pt,9,256
28fd6bf605.jpg,photo_to_monet (B2A),../checkpoints/ckpt_final.pt,9,256
28ffa0bd39.jpg,photo_to_monet (B2A),../checkpoints/ckpt_final.pt,9,256
290560fba4.jpg,photo_to_monet (B2A),../checkpoints/ckpt_final.pt,9,256
290dd4249d.jpg,photo_to_monet (B2A),../checkpoints/ckpt_final.pt,9,256
291146558e.jpg,photo_to_monet (B2A),../checkpoints/ckpt_final.pt,9,256
292945e24e.jpg,photo_to_monet (B2A),../checkpoints/ckpt_final.pt,9,256
293b00c315.jpg,photo_to_monet (B2A),../checkpoints/ckpt_final.pt,9,256
293dadb732.jpg,photo_to_monet (B2A),../checkpoints/ckpt_final.pt,9,256
2951fe2fe1.jpg,photo_to_monet (B2A),../checkpoints/ckpt_final.pt,9,256
2959168184.jpg,photo_to_monet (B2A),../checkpoints/ckpt_final.pt,9,256
295b938a05.jpg,photo_to_monet (B2A),../checkpoints/ckpt_final.pt,9,256
2960920920.jpg,photo_to_monet (B2A),../checkpoints/ckpt_final.pt,9,256
296b177cad.jpg,photo_to_monet (B2A),../checkpoints/ckpt_final.pt,9,256
296b8c38bf.jpg,photo_to_monet (B2A),../checkpoints/ckpt_final.pt,9,256
2971c7ed92.jpg,photo_to_monet (B2A),../checkpoints/ckpt_final.pt,9,256
297f3a075f.jpg,photo_to_monet (B2A),../checkpoints/ckpt_final.pt,9,256
29864d1221.jpg,photo_to_monet (B2A),../checkpoints/ckpt_final.pt,9,256
29906262a0.jpg,photo_to_monet (B2A),../checkpoints/ckpt_final.pt,9,256
299495fe20.jpg,photo_to_monet (B2A),../checkpoints/ckpt_final.pt,9,256
29a0754ddd.jpg,photo_to_monet (B2A),../checkpoints/ckpt_final.pt,9,256
29aacba212.jpg,photo_to_monet (B2A),../checkpoints/ckpt_final.pt,9,256
29afd0e0cb.jpg,photo_to_monet (B2A),../checkpoints/ckpt_final.pt,9,256
29b165f427.jpg,photo_to_monet (B2A),../checkpoints/ckpt_final.pt,9,256
29c0dfdae4.jpg,photo_to_monet (B2A),../checkpoints/ckpt_final.pt,9,256
29c34c1abd.jpg,photo_to_monet (B2A),../checkpoints/ckpt_final.pt,9,256
29d0386f3e.jpg,photo_to_monet (B2A),../checkpoints/ckpt_final.pt,9,256
29d335a6a9.jpg,photo_to_monet (B2A),../checkpoints/ckpt_final.pt,9,256
29d58214f1.jpg,photo_to_monet (B2A),../checkpoints/ckpt_final.pt,9,256
29d8295ed2.jpg,photo_to_monet (B2A),../checkpoints/ckpt_final.pt,9,256
29e01f8909.jpg,photo_to_monet (B2A),../checkpoints/ckpt_final.pt,9,256
29e7039a4d.jpg,photo_to_monet (B2A),../checkpoints/ckpt_final.pt,9,256
29eba6fe01.jpg,photo_to_monet (B2A),../checkpoints/ckpt_final.pt,9,256
29eefa93e2.jpg,photo_to_monet (B2A),../checkpoints/ckpt_final.pt,9,256
29f28ef872.jpg,photo_to_monet (B2A),../checkpoints/ckpt_final.pt,9,256
29fe34f752.jpg,photo_to_monet (B2A),../checkpoints/ckpt_final.pt,9,256
29ff35dc7b.jpg,photo_to_monet (B2A),../checkpoints/ckpt_final.pt,9,256
2a0382cf4c.jpg,photo_to_monet (B2A),../checkpoints/ckpt_final.pt,9,256
2a114c7c94.jpg,photo_to_monet (B2A),../checkpoints/ckpt_final.pt,9,256
2a13df2bc3.jpg,photo_to_monet (B2A),../checkpoints/ckpt_final.pt,9,256
2a14b928c4.jpg,photo_to_monet (B2A),../checkpoints/ckpt_final.pt,9,256
2a18193d91.jpg,photo_to_monet (B2A),../checkpoints/ckpt_final.pt,9,256
2a199d45e5.jpg,photo_to_monet (B2A),../checkpoints/ckpt_final.pt,9,256
2a26f69715.jpg,photo_to_monet (B2A),../checkpoints/ckpt_final.pt,9,256
2a3cd42798.jpg,photo_to_monet (B2A),../checkpoints/ckpt_final.pt,9,256
2a4211a6e4.jpg,photo_to_monet (B2A),../checkpoints/ckpt_final.pt,9,256
2a4988e4a7.jpg,photo_to_monet (B2A),../checkpoints/ckpt_final.pt,9,256
2a4a9d54a7.jpg,photo_to_monet (B2A),../checkpoints/ckpt_final.pt,9,256
2a4edec63e.jpg,photo_to_monet (B2A),../checkpoints/ckpt_final.pt,9,256
2a503386a2.jpg,photo_to_monet (B2A),../checkpoints/ckpt_final.pt,9,256
2a606d05d8.jpg,photo_to_monet (B2A),../checkpoints/ckpt_final.pt,9,256
2a6805c1a9.jpg,photo_to_monet (B2A),../checkpoints/ckpt_final.pt,9,256
2a791629c4.jpg,photo_to_monet (B2A),../checkpoints/ckpt_final.pt,9,256
2a87a4fbee.jpg,photo_to_monet (B2A),../checkpoints/ckpt_final.pt,9,256
2a89dc7912.jpg,photo_to_monet (B2A),../checkpoints/ckpt_final.pt,9,256
2aa39bfaca.jpg,photo_to_monet (B2A),../checkpoints/ckpt_final.pt,9,256
2acc30abbe.jpg,photo_to_monet (B2A),../checkpoints/ckpt_final.pt,9,256
2ae4a137a6.jpg,photo_to_monet (B2A),../checkpoints/ckpt_final.pt,9,256
2af9ea0c85.jpg,photo_to_monet (B2A),../checkpoints/ckpt_final.pt,9,256
2b057c1cb8.jpg,photo_to_monet (B2A),../checkpoints/ckpt_final.pt,9,256
2b086b077f.jpg,photo_to_monet (B2A),../checkpoints/ckpt_final.pt,9,256
2b0beb1f37.jpg,photo_to_monet (B2A),../checkpoints/ckpt_final.pt,9,256
2b0c82824b.jpg,photo_to_monet (B2A),../checkpoints/ckpt_final.pt,9,256
2b1102f3b4.jpg,photo_to_monet (B2A),../checkpoints/ckpt_final.pt,9,256
2b19987d57.jpg,photo_to_monet (B2A),../checkpoints/ckpt_final.pt,9,256
2b19a7b5d3.jpg,photo_to_monet (B2A),../checkpoints/ckpt_final.pt,9,256
2b222ce74d.jpg,photo_to_monet (B2A),../checkpoints/ckpt_final.pt,9,256
2b22c8b439.jpg,photo_to_monet (B2A),../checkpoints/ckpt_final.pt,9,256
2b2486be40.jpg,photo_to_monet (B2A),../checkpoints/ckpt_final.pt,9,256
2b28a6f69a.jpg,photo_to_monet (B2A),../checkpoints/ckpt_final.pt,9,256
2b2ae4cd5f.jpg,photo_to_monet (B2A),../checkpoints/ckpt_final.pt,9,256
2b2b63d51c.jpg,photo_to_monet (B2A),../checkpoints/ckpt_final.pt,9,256
2b2efc29c6.jpg,photo_to_monet (B2A),../checkpoints/ckpt_final.pt,9,256
2b3a026f51.jpg,photo_to_monet (B2A),../checkpoints/ckpt_final.pt,9,256
2b516f78d1.jpg,photo_to_monet (B2A),../checkpoints/ckpt_final.pt,9,256
2b62ea6ed1.jpg,photo_to_monet (B2A),../checkpoints/ckpt_final.pt,9,256
2b68e09fa5.jpg,photo_to_monet (B2A),../checkpoints/ckpt_final.pt,9,256
2b6cd9bbf2.jpg,photo_to_monet (B2A),../checkpoints/ckpt_final.pt,9,256
2b7402e62d.jpg,photo_to_monet (B2A),../checkpoints/ckpt_final.pt,9,256
2b83d60844.jpg,photo_to_monet (B2A),../checkpoints/ckpt_final.pt,9,256
2b977b06b6.jpg,photo_to_monet (B2A),../checkpoints/ckpt_final.pt,9,256
2ba042499d.jpg,photo_to_monet (B2A),../checkpoints/ckpt_final.pt,9,256
2ba2325c69.jpg,photo_to_monet (B2A),../checkpoints/ckpt_final.pt,9,256
2bb040da92.jpg,photo_to_monet (B2A),../checkpoints/ckpt_final.pt,9,256
2bb16be25b.jpg,photo_to_monet (B2A),../checkpoints/ckpt_final.pt,9,256
2bb4efac43.jpg,photo_to_monet (B2A),../checkpoints/ckpt_final.pt,9,256
2bba709f10.jpg,photo_to_monet (B2A),../checkpoints/ckpt_final.pt,9,256
2bd4e078d7.jpg,photo_to_monet (B2A),../checkpoints/ckpt_final.pt,9,256
2be00d7888.jpg,photo_to_monet (B2A),../checkpoints/ckpt_final.pt,9,256
2be5e776d7.jpg,photo_to_monet (B2A),../checkpoints/ckpt_final.pt,9,256
2c0394a36e.jpg,photo_to_monet (B2A),../checkpoints/ckpt_final.pt,9,256
2c060d43db.jpg,photo_to_monet (B2A),../checkpoints/ckpt_final.pt,9,256
2c0a22b1bd.jpg,photo_to_monet (B2A),../checkpoints/ckpt_final.pt,9,256
2c1f8326a4.jpg,photo_to_monet (B2A),../checkpoints/ckpt_final.pt,9,256
2c28975fee.jpg,photo_to_monet (B2A),../checkpoints/ckpt_final.pt,9,256
2c2e9d9c74.jpg,photo_to_monet (B2A),../checkpoints/ckpt_final.pt,9,256
2c525980b1.jpg,photo_to_monet (B2A),../checkpoints/ckpt_final.pt,9,256
2c5cd7dde6.jpg,photo_to_monet (B2A),../checkpoints/ckpt_final.pt,9,256
2c5deec20d.jpg,photo_to_monet (B2A),../checkpoints/ckpt_final.pt,9,256
2c64a2295e.jpg,photo_to_monet (B2A),../checkpoints/ckpt_final.pt,9,256
2c7f80aab7.jpg,photo_to_monet (B2A),../checkpoints/ckpt_final.pt,9,256
2c84e8d012.jpg,photo_to_monet (B2A),../checkpoints/ckpt_final.pt,9,256
2c8672a913.jpg,photo_to_monet (B2A),../checkpoints/ckpt_final.pt,9,256
2c885d1c89.jpg,photo_to_monet (B2A),../checkpoints/ckpt_final.pt,9,256
2c982c58a5.jpg,photo_to_monet (B2A),../checkpoints/ckpt_final.pt,9,256
2ca2d1287f.jpg,photo_to_monet (B2A),../checkpoints/ckpt_final.pt,9,256
2ca79c8d4a.jpg,photo_to_monet (B2A),../checkpoints/ckpt_final.pt,9,256
2ca8ab24ef.jpg,photo_to_monet (B2A),../checkpoints/ckpt_final.pt,9,256
2cbb870493.jpg,photo_to_monet (B2A),../checkpoints/ckpt_final.pt,9,256
2cc7029c30.jpg,photo_to_monet (B2A),../checkpoints/ckpt_final.pt,9,256
2cd1818a6f.jpg,photo_to_monet (B2A),../checkpoints/ckpt_final.pt,9,256
2cd4ca4ff7.jpg,photo_to_monet (B2A),../checkpoints/ckpt_final.pt,9,256
2cdbb209dd.jpg,photo_to_monet (B2A),../checkpoints/ckpt_final.pt,9,256
2ce0a774cc.jpg,photo_to_monet (B2A),../checkpoints/ckpt_final.pt,9,256
2ce4fe7434.jpg,photo_to_monet (B2A),../checkpoints/ckpt_final.pt,9,256
2ce941f6ea.jpg,photo_to_monet (B2A),../checkpoints/ckpt_final.pt,9,256
2cf4cac9df.jpg,photo_to_monet (B2A),../checkpoints/ckpt_final.pt,9,256
2cf4fcd902.jpg,photo_to_monet (B2A),../checkpoints/ckpt_final.pt,9,256
2cf96e5d1d.jpg,photo_to_monet (B2A),../checkpoints/ckpt_final.pt,9,256
2cfd8877ea.jpg,photo_to_monet (B2A),../checkpoints/ckpt_final.pt,9,256
2d0075fb17.jpg,photo_to_monet (B2A),../checkpoints/ckpt_final.pt,9,256
2d16d2379d.jpg,photo_to_monet (B2A),../checkpoints/ckpt_final.pt,9,256
2d1fc447a1.jpg,photo_to_monet (B2A),../checkpoints/ckpt_final.pt,9,256
2d21050a7e.jpg,photo_to_monet (B2A),../checkpoints/ckpt_final.pt,9,256
2d220cb18e.jpg,photo_to_monet (B2A),../checkpoints/ckpt_final.pt,9,256
2d25168671.jpg,photo_to_monet (B2A),../checkpoints/ckpt_final.pt,9,256
2d44d8ede7.jpg,photo_to_monet (B2A),../checkpoints/ckpt_final.pt,9,256
2d48369700.jpg,photo_to_monet (B2A),../checkpoints/ckpt_final.pt,9,256
2d4e2c6a70.jpg,photo_to_monet (B2A),../checkpoints/ckpt_final.pt,9,256
2d4e5384ab.jpg,photo_to_monet (B2A),../checkpoints/ckpt_final.pt,9,256
2d5082427e.jpg,photo_to_monet (B2A),../checkpoints/ckpt_final.pt,9,256
2d5abca3d6.jpg,photo_to_monet (B2A),../checkpoints/ckpt_final.pt,9,256
2d6265411d.jpg,photo_to_monet (B2A),../checkpoints/ckpt_final.pt,9,256
2d637a7346.jpg,photo_to_monet (B2A),../checkpoints/ckpt_final.pt,9,256
2d7aba6183.jpg,photo_to_monet (B2A),../checkpoints/ckpt_final.pt,9,256
2d7deb9968.jpg,photo_to_monet (B2A),../checkpoints/ckpt_final.pt,9,256
2d903e93c5.jpg,photo_to_monet (B2A),../checkpoints/ckpt_final.pt,9,256
2d95ae6eb2.jpg,photo_to_monet (B2A),../checkpoints/ckpt_final.pt,9,256
2d9bfdb911.jpg,photo_to_monet (B2A),../checkpoints/ckpt_final.pt,9,256
2da40e05e0.jpg,photo_to_monet (B2A),../checkpoints/ckpt_final.pt,9,256
2da41f7e22.jpg,photo_to_monet (B2A),../checkpoints/ckpt_final.pt,9,256
2dac7d65e9.jpg,photo_to_monet (B2A),../checkpoints/ckpt_final.pt,9,256
2dacb0a259.jpg,photo_to_monet (B2A),../checkpoints/ckpt_final.pt,9,256
2daf4ce562.jpg,photo_to_monet (B2A),../checkpoints/ckpt_final.pt,9,256
2db034b46c.jpg,photo_to_monet (B2A),../checkpoints/ckpt_final.pt,9,256
2db14aa0ac.jpg,photo_to_monet (B2A),../checkpoints/ckpt_final.pt,9,256
2db8fdcdb6.jpg,photo_to_monet (B2A),../checkpoints/ckpt_final.pt,9,256
2dd1d30221.jpg,photo_to_monet (B2A),../checkpoints/ckpt_final.pt,9,256
2dd4f95b88.jpg,photo_to_monet (B2A),../checkpoints/ckpt_final.pt,9,256
2dd9275de3.jpg,photo_to_monet (B2A),../checkpoints/ckpt_final.pt,9,256
2ddc57dd19.jpg,photo_to_monet (B2A),../checkpoints/ckpt_final.pt,9,256
2ddd51611c.jpg,photo_to_monet (B2A),../checkpoints/ckpt_final.pt,9,256
2dec4e77ed.jpg,photo_to_monet (B2A),../checkpoints/ckpt_final.pt,9,256
2dec9e5cf3.jpg,photo_to_monet (B2A),../checkpoints/ckpt_final.pt,9,256
2dfec6a775.jpg,photo_to_monet (B2A),../checkpoints/ckpt_final.pt,9,256
2e00f465c3.jpg,photo_to_monet (B2A),../checkpoints/ckpt_final.pt,9,256
2e09380c2a.jpg,photo_to_monet (B2A),../checkpoints/ckpt_final.pt,9,256
2e1753ba9b.jpg,photo_to_monet (B2A),../checkpoints/ckpt_final.pt,9,256
2e1c6fc11b.jpg,photo_to_monet (B2A),../checkpoints/ckpt_final.pt,9,256
2e2e206c28.jpg,photo_to_monet (B2A),../checkpoints/ckpt_final.pt,9,256
2e301d7558.jpg,photo_to_monet (B2A),../checkpoints/ckpt_final.pt,9,256
2e517b8314.jpg,photo_to_monet (B2A),../checkpoints/ckpt_final.pt,9,256
2e5fbd7286.jpg,photo_to_monet (B2A),../checkpoints/ckpt_final.pt,9,256
2e6ec4908b.jpg,photo_to_monet (B2A),../checkpoints/ckpt_final.pt,9,256
2e7742679f.jpg,photo_to_monet (B2A),../checkpoints/ckpt_final.pt,9,256
2e78e51950.jpg,photo_to_monet (B2A),../checkpoints/ckpt_final.pt,9,256
2e78e73bea.jpg,photo_to_monet (B2A),../checkpoints/ckpt_final.pt,9,256
2e7bf7b6d7.jpg,photo_to_monet (B2A),../checkpoints/ckpt_final.pt,9,256
2e90f3f80e.jpg,photo_to_monet (B2A),../checkpoints/ckpt_final.pt,9,256
2eaec67b91.jpg,photo_to_monet (B2A),../checkpoints/ckpt_final.pt,9,256
2ec41d4134.jpg,photo_to_monet (B2A),../checkpoints/ckpt_final.pt,9,256
2ecf4e49d6.jpg,photo_to_monet (B2A),../checkpoints/ckpt_final.pt,9,256
2ee3c2e52e.jpg,photo_to_monet (B2A),../checkpoints/ckpt_final.pt,9,256
2ee77c2635.jpg,photo_to_monet (B2A),../checkpoints/ckpt_final.pt,9,256
2ef2770a26.jpg,photo_to_monet (B2A),../checkpoints/ckpt_final.pt,9,256
2f109a6785.jpg,photo_to_monet (B2A),../checkpoints/ckpt_final.pt,9,256
2f16239804.jpg,photo_to_monet (B2A),../checkpoints/ckpt_final.pt,9,256
2f1aabf863.jpg,photo_to_monet (B2A),../checkpoints/ckpt_final.pt,9,256
2f1cadb0b7.jpg,photo_to_monet (B2A),../checkpoints/ckpt_final.pt,9,256
2f220b23a4.jpg,photo_to_monet (B2A),../checkpoints/ckpt_final.pt,9,256
2f23c7dfd2.jpg,photo_to_monet (B2A),../checkpoints/ckpt_final.pt,9,256
2f33daf7c6.jpg,photo_to_monet (B2A),../checkpoints/ckpt_final.pt,9,256
2f5081e946.jpg,photo_to_monet (B2A),../checkpoints/ckpt_final.pt,9,256
2f8ca8f7dd.jpg,photo_to_monet (B2A),../checkpoints/ckpt_final.pt,9,256
2f9d43719d.jpg,photo_to_monet (B2A),../checkpoints/ckpt_final.pt,9,256
2f9dac2cfc.jpg,photo_to_monet (B2A),../checkpoints/ckpt_final.pt,9,256
2fa3a1847b.jpg,photo_to_monet (B2A),../checkpoints/ckpt_final.pt,9,256
2fa51ca1fa.jpg,photo_to_monet (B2A),../checkpoints/ckpt_final.pt,9,256
2fb1aee127.jpg,photo_to_monet (B2A),../checkpoints/ckpt_final.pt,9,256
2fb56b3050.jpg,photo_to_monet (B2A),../checkpoints/ckpt_final.pt,9,256
2fb9a62d4f.jpg,photo_to_monet (B2A),../checkpoints/ckpt_final.pt,9,256
2fbd381154.jpg,photo_to_monet (B2A),../checkpoints/ckpt_final.pt,9,256
2fcca3b171.jpg,photo_to_monet (B2A),../checkpoints/ckpt_final.pt,9,256
2fd530981b.jpg,photo_to_monet (B2A),../checkpoints/ckpt_final.pt,9,256
2fde227d1f.jpg,photo_to_monet (B2A),../checkpoints/ckpt_final.pt,9,256
2ffdb7bb25.jpg,photo_to_monet (B2A),../checkpoints/ckpt_final.pt,9,256
2fffa9b80b.jpg,photo_to_monet (B2A),../checkpoints/ckpt_final.pt,9,256
2ffff1f4b7.jpg,photo_to_monet (B2A),../checkpoints/ckpt_final.pt,9,256
300bfa61ee.jpg,photo_to_monet (B2A),../checkpoints/ckpt_final.pt,9,256
300de48204.jpg,photo_to_monet (B2A),../checkpoints/ckpt_final.pt,9,256
30126b0c64.jpg,photo_to_monet (B2A),../checkpoints/ckpt_final.pt,9,256
3012de7eed.jpg,photo_to_monet (B2A),../checkpoints/ckpt_final.pt,9,256
3016a28e9d.jpg,photo_to_monet (B2A),../checkpoints/ckpt_final.pt,9,256
3023c7e91c.jpg,photo_to_monet (B2A),../checkpoints/ckpt_final.pt,9,256
3036b97556.jpg,photo_to_monet (B2A),../checkpoints/ckpt_final.pt,9,256
303b61552d.jpg,photo_to_monet (B2A),../checkpoints/ckpt_final.pt,9,256
304070d771.jpg,photo_to_monet (B2A),../checkpoints/ckpt_final.pt,9,256
30466cabde.jpg,photo_to_monet (B2A),../checkpoints/ckpt_final.pt,9,256
3047c6263a.jpg,photo_to_monet (B2A),../checkpoints/ckpt_final.pt,9,256
304c2f4d34.jpg,photo_to_monet (B2A),../checkpoints/ckpt_final.pt,9,256
304fd99da4.jpg,photo_to_monet (B2A),../checkpoints/ckpt_final.pt,9,256
305e8c1906.jpg,photo_to_monet (B2A),../checkpoints/ckpt_final.pt,9,256
305fc59b7e.jpg,photo_to_monet (B2A),../checkpoints/ckpt_final.pt,9,256
306397c35a.jpg,photo_to_monet (B2A),../checkpoints/ckpt_final.pt,9,256
30647276ab.jpg,photo_to_monet (B2A),../checkpoints/ckpt_final.pt,9,256
306ebd4b5c.jpg,photo_to_monet (B2A),../checkpoints/ckpt_final.pt,9,256
306fdd232d.jpg,photo_to_monet (B2A),../checkpoints/ckpt_final.pt,9,256
30704449eb.jpg,photo_to_monet (B2A),../checkpoints/ckpt_final.pt,9,256
3070a4c8b0.jpg,photo_to_monet (B2A),../checkpoints/ckpt_final.pt,9,256
30718dc781.jpg,photo_to_monet (B2A),../checkpoints/ckpt_final.pt,9,256
307d716b38.jpg,photo_to_monet (B2A),../checkpoints/ckpt_final.pt,9,256
30821a129e.jpg,photo_to_monet (B2A),../checkpoints/ckpt_final.pt,9,256
30c43e2fe9.jpg,photo_to_monet (B2A),../checkpoints/ckpt_final.pt,9,256
30ca82141f.jpg,photo_to_monet (B2A),../checkpoints/ckpt_final.pt,9,256
30d24dd7c8.jpg,photo_to_monet (B2A),../checkpoints/ckpt_final.pt,9,256
30ea353d97.jpg,photo_to_monet (B2A),../checkpoints/ckpt_final.pt,9,256
30ea58dabb.jpg,photo_to_monet (B2A),../checkpoints/ckpt_final.pt,9,256
30f4a36c95.jpg,photo_to_monet (B2A),../checkpoints/ckpt_final.pt,9,256
30ff35c5af.jpg,photo_to_monet (B2A),../checkpoints/ckpt_final.pt,9,256
3116136a42.jpg,photo_to_monet (B2A),../checkpoints/ckpt_final.pt,9,256
312c2be90b.jpg,photo_to_monet (B2A),../checkpoints/ckpt_final.pt,9,256
313cd1f3e0.jpg,photo_to_monet (B2A),../checkpoints/ckpt_final.pt,9,256
3150771433.jpg,photo_to_monet (B2A),../checkpoints/ckpt_final.pt,9,256
3165c39cd3.jpg,photo_to_monet (B2A),../checkpoints/ckpt_final.pt,9,256
3178a6117e.jpg,photo_to_monet (B2A),../checkpoints/ckpt_final.pt,9,256
317b731059.jpg,photo_to_monet (B2A),../checkpoints/ckpt_final.pt,9,256
317ecf9e9d.jpg,photo_to_monet (B2A),../checkpoints/ckpt_final.pt,9,256
31819e2fb6.jpg,photo_to_monet (B2A),../checkpoints/ckpt_final.pt,9,256
318d2dd948.jpg,photo_to_monet (B2A),../checkpoints/ckpt_final.pt,9,256
319031271d.jpg,photo_to_monet (B2A),../checkpoints/ckpt_final.pt,9,256
319b17bbb4.jpg,photo_to_monet (B2A),../checkpoints/ckpt_final.pt,9,256
319b8157e2.jpg,photo_to_monet (B2A),../checkpoints/ckpt_final.pt,9,256
319de8a4c3.jpg,photo_to_monet (B2A),../checkpoints/ckpt_final.pt,9,256
31af3a1906.jpg,photo_to_monet (B2A),../checkpoints/ckpt_final.pt,9,256
31dd6a20fc.jpg,photo_to_monet (B2A),../checkpoints/ckpt_final.pt,9,256
31e3562ead.jpg,photo_to_monet (B2A),../checkpoints/ckpt_final.pt,9,256
31ebef8c4c.jpg,photo_to_monet (B2A),../checkpoints/ckpt_final.pt,9,256
31ecf73a02.jpg,photo_to_monet (B2A),../checkpoints/ckpt_final.pt,9,256
31fbb87d97.jpg,photo_to_monet (B2A),../checkpoints/ckpt_final.pt,9,256
31fdcfab86.jpg,photo_to_monet (B2A),../checkpoints/ckpt_final.pt,9,256
32076ecaf2.jpg,photo_to_monet (B2A),../checkpoints/ckpt_final.pt,9,256
3213f8108a.jpg,photo_to_monet (B2A),../checkpoints/ckpt_final.pt,9,256
3224e61375.jpg,photo_to_monet (B2A),../checkpoints/ckpt_final.pt,9,256
32277975c5.jpg,photo_to_monet (B2A),../checkpoints/ckpt_final.pt,9,256
3250368377.jpg,photo_to_monet (B2A),../checkpoints/ckpt_final.pt,9,256
325120c998.jpg,photo_to_monet (B2A),../checkpoints/ckpt_final.pt,9,256
32639bab15.jpg,photo_to_monet (B2A),../checkpoints/ckpt_final.pt,9,256
3277390c9b.jpg,photo_to_monet (B2A),../checkpoints/ckpt_final.pt,9,256
3278d87456.jpg,photo_to_monet (B2A),../checkpoints/ckpt_final.pt,9,256
327bbda45b.jpg,photo_to_monet (B2A),../checkpoints/ckpt_final.pt,9,256
328321b466.jpg,photo_to_monet (B2A),../checkpoints/ckpt_final.pt,9,256
32882d9a83.jpg,photo_to_monet (B2A),../checkpoints/ckpt_final.pt,9,256
3291187d91.jpg,photo_to_monet (B2A),../checkpoints/ckpt_final.pt,9,256
32a1470651.jpg,photo_to_monet (B2A),../checkpoints/ckpt_final.pt,9,256
32ae69a50f.jpg,photo_to_monet (B2A),../checkpoints/ckpt_final.pt,9,256
32b537e6de.jpg,photo_to_monet (B2A),../checkpoints/ckpt_final.pt,9,256
32bb26374a.jpg,photo_to_monet (B2A),../checkpoints/ckpt_final.pt,9,256
32bcb20dae.jpg,photo_to_monet (B2A),../checkpoints/ckpt_final.pt,9,256
32cb5db524.jpg,photo_to_monet (B2A),../checkpoints/ckpt_final.pt,9,256
32d3f34515.jpg,photo_to_monet (B2A),../checkpoints/ckpt_final.pt,9,256
32d98e72dd.jpg,photo_to_monet (B2A),../checkpoints/ckpt_final.pt,9,256
32dde12686.jpg,photo_to_monet (B2A),../checkpoints/ckpt_final.pt,9,256
32df0e0408.jpg,photo_to_monet (B2A),../checkpoints/ckpt_final.pt,9,256
32edfa9c9d.jpg,photo_to_monet (B2A),../checkpoints/ckpt_final.pt,9,256
32f3055dff.jpg,photo_to_monet (B2A),../checkpoints/ckpt_final.pt,9,256
32fae726b3.jpg,photo_to_monet (B2A),../checkpoints/ckpt_final.pt,9,256
32fdfa3c24.jpg,photo_to_monet (B2A),../checkpoints/ckpt_final.pt,9,256
33032dc5ad.jpg,photo_to_monet (B2A),../checkpoints/ckpt_final.pt,9,256
33084e742e.jpg,photo_to_monet (B2A),../checkpoints/ckpt_final.pt,9,256
330fa8a7a8.jpg,photo_to_monet (B2A),../checkpoints/ckpt_final.pt,9,256
3316c8daed.jpg,photo_to_monet (B2A),../checkpoints/ckpt_final.pt,9,256
331f082a0b.jpg,photo_to_monet (B2A),../checkpoints/ckpt_final.pt,9,256
33244a8ba9.jpg,photo_to_monet (B2A),../checkpoints/ckpt_final.pt,9,256
332da05c9c.jpg,photo_to_monet (B2A),../checkpoints/ckpt_final.pt,9,256
3335cea81d.jpg,photo_to_monet (B2A),../checkpoints/ckpt_final.pt,9,256
33392f6dea.jpg,photo_to_monet (B2A),../checkpoints/ckpt_final.pt,9,256
333b2e7121.jpg,photo_to_monet (B2A),../checkpoints/ckpt_final.pt,9,256
334259faa0.jpg,photo_to_monet (B2A),../checkpoints/ckpt_final.pt,9,256
33439a9a62.jpg,photo_to_monet (B2A),../checkpoints/ckpt_final.pt,9,256
335adb946b.jpg,photo_to_monet (B2A),../checkpoints/ckpt_final.pt,9,256
335bf2f75a.jpg,photo_to_monet (B2A),../checkpoints/ckpt_final.pt,9,256
335d7fa61b.jpg,photo_to_monet (B2A),../checkpoints/ckpt_final.pt,9,256
336e786f25.jpg,photo_to_monet (B2A),../checkpoints/ckpt_final.pt,9,256
337a9d7475.jpg,photo_to_monet (B2A),../checkpoints/ckpt_final.pt,9,256
338fec22de.jpg,photo_to_monet (B2A),../checkpoints/ckpt_final.pt,9,256
339d590103.jpg,photo_to_monet (B2A),../checkpoints/ckpt_final.pt,9,256
339db96fd4.jpg,photo_to_monet (B2A),../checkpoints/ckpt_final.pt,9,256
33a24fd568.jpg,photo_to_monet (B2A),../checkpoints/ckpt_final.pt,9,256
33b29070dc.jpg,photo_to_monet (B2A),../checkpoints/ckpt_final.pt,9,256
33b5473fb6.jpg,photo_to_monet (B2A),../checkpoints/ckpt_final.pt,9,256
33bae37b7a.jpg,photo_to_monet (B2A),../checkpoints/ckpt_final.pt,9,256
33baf9fee5.jpg,photo_to_monet (B2A),../checkpoints/ckpt_final.pt,9,256
33bd2f6360.jpg,photo_to_monet (B2A),../checkpoints/ckpt_final.pt,9,256
33c737f426.jpg,photo_to_monet (B2A),../checkpoints/ckpt_final.pt,9,256
33ce5179c2.jpg,photo_to_monet (B2A),../checkpoints/ckpt_final.pt,9,256
33d7e16c5c.jpg,photo_to_monet (B2A),../checkpoints/ckpt_final.pt,9,256
33e21e0ee8.jpg,photo_to_monet (B2A),../checkpoints/ckpt_final.pt,9,256
33e4c897aa.jpg,photo_to_monet (B2A),../checkpoints/ckpt_final.pt,9,256
33f2df4cbe.jpg,photo_to_monet (B2A),../checkpoints/ckpt_final.pt,9,256
33ffdde2a0.jpg,photo_to_monet (B2A),../checkpoints/ckpt_final.pt,9,256
340c575487.jpg,photo_to_monet (B2A),../checkpoints/ckpt_final.pt,9,256
3414d1e597.jpg,photo_to_monet (B2A),../checkpoints/ckpt_final.pt,9,256
341acd12b6.jpg,photo_to_monet (B2A),../checkpoints/ckpt_final.pt,9,256
34300a53dd.jpg,photo_to_monet (B2A),../checkpoints/ckpt_final.pt,9,256
343035e393.jpg,photo_to_monet (B2A),../checkpoints/ckpt_final.pt,9,256
3433e1373b.jpg,photo_to_monet (B2A),../checkpoints/ckpt_final.pt,9,256
3434712cc3.jpg,photo_to_monet (B2A),../checkpoints/ckpt_final.pt,9,256
34380cf889.jpg,photo_to_monet (B2A),../checkpoints/ckpt_final.pt,9,256
343e090a43.jpg,photo_to_monet (B2A),../checkpoints/ckpt_final.pt,9,256
343fa4c0eb.jpg,photo_to_monet (B2A),../checkpoints/ckpt_final.pt,9,256
3447169f2b.jpg,photo_to_monet (B2A),../checkpoints/ckpt_final.pt,9,256
344cac7fe0.jpg,photo_to_monet (B2A),../checkpoints/ckpt_final.pt,9,256
345ee88105.jpg,photo_to_monet (B2A),../checkpoints/ckpt_final.pt,9,256
346579c393.jpg,photo_to_monet (B2A),../checkpoints/ckpt_final.pt,9,256
346a66651d.jpg,photo_to_monet (B2A),../checkpoints/ckpt_final.pt,9,256
347519baef.jpg,photo_to_monet (B2A),../checkpoints/ckpt_final.pt,9,256
347a1a864e.jpg,photo_to_monet (B2A),../checkpoints/ckpt_final.pt,9,256
3480de8e9c.jpg,photo_to_monet (B2A),../checkpoints/ckpt_final.pt,9,256
3482a0b159.jpg,photo_to_monet (B2A),../checkpoints/ckpt_final.pt,9,256
34840c34c1.jpg,photo_to_monet (B2A),../checkpoints/ckpt_final.pt,9,256
348e12ab8b.jpg,photo_to_monet (B2A),../checkpoints/ckpt_final.pt,9,256
3493315b15.jpg,photo_to_monet (B2A),../checkpoints/ckpt_final.pt,9,256
34961a9ee6.jpg,photo_to_monet (B2A),../checkpoints/ckpt_final.pt,9,256
349afdf79d.jpg,photo_to_monet (B2A),../checkpoints/ckpt_final.pt,9,256
349eab5771.jpg,photo_to_monet (B2A),../checkpoints/ckpt_final.pt,9,256
34a0d6d394.jpg,photo_to_monet (B2A),../checkpoints/ckpt_final.pt,9,256
34a5e6c55b.jpg,photo_to_monet (B2A),../checkpoints/ckpt_final.pt,9,256
34a9eba898.jpg,photo_to_monet (B2A),../checkpoints/ckpt_final.pt,9,256
34b514be69.jpg,photo_to_monet (B2A),../checkpoints/ckpt_final.pt,9,256
34b51c7261.jpg,photo_to_monet (B2A),../checkpoints/ckpt_final.pt,9,256
34c5f04545.jpg,photo_to_monet (B2A),../checkpoints/ckpt_final.pt,9,256
34cbab9a5d.jpg,photo_to_monet (B2A),../checkpoints/ckpt_final.pt,9,256
34cf1b263e.jpg,photo_to_monet (B2A),../checkpoints/ckpt_final.pt,9,256
34daf62663.jpg,photo_to_monet (B2A),../checkpoints/ckpt_final.pt,9,256
34e314407f.jpg,photo_to_monet (B2A),../checkpoints/ckpt_final.pt,9,256
34e66708aa.jpg,photo_to_monet (B2A),../checkpoints/ckpt_final.pt,9,256
34e95595ce.jpg,photo_to_monet (B2A),../checkpoints/ckpt_final.pt,9,256
34eac9ab64.jpg,photo_to_monet (B2A),../checkpoints/ckpt_final.pt,9,256
34f4d5c9d4.jpg,photo_to_monet (B2A),../checkpoints/ckpt_final.pt,9,256
34fb6596e1.jpg,photo_to_monet (B2A),../checkpoints/ckpt_final.pt,9,256
34fe687882.jpg,photo_to_monet (B2A),../checkpoints/ckpt_final.pt,9,256
350b5ebef7.jpg,photo_to_monet (B2A),../checkpoints/ckpt_final.pt,9,256
350d2a84d5.jpg,photo_to_monet (B2A),../checkpoints/ckpt_final.pt,9,256
351e2041bb.jpg,photo_to_monet (B2A),../checkpoints/ckpt_final.pt,9,256
3528e213a3.jpg,photo_to_monet (B2A),../checkpoints/ckpt_final.pt,9,256
352c83ab74.jpg,photo_to_monet (B2A),../checkpoints/ckpt_final.pt,9,256
352e273208.jpg,photo_to_monet (B2A),../checkpoints/ckpt_final.pt,9,256
35395df60a.jpg,photo_to_monet (B2A),../checkpoints/ckpt_final.pt,9,256
353a61be7f.jpg,photo_to_monet (B2A),../checkpoints/ckpt_final.pt,9,256
353dedb268.jpg,photo_to_monet (B2A),../checkpoints/ckpt_final.pt,9,256
353e6a68f4.jpg,photo_to_monet (B2A),../checkpoints/ckpt_final.pt,9,256
355475c717.jpg,photo_to_monet (B2A),../checkpoints/ckpt_final.pt,9,256
355c86cd3d.jpg,photo_to_monet (B2A),../checkpoints/ckpt_final.pt,9,256
356a62efca.jpg,photo_to_monet (B2A),../checkpoints/ckpt_final.pt,9,256
356caca006.jpg,photo_to_monet (B2A),../checkpoints/ckpt_final.pt,9,256
358670e605.jpg,photo_to_monet (B2A),../checkpoints/ckpt_final.pt,9,256
358b265ed6.jpg,photo_to_monet (B2A),../checkpoints/ckpt_final.pt,9,256
35945cd71c.jpg,photo_to_monet (B2A),../checkpoints/ckpt_final.pt,9,256
359495f7a4.jpg,photo_to_monet (B2A),../checkpoints/ckpt_final.pt,9,256
35961ab226.jpg,photo_to_monet (B2A),../checkpoints/ckpt_final.pt,9,256
3596426373.jpg,photo_to_monet (B2A),../checkpoints/ckpt_final.pt,9,256
359b6a2430.jpg,photo_to_monet (B2A),../checkpoints/ckpt_final.pt,9,256
35b0c24b22.jpg,photo_to_monet (B2A),../checkpoints/ckpt_final.pt,9,256
35dd92bfb3.jpg,photo_to_monet (B2A),../checkpoints/ckpt_final.pt,9,256
35e792eb1a.jpg,photo_to_monet (B2A),../checkpoints/ckpt_final.pt,9,256
35e7c9ec58.jpg,photo_to_monet (B2A),../checkpoints/ckpt_final.pt,9,256
35ed01ca2e.jpg,photo_to_monet (B2A),../checkpoints/ckpt_final.pt,9,256
35ed52c72f.jpg,photo_to_monet (B2A),../checkpoints/ckpt_final.pt,9,256
35fab228d4.jpg,photo_to_monet (B2A),../checkpoints/ckpt_final.pt,9,256
36000244a2.jpg,photo_to_monet (B2A),../checkpoints/ckpt_final.pt,9,256
3608d6b3ac.jpg,photo_to_monet (B2A),../checkpoints/ckpt_final.pt,9,256
360a1c7c80.jpg,photo_to_monet (B2A),../checkpoints/ckpt_final.pt,9,256
361f298a02.jpg,photo_to_monet (B2A),../checkpoints/ckpt_final.pt,9,256
3621a894db.jpg,photo_to_monet (B2A),../checkpoints/ckpt_final.pt,9,256
362204f307.jpg,photo_to_monet (B2A),../checkpoints/ckpt_final.pt,9,256
362511599b.jpg,photo_to_monet (B2A),../checkpoints/ckpt_final.pt,9,256
36261d4302.jpg,photo_to_monet (B2A),../checkpoints/ckpt_final.pt,9,256
3632f44a7c.jpg,photo_to_monet (B2A),../checkpoints/ckpt_final.pt,9,256
3648d77005.jpg,photo_to_monet (B2A),../checkpoints/ckpt_final.pt,9,256
3656053e31.jpg,photo_to_monet (B2A),../checkpoints/ckpt_final.pt,9,256
3657ef6b24.jpg,photo_to_monet (B2A),../checkpoints/ckpt_final.pt,9,256
368b9526b7.jpg,photo_to_monet (B2A),../checkpoints/ckpt_final.pt,9,256
368ee43922.jpg,photo_to_monet (B2A),../checkpoints/ckpt_final.pt,9,256
3691380fa5.jpg,photo_to_monet (B2A),../checkpoints/ckpt_final.pt,9,256
3695170ba2.jpg,photo_to_monet (B2A),../checkpoints/ckpt_final.pt,9,256
369897af38.jpg,photo_to_monet (B2A),../checkpoints/ckpt_final.pt,9,256
36a77b49fe.jpg,photo_to_monet (B2A),../checkpoints/ckpt_final.pt,9,256
36a93aa776.jpg,photo_to_monet (B2A),../checkpoints/ckpt_final.pt,9,256
36a9509d21.jpg,photo_to_monet (B2A),../checkpoints/ckpt_final.pt,9,256
36ad6eb2d8.jpg,photo_to_monet (B2A),../checkpoints/ckpt_final.pt,9,256
36b37b892a.jpg,photo_to_monet (B2A),../checkpoints/ckpt_final.pt,9,256
36bafe2801.jpg,photo_to_monet (B2A),../checkpoints/ckpt_final.pt,9,256
36bcc9afa9.jpg,photo_to_monet (B2A),../checkpoints/ckpt_final.pt,9,256
36d67864d9.jpg,photo_to_monet (B2A),../checkpoints/ckpt_final.pt,9,256
36d957036d.jpg,photo_to_monet (B2A),../checkpoints/ckpt_final.pt,9,256
36daf4d43d.jpg,photo_to_monet (B2A),../checkpoints/ckpt_final.pt,9,256
36e4004846.jpg,photo_to_monet (B2A),../checkpoints/ckpt_final.pt,9,256
36eb013265.jpg,photo_to_monet (B2A),../checkpoints/ckpt_final.pt,9,256
36eccca3ab.jpg,photo_to_monet (B2A),../checkpoints/ckpt_final.pt,9,256
36f18cca17.jpg,photo_to_monet (B2A),../checkpoints/ckpt_final.pt,9,256
36f6aeb966.jpg,photo_to_monet (B2A),../checkpoints/ckpt_final.pt,9,256
37075ca2ee.jpg,photo_to_monet (B2A),../checkpoints/ckpt_final.pt,9,256
371c59835b.jpg,photo_to_monet (B2A),../checkpoints/ckpt_final.pt,9,256
371f2829aa.jpg,photo_to_monet (B2A),../checkpoints/ckpt_final.pt,9,256
372d828feb.jpg,photo_to_monet (B2A),../checkpoints/ckpt_final.pt,9,256
372dc58821.jpg,photo_to_monet (B2A),../checkpoints/ckpt_final.pt,9,256
37322d9ff2.jpg,photo_to_monet (B2A),../checkpoints/ckpt_final.pt,9,256
3744adb842.jpg,photo_to_monet (B2A),../checkpoints/ckpt_final.pt,9,256
374d5245d4.jpg,photo_to_monet (B2A),../checkpoints/ckpt_final.pt,9,256
3751b9831c.jpg,photo_to_monet (B2A),../checkpoints/ckpt_final.pt,9,256
376073b21e.jpg,photo_to_monet (B2A),../checkpoints/ckpt_final.pt,9,256
376ddd69e6.jpg,photo_to_monet (B2A),../checkpoints/ckpt_final.pt,9,256
376f1b5edb.jpg,photo_to_monet (B2A),../checkpoints/ckpt_final.pt,9,256
377329db11.jpg,photo_to_monet (B2A),../checkpoints/ckpt_final.pt,9,256
3778fecb0c.jpg,photo_to_monet (B2A),../checkpoints/ckpt_final.pt,9,256
3789eceb0c.jpg,photo_to_monet (B2A),../checkpoints/ckpt_final.pt,9,256
37911bdb2c.jpg,photo_to_monet (B2A),../checkpoints/ckpt_final.pt,9,256
37917ad369.jpg,photo_to_monet (B2A),../checkpoints/ckpt_final.pt,9,256
37928f6999.jpg,photo_to_monet (B2A),../checkpoints/ckpt_final.pt,9,256
379b25d4d3.jpg,photo_to_monet (B2A),../checkpoints/ckpt_final.pt,9,256
37a5918d6f.jpg,photo_to_monet (B2A),../checkpoints/ckpt_final.pt,9,256
37a90c2b86.jpg,photo_to_monet (B2A),../checkpoints/ckpt_final.pt,9,256
37aabb8541.jpg,photo_to_monet (B2A),../checkpoints/ckpt_final.pt,9,256
37b12b7bc9.jpg,photo_to_monet (B2A),../checkpoints/ckpt_final.pt,9,256
37b740d8f8.jpg,photo_to_monet (B2A),../checkpoints/ckpt_final.pt,9,256
37c5732454.jpg,photo_to_monet (B2A),../checkpoints/ckpt_final.pt,9,256
37c6dc5971.jpg,photo_to_monet (B2A),../checkpoints/ckpt_final.pt,9,256
37cc9acfc2.jpg,photo_to_monet (B2A),../checkpoints/ckpt_final.pt,9,256
37cfa76bf2.jpg,photo_to_monet (B2A),../checkpoints/ckpt_final.pt,9,256
37d0b619d1.jpg,photo_to_monet (B2A),../checkpoints/ckpt_final.pt,9,256
37d3e79b71.jpg,photo_to_monet (B2A),../checkpoints/ckpt_final.pt,9,256
37df208f9f.jpg,photo_to_monet (B2A),../checkpoints/ckpt_final.pt,9,256
37eb07f626.jpg,photo_to_monet (B2A),../checkpoints/ckpt_final.pt,9,256
37f738e7bc.jpg,photo_to_monet (B2A),../checkpoints/ckpt_final.pt,9,256
37fba790de.jpg,photo_to_monet (B2A),../checkpoints/ckpt_final.pt,9,256
38062f7d79.jpg,photo_to_monet (B2A),../checkpoints/ckpt_final.pt,9,256
38070f5dbb.jpg,photo_to_monet (B2A),../checkpoints/ckpt_final.pt,9,256
38086cf21f.jpg,photo_to_monet (B2A),../checkpoints/ckpt_final.pt,9,256
381267e62a.jpg,photo_to_monet (B2A),../checkpoints/ckpt_final.pt,9,256
381280b99b.jpg,photo_to_monet (B2A),../checkpoints/ckpt_final.pt,9,256
381d086c95.jpg,photo_to_monet (B2A),../checkpoints/ckpt_final.pt,9,256
3820d34bd5.jpg,photo_to_monet (B2A),../checkpoints/ckpt_final.pt,9,256
3833afaa5a.jpg,photo_to_monet (B2A),../checkpoints/ckpt_final.pt,9,256
383bfdbd98.jpg,photo_to_monet (B2A),../checkpoints/ckpt_final.pt,9,256
3842636752.jpg,photo_to_monet (B2A),../checkpoints/ckpt_final.pt,9,256
385d53e164.jpg,photo_to_monet (B2A),../checkpoints/ckpt_final.pt,9,256
385f8eb28d.jpg,photo_to_monet (B2A),../checkpoints/ckpt_final.pt,9,256
3860dba6e7.jpg,photo_to_monet (B2A),../checkpoints/ckpt_final.pt,9,256
38629959ac.jpg,photo_to_monet (B2A),../checkpoints/ckpt_final.pt,9,256
3865b242b9.jpg,photo_to_monet (B2A),../checkpoints/ckpt_final.pt,9,256
38662909dd.jpg,photo_to_monet (B2A),../checkpoints/ckpt_final.pt,9,256
38684f015e.jpg,photo_to_monet (B2A),../checkpoints/ckpt_final.pt,9,256
386a3c0897.jpg,photo_to_monet (B2A),../checkpoints/ckpt_final.pt,9,256
3876bbbae0.jpg,photo_to_monet (B2A),../checkpoints/ckpt_final.pt,9,256
3886187ed1.jpg,photo_to_monet (B2A),../checkpoints/ckpt_final.pt,9,256
3891ee053e.jpg,photo_to_monet (B2A),../checkpoints/ckpt_final.pt,9,256
38992f60c4.jpg,photo_to_monet (B2A),../checkpoints/ckpt_final.pt,9,256
38993b35f9.jpg,photo_to_monet (B2A),../checkpoints/ckpt_final.pt,9,256
389acc824c.jpg,photo_to_monet (B2A),../checkpoints/ckpt_final.pt,9,256
389cbe6e1a.jpg,photo_to_monet (B2A),../checkpoints/ckpt_final.pt,9,256
38bb0ec345.jpg,photo_to_monet (B2A),../checkpoints/ckpt_final.pt,9,256
38c6532fe1.jpg,photo_to_monet (B2A),../checkpoints/ckpt_final.pt,9,256
38c88ad59d.jpg,photo_to_monet (B2A),../checkpoints/ckpt_final.pt,9,256
38cb53af79.jpg,photo_to_monet (B2A),../checkpoints/ckpt_final.pt,9,256
38d00950b6.jpg,photo_to_monet (B2A),../checkpoints/ckpt_final.pt,9,256
38d0de69d8.jpg,photo_to_monet (B2A),../checkpoints/ckpt_final.pt,9,256
38d5379f18.jpg,photo_to_monet (B2A),../checkpoints/ckpt_final.pt,9,256
38d71d4dfe.jpg,photo_to_monet (B2A),../checkpoints/ckpt_final.pt,9,256
38d9042083.jpg,photo_to_monet (B2A),../checkpoints/ckpt_final.pt,9,256
38deab6c01.jpg,photo_to_monet (B2A),../checkpoints/ckpt_final.pt,9,256
38dfbc95b7.jpg,photo_to_monet (B2A),../checkpoints/ckpt_final.pt,9,256
38ebf8fc82.jpg,photo_to_monet (B2A),../checkpoints/ckpt_final.pt,9,256
38f185baa6.jpg,photo_to_monet (B2A),../checkpoints/ckpt_final.pt,9,256
390f3f16d6.jpg,photo_to_monet (B2A),../checkpoints/ckpt_final.pt,9,256
3915c24d8d.jpg,photo_to_monet (B2A),../checkpoints/ckpt_final.pt,9,256
3916d76a57.jpg,photo_to_monet (B2A),../checkpoints/ckpt_final.pt,9,256
392c032d0e.jpg,photo_to_monet (B2A),../checkpoints/ckpt_final.pt,9,256
3941a52677.jpg,photo_to_monet (B2A),../checkpoints/ckpt_final.pt,9,256
394a38353e.jpg,photo_to_monet (B2A),../checkpoints/ckpt_final.pt,9,256
39545bce2e.jpg,photo_to_monet (B2A),../checkpoints/ckpt_final.pt,9,256
396b917aad.jpg,photo_to_monet (B2A),../checkpoints/ckpt_final.pt,9,256
39780192ea.jpg,photo_to_monet (B2A),../checkpoints/ckpt_final.pt,9,256
398849f59d.jpg,photo_to_monet (B2A),../checkpoints/ckpt_final.pt,9,256
39b7d694de.jpg,photo_to_monet (B2A),../checkpoints/ckpt_final.pt,9,256
39c1270676.jpg,photo_to_monet (B2A),../checkpoints/ckpt_final.pt,9,256
39db6bdbbe.jpg,photo_to_monet (B2A),../checkpoints/ckpt_final.pt,9,256
39ff1e8568.jpg,photo_to_monet (B2A),../checkpoints/ckpt_final.pt,9,256
3a0046ee0d.jpg,photo_to_monet (B2A),../checkpoints/ckpt_final.pt,9,256
3a00c416f6.jpg,photo_to_monet (B2A),../checkpoints/ckpt_final.pt,9,256
3a2f29ea97.jpg,photo_to_monet (B2A),../checkpoints/ckpt_final.pt,9,256
3a36ff8b4b.jpg,photo_to_monet (B2A),../checkpoints/ckpt_final.pt,9,256
3a423d3645.jpg,photo_to_monet (B2A),../checkpoints/ckpt_final.pt,9,256
3a4414aa6b.jpg,photo_to_monet (B2A),../checkpoints/ckpt_final.pt,9,256
3a582c9914.jpg,photo_to_monet (B2A),../checkpoints/ckpt_final.pt,9,256
3a5b6e28e0.jpg,photo_to_monet (B2A),../checkpoints/ckpt_final.pt,9,256
3a5c7e707a.jpg,photo_to_monet (B2A),../checkpoints/ckpt_final.pt,9,256
3a747d8723.jpg,photo_to_monet (B2A),../checkpoints/ckpt_final.pt,9,256
3a7a0992dd.jpg,photo_to_monet (B2A),../checkpoints/ckpt_final.pt,9,256
3a82bd4f2a.jpg,photo_to_monet (B2A),../checkpoints/ckpt_final.pt,9,256
3a872d9357.jpg,photo_to_monet (B2A),../checkpoints/ckpt_final.pt,9,256
3a91a66bdd.jpg,photo_to_monet (B2A),../checkpoints/ckpt_final.pt,9,256
3a9483311f.jpg,photo_to_monet (B2A),../checkpoints/ckpt_final.pt,9,256
3a9d528df2.jpg,photo_to_monet (B2A),../checkpoints/ckpt_final.pt,9,256
3ab31603e2.jpg,photo_to_monet (B2A),../checkpoints/ckpt_final.pt,9,256
3abca1ec15.jpg,photo_to_monet (B2A),../checkpoints/ckpt_final.pt,9,256
3ac5c5efeb.jpg,photo_to_monet (B2A),../checkpoints/ckpt_final.pt,9,256
3acafb52ae.jpg,photo_to_monet (B2A),../checkpoints/ckpt_final.pt,9,256
3ad0aa389f.jpg,photo_to_monet (B2A),../checkpoints/ckpt_final.pt,9,256
3ade5505ba.jpg,photo_to_monet (B2A),../checkpoints/ckpt_final.pt,9,256
3adf6a85e3.jpg,photo_to_monet (B2A),../checkpoints/ckpt_final.pt,9,256
3af0aaf3ee.jpg,photo_to_monet (B2A),../checkpoints/ckpt_final.pt,9,256
3af3151f7f.jpg,photo_to_monet (B2A),../checkpoints/ckpt_final.pt,9,256
3afa5083c1.jpg,photo_to_monet (B2A),../checkpoints/ckpt_final.pt,9,256
3b047fc766.jpg,photo_to_monet (B2A),../checkpoints/ckpt_final.pt,9,256
3b20ee7aa5.jpg,photo_to_monet (B2A),../checkpoints/ckpt_final.pt,9,256
3b28c6b97b.jpg,photo_to_monet (B2A),../checkpoints/ckpt_final.pt,9,256
3b312d0ac5.jpg,photo_to_monet (B2A),../checkpoints/ckpt_final.pt,9,256
3b368db4be.jpg,photo_to_monet (B2A),../checkpoints/ckpt_final.pt,9,256
3b3f9ecd9d.jpg,photo_to_monet (B2A),../checkpoints/ckpt_final.pt,9,256
3b3fd02a40.jpg,photo_to_monet (B2A),../checkpoints/ckpt_final.pt,9,256
3b465f08bf.jpg,photo_to_monet (B2A),../checkpoints/ckpt_final.pt,9,256
3b4b485df5.jpg,photo_to_monet (B2A),../checkpoints/ckpt_final.pt,9,256
3b4e045bb7.jpg,photo_to_monet (B2A),../checkpoints/ckpt_final.pt,9,256
3b57973eb2.jpg,photo_to_monet (B2A),../checkpoints/ckpt_final.pt,9,256
3b5d843f5a.jpg,photo_to_monet (B2A),../checkpoints/ckpt_final.pt,9,256
3b64a40750.jpg,photo_to_monet (B2A),../checkpoints/ckpt_final.pt,9,256
3b6a39a00d.jpg,photo_to_monet (B2A),../checkpoints/ckpt_final.pt,9,256
3b6c01176c.jpg,photo_to_monet (B2A),../checkpoints/ckpt_final.pt,9,256
3b71b87d37.jpg,photo_to_monet (B2A),../checkpoints/ckpt_final.pt,9,256
3b76682887.jpg,photo_to_monet (B2A),../checkpoints/ckpt_final.pt,9,256
3b855caae4.jpg,photo_to_monet (B2A),../checkpoints/ckpt_final.pt,9,256
3bae3d1712.jpg,photo_to_monet (B2A),../checkpoints/ckpt_final.pt,9,256
3bc75876be.jpg,photo_to_monet (B2A),../checkpoints/ckpt_final.pt,9,256
3bcafe027c.jpg,photo_to_monet (B2A),../checkpoints/ckpt_final.pt,9,256
3bcc67701d.jpg,photo_to_monet (B2A),../checkpoints/ckpt_final.pt,9,256
3bd85aead5.jpg,photo_to_monet (B2A),../checkpoints/ckpt_final.pt,9,256
3bd8747102.jpg,photo_to_monet (B2A),../checkpoints/ckpt_final.pt,9,256
3bd9ddc108.jpg,photo_to_monet (B2A),../checkpoints/ckpt_final.pt,9,256
3be1aea5fc.jpg,photo_to_monet (B2A),../checkpoints/ckpt_final.pt,9,256
3bed43f9f6.jpg,photo_to_monet (B2A),../checkpoints/ckpt_final.pt,9,256
3bf9ac1eb3.jpg,photo_to_monet (B2A),../checkpoints/ckpt_final.pt,9,256
3bff224652.jpg,photo_to_monet (B2A),../checkpoints/ckpt_final.pt,9,256
3c048f020d.jpg,photo_to_monet (B2A),../checkpoints/ckpt_final.pt,9,256
3c07362391.jpg,photo_to_monet (B2A),../checkpoints/ckpt_final.pt,9,256
3c1963d1f8.jpg,photo_to_monet (B2A),../checkpoints/ckpt_final.pt,9,256
3c21346fb9.jpg,photo_to_monet (B2A),../checkpoints/ckpt_final.pt,9,256
3c327deaca.jpg,photo_to_monet (B2A),../checkpoints/ckpt_final.pt,9,256
3c3c78be02.jpg,photo_to_monet (B2A),../checkpoints/ckpt_final.pt,9,256
3c4406fa5a.jpg,photo_to_monet (B2A),../checkpoints/ckpt_final.pt,9,256
3c52316f14.jpg,photo_to_monet (B2A),../checkpoints/ckpt_final.pt,9,256
3c53ee8af8.jpg,photo_to_monet (B2A),../checkpoints/ckpt_final.pt,9,256
3c5cdd7090.jpg,photo_to_monet (B2A),../checkpoints/ckpt_final.pt,9,256
3c5e76d1e3.jpg,photo_to_monet (B2A),../checkpoints/ckpt_final.pt,9,256
3c65d848ee.jpg,photo_to_monet (B2A),../checkpoints/ckpt_final.pt,9,256
3c6fe5de40.jpg,photo_to_monet (B2A),../checkpoints/ckpt_final.pt,9,256
3c72375e57.jpg,photo_to_monet (B2A),../checkpoints/ckpt_final.pt,9,256
3c7383e41b.jpg,photo_to_monet (B2A),../checkpoints/ckpt_final.pt,9,256
3c750a98db.jpg,photo_to_monet (B2A),../checkpoints/ckpt_final.pt,9,256
3c7a019967.jpg,photo_to_monet (B2A),../checkpoints/ckpt_final.pt,9,256
3c840700fc.jpg,photo_to_monet (B2A),../checkpoints/ckpt_final.pt,9,256
3c8591595d.jpg,photo_to_monet (B2A),../checkpoints/ckpt_final.pt,9,256
3c8d055dde.jpg,photo_to_monet (B2A),../checkpoints/ckpt_final.pt,9,256
3c8de7efcc.jpg,photo_to_monet (B2A),../checkpoints/ckpt_final.pt,9,256
3c92f9da89.jpg,photo_to_monet (B2A),../checkpoints/ckpt_final.pt,9,256
3ca88b5bae.jpg,photo_to_monet (B2A),../checkpoints/ckpt_final.pt,9,256
3caa03fcca.jpg,photo_to_monet (B2A),../checkpoints/ckpt_final.pt,9,256
3cc4339658.jpg,photo_to_monet (B2A),../checkpoints/ckpt_final.pt,9,256
3cc6896a14.jpg,photo_to_monet (B2A),../checkpoints/ckpt_final.pt,9,256
3cc973e9c6.jpg,photo_to_monet (B2A),../checkpoints/ckpt_final.pt,9,256
3cca867846.jpg,photo_to_monet (B2A),../checkpoints/ckpt_final.pt,9,256
3ccbf381cc.jpg,photo_to_monet (B2A),../checkpoints/ckpt_final.pt,9,256
3cd0ce8fcd.jpg,photo_to_monet (B2A),../checkpoints/ckpt_final.pt,9,256
3cd43a2690.jpg,photo_to_monet (B2A),../checkpoints/ckpt_final.pt,9,256
3cdbcd6c29.jpg,photo_to_monet (B2A),../checkpoints/ckpt_final.pt,9,256
3ce8fe7b80.jpg,photo_to_monet (B2A),../checkpoints/ckpt_final.pt,9,256
3cf977901c.jpg,photo_to_monet (B2A),../checkpoints/ckpt_final.pt,9,256
3cff22e3c9.jpg,photo_to_monet (B2A),../checkpoints/ckpt_final.pt,9,256
3d038050b2.jpg,photo_to_monet (B2A),../checkpoints/ckpt_final.pt,9,256
3d0982bebb.jpg,photo_to_monet (B2A),../checkpoints/ckpt_final.pt,9,256
3d0e0ead31.jpg,photo_to_monet (B2A),../checkpoints/ckpt_final.pt,9,256
3d14523c1f.jpg,photo_to_monet (B2A),../checkpoints/ckpt_final.pt,9,256
3d165d2aad.jpg,photo_to_monet (B2A),../checkpoints/ckpt_final.pt,9,256
3d204371c7.jpg,photo_to_monet (B2A),../checkpoints/ckpt_final.pt,9,256
3d29c7439f.jpg,photo_to_monet (B2A),../checkpoints/ckpt_final.pt,9,256
3d2c394405.jpg,photo_to_monet (B2A),../checkpoints/ckpt_final.pt,9,256
3d3b9f4ba1.jpg,photo_to_monet (B2A),../checkpoints/ckpt_final.pt,9,256
3d69e148e8.jpg,photo_to_monet (B2A),../checkpoints/ckpt_final.pt,9,256
3d6b2aa9d4.jpg,photo_to_monet (B2A),../checkpoints/ckpt_final.pt,9,256
3d6ef1f43d.jpg,photo_to_monet (B2A),../checkpoints/ckpt_final.pt,9,256
3d70ef0d7c.jpg,photo_to_monet (B2A),../checkpoints/ckpt_final.pt,9,256
3d71b5934b.jpg,photo_to_monet (B2A),../checkpoints/ckpt_final.pt,9,256
3d8835b84d.jpg,photo_to_monet (B2A),../checkpoints/ckpt_final.pt,9,256
3d89a7a1c4.jpg,photo_to_monet (B2A),../checkpoints/ckpt_final.pt,9,256
3d89fa1a08.jpg,photo_to_monet (B2A),../checkpoints/ckpt_final.pt,9,256
3d8fd794f8.jpg,photo_to_monet (B2A),../checkpoints/ckpt_final.pt,9,256
3d961be033.jpg,photo_to_monet (B2A),../checkpoints/ckpt_final.pt,9,256
3da4c699b8.jpg,photo_to_monet (B2A),../checkpoints/ckpt_final.pt,9,256
3db43d9a04.jpg,photo_to_monet (B2A),../checkpoints/ckpt_final.pt,9,256
3db8bf2299.jpg,photo_to_monet (B2A),../checkpoints/ckpt_final.pt,9,256
3dc62c7550.jpg,photo_to_monet (B2A),../checkpoints/ckpt_final.pt,9,256
3dc69fb234.jpg,photo_to_monet (B2A),../checkpoints/ckpt_final.pt,9,256
3dcb9f50ff.jpg,photo_to_monet (B2A),../checkpoints/ckpt_final.pt,9,256
3dcdf82bcd.jpg,photo_to_monet (B2A),../checkpoints/ckpt_final.pt,9,256
3dcf18bba9.jpg,photo_to_monet (B2A),../checkpoints/ckpt_final.pt,9,256
3dd2d3096b.jpg,photo_to_monet (B2A),../checkpoints/ckpt_final.pt,9,256
3de3c8151d.jpg,photo_to_monet (B2A),../checkpoints/ckpt_final.pt,9,256
3dfd77c751.jpg,photo_to_monet (B2A),../checkpoints/ckpt_final.pt,9,256
3e0479c7a4.jpg,photo_to_monet (B2A),../checkpoints/ckpt_final.pt,9,256
3e097a4c02.jpg,photo_to_monet (B2A),../checkpoints/ckpt_final.pt,9,256
3e1cd24e83.jpg,photo_to_monet (B2A),../checkpoints/ckpt_final.pt,9,256
3e1dfc9dc0.jpg,photo_to_monet (B2A),../checkpoints/ckpt_final.pt,9,256
3e2d480716.jpg,photo_to_monet (B2A),../checkpoints/ckpt_final.pt,9,256
3e31646935.jpg,photo_to_monet (B2A),../checkpoints/ckpt_final.pt,9,256
3e3b342a95.jpg,photo_to_monet (B2A),../checkpoints/ckpt_final.pt,9,256
3e4c86049d.jpg,photo_to_monet (B2A),../checkpoints/ckpt_final.pt,9,256
3e4e2f5b6e.jpg,photo_to_monet (B2A),../checkpoints/ckpt_final.pt,9,256
3e4edba19d.jpg,photo_to_monet (B2A),../checkpoints/ckpt_final.pt,9,256
3e60c7241a.jpg,photo_to_monet (B2A),../checkpoints/ckpt_final.pt,9,256
3e780ed289.jpg,photo_to_monet (B2A),../checkpoints/ckpt_final.pt,9,256
3e806e2a4a.jpg,photo_to_monet (B2A),../checkpoints/ckpt_final.pt,9,256
3e9809b35e.jpg,photo_to_monet (B2A),../checkpoints/ckpt_final.pt,9,256
3ea3ae5954.jpg,photo_to_monet (B2A),../checkpoints/ckpt_final.pt,9,256
3ea96d7fbd.jpg,photo_to_monet (B2A),../checkpoints/ckpt_final.pt,9,256
3eaa214d3d.jpg,photo_to_monet (B2A),../checkpoints/ckpt_final.pt,9,256
3eab0e9d77.jpg,photo_to_monet (B2A),../checkpoints/ckpt_final.pt,9,256
3eb7c094c0.jpg,photo_to_monet (B2A),../checkpoints/ckpt_final.pt,9,256
3ebc8a4013.jpg,photo_to_monet (B2A),../checkpoints/ckpt_final.pt,9,256
3ec2bb5a0c.jpg,photo_to_monet (B2A),../checkpoints/ckpt_final.pt,9,256
3ec4f57f74.jpg,photo_to_monet (B2A),../checkpoints/ckpt_final.pt,9,256
3ecedf69d8.jpg,photo_to_monet (B2A),../checkpoints/ckpt_final.pt,9,256
3ed12a78ce.jpg,photo_to_monet (B2A),../checkpoints/ckpt_final.pt,9,256
3edae2ef79.jpg,photo_to_monet (B2A),../checkpoints/ckpt_final.pt,9,256
3edc9197e7.jpg,photo_to_monet (B2A),../checkpoints/ckpt_final.pt,9,256
3ee4497b2e.jpg,photo_to_monet (B2A),../checkpoints/ckpt_final.pt,9,256
3ee7eb408c.jpg,photo_to_monet (B2A),../checkpoints/ckpt_final.pt,9,256
3f0362f12d.jpg,photo_to_monet (B2A),../checkpoints/ckpt_final.pt,9,256
3f0738d8dc.jpg,photo_to_monet (B2A),../checkpoints/ckpt_final.pt,9,256
3f0a7330bd.jpg,photo_to_monet (B2A),../checkpoints/ckpt_final.pt,9,256
3f1191a447.jpg,photo_to_monet (B2A),../checkpoints/ckpt_final.pt,9,256
3f1942ac5e.jpg,photo_to_monet (B2A),../checkpoints/ckpt_final.pt,9,256
3f220a6caa.jpg,photo_to_monet (B2A),../checkpoints/ckpt_final.pt,9,256
3f28319f81.jpg,photo_to_monet (B2A),../checkpoints/ckpt_final.pt,9,256
3f2a4b6406.jpg,photo_to_monet (B2A),../checkpoints/ckpt_final.pt,9,256
3f3e610d58.jpg,photo_to_monet (B2A),../checkpoints/ckpt_final.pt,9,256
3f53c08114.jpg,photo_to_monet (B2A),../checkpoints/ckpt_final.pt,9,256
3f5bc8d85c.jpg,photo_to_monet (B2A),../checkpoints/ckpt_final.pt,9,256
3f615bc675.jpg,photo_to_monet (B2A),../checkpoints/ckpt_final.pt,9,256
3f6489dfa3.jpg,photo_to_monet (B2A),../checkpoints/ckpt_final.pt,9,256
3f6e1ac2ae.jpg,photo_to_monet (B2A),../checkpoints/ckpt_final.pt,9,256
3f70cec894.jpg,photo_to_monet (B2A),../checkpoints/ckpt_final.pt,9,256
3f7dc6a469.jpg,photo_to_monet (B2A),../checkpoints/ckpt_final.pt,9,256
3f844f5b59.jpg,photo_to_monet (B2A),../checkpoints/ckpt_final.pt,9,256
3f8fd85f1c.jpg,photo_to_monet (B2A),../checkpoints/ckpt_final.pt,9,256
3f91546f37.jpg,photo_to_monet (B2A),../checkpoints/ckpt_final.pt,9,256
3f97bcc230.jpg,photo_to_monet (B2A),../checkpoints/ckpt_final.pt,9,256
3f9d9b6972.jpg,photo_to_monet (B2A),../checkpoints/ckpt_final.pt,9,256
3fa1aa1d56.jpg,photo_to_monet (B2A),../checkpoints/ckpt_final.pt,9,256
3fa61d1b59.jpg,photo_to_monet (B2A),../checkpoints/ckpt_final.pt,9,256
3fa89cdb0f.jpg,photo_to_monet (B2A),../checkpoints/ckpt_final.pt,9,256
3facf2de42.jpg,photo_to_monet (B2A),../checkpoints/ckpt_final.pt,9,256
3fc01a1f5a.jpg,photo_to_monet (B2A),../checkpoints/ckpt_final.pt,9,256
3fc29d7b01.jpg,photo_to_monet (B2A),../checkpoints/ckpt_final.pt,9,256
3fcabb43e0.jpg,photo_to_monet (B2A),../checkpoints/ckpt_final.pt,9,256
3fce3b2092.jpg,photo_to_monet (B2A),../checkpoints/ckpt_final.pt,9,256
3fd5f45733.jpg,photo_to_monet (B2A),../checkpoints/ckpt_final.pt,9,256
3fe71e2f91.jpg,photo_to_monet (B2A),../checkpoints/ckpt_final.pt,9,256
3ff9d14627.jpg,photo_to_monet (B2A),../checkpoints/ckpt_final.pt,9,256
3ffcf75444.jpg,photo_to_monet (B2A),../checkpoints/ckpt_final.pt,9,256
4006643077.jpg,photo_to_monet (B2A),../checkpoints/ckpt_final.pt,9,256
400dd42483.jpg,photo_to_monet (B2A),../checkpoints/ckpt_final.pt,9,256
401c79161f.jpg,photo_to_monet (B2A),../checkpoints/ckpt_final.pt,9,256
402358e99c.jpg,photo_to_monet (B2A),../checkpoints/ckpt_final.pt,9,256
402da39edd.jpg,photo_to_monet (B2A),../checkpoints/ckpt_final.pt,9,256
4033c4fd83.jpg,photo_to_monet (B2A),../checkpoints/ckpt_final.pt,9,256
4035bcf4c5.jpg,photo_to_monet (B2A),../checkpoints/ckpt_final.pt,9,256
40365d3029.jpg,photo_to_monet (B2A),../checkpoints/ckpt_final.pt,9,256
403a9eb385.jpg,photo_to_monet (B2A),../checkpoints/ckpt_final.pt,9,256
4044bcfa56.jpg,photo_to_monet (B2A),../checkpoints/ckpt_final.pt,9,256
40454944a3.jpg,photo_to_monet (B2A),../checkpoints/ckpt_final.pt,9,256
4051c9b480.jpg,photo_to_monet (B2A),../checkpoints/ckpt_final.pt,9,256
405d277475.jpg,photo_to_monet (B2A),../checkpoints/ckpt_final.pt,9,256
40634ec806.jpg,photo_to_monet (B2A),../checkpoints/ckpt_final.pt,9,256
4069034d1b.jpg,photo_to_monet (B2A),../checkpoints/ckpt_final.pt,9,256
4069c14970.jpg,photo_to_monet (B2A),../checkpoints/ckpt_final.pt,9,256
4069eee71a.jpg,photo_to_monet (B2A),../checkpoints/ckpt_final.pt,9,256
406f7f455a.jpg,photo_to_monet (B2A),../checkpoints/ckpt_final.pt,9,256
40773a3569.jpg,photo_to_monet (B2A),../checkpoints/ckpt_final.pt,9,256
407ded2317.jpg,photo_to_monet (B2A),../checkpoints/ckpt_final.pt,9,256
408a7ed2d4.jpg,photo_to_monet (B2A),../checkpoints/ckpt_final.pt,9,256
408ae2c4d3.jpg,photo_to_monet (B2A),../checkpoints/ckpt_final.pt,9,256
408c4b86d7.jpg,photo_to_monet (B2A),../checkpoints/ckpt_final.pt,9,256
409f830e91.jpg,photo_to_monet (B2A),../checkpoints/ckpt_final.pt,9,256
40a2829478.jpg,photo_to_monet (B2A),../checkpoints/ckpt_final.pt,9,256
40abbf6272.jpg,photo_to_monet (B2A),../checkpoints/ckpt_final.pt,9,256
40b341cce7.jpg,photo_to_monet (B2A),../checkpoints/ckpt_final.pt,9,256
40b814831c.jpg,photo_to_monet (B2A),../checkpoints/ckpt_final.pt,9,256
40ba4c1ee0.jpg,photo_to_monet (B2A),../checkpoints/ckpt_final.pt,9,256
40cd40f4ce.jpg,photo_to_monet (B2A),../checkpoints/ckpt_final.pt,9,256
40d46c10bd.jpg,photo_to_monet (B2A),../checkpoints/ckpt_final.pt,9,256
40d6a5963b.jpg,photo_to_monet (B2A),../checkpoints/ckpt_final.pt,9,256
40dbef5e74.jpg,photo_to_monet (B2A),../checkpoints/ckpt_final.pt,9,256
40e2fb2f62.jpg,photo_to_monet (B2A),../checkpoints/ckpt_final.pt,9,256
410a15d160.jpg,photo_to_monet (B2A),../checkpoints/ckpt_final.pt,9,256
410c1279f0.jpg,photo_to_monet (B2A),../checkpoints/ckpt_final.pt,9,256
410f1753ab.jpg,photo_to_monet (B2A),../checkpoints/ckpt_final.pt,9,256
4113173d13.jpg,photo_to_monet (B2A),../checkpoints/ckpt_final.pt,9,256
411424ff38.jpg,photo_to_monet (B2A),../checkpoints/ckpt_final.pt,9,256
4115b492be.jpg,photo_to_monet (B2A),../checkpoints/ckpt_final.pt,9,256
411728406b.jpg,photo_to_monet (B2A),../checkpoints/ckpt_final.pt,9,256
411cbac479.jpg,photo_to_monet (B2A),../checkpoints/ckpt_final.pt,9,256
41316be2ab.jpg,photo_to_monet (B2A),../checkpoints/ckpt_final.pt,9,256
4134a75abc.jpg,photo_to_monet (B2A),../checkpoints/ckpt_final.pt,9,256
413aa936b2.jpg,photo_to_monet (B2A),../checkpoints/ckpt_final.pt,9,256
414a144db4.jpg,photo_to_monet (B2A),../checkpoints/ckpt_final.pt,9,256
4151207d56.jpg,photo_to_monet (B2A),../checkpoints/ckpt_final.pt,9,256
415a165321.jpg,photo_to_monet (B2A),../checkpoints/ckpt_final.pt,9,256
4166c63775.jpg,photo_to_monet (B2A),../checkpoints/ckpt_final.pt,9,256
416e06ae04.jpg,photo_to_monet (B2A),../checkpoints/ckpt_final.pt,9,256
416e954665.jpg,photo_to_monet (B2A),../checkpoints/ckpt_final.pt,9,256
416fcde5d2.jpg,photo_to_monet (B2A),../checkpoints/ckpt_final.pt,9,256
4170ddf51d.jpg,photo_to_monet (B2A),../checkpoints/ckpt_final.pt,9,256
417769579b.jpg,photo_to_monet (B2A),../checkpoints/ckpt_final.pt,9,256
417c141022.jpg,photo_to_monet (B2A),../checkpoints/ckpt_final.pt,9,256
417f9dbce5.jpg,photo_to_monet (B2A),../checkpoints/ckpt_final.pt,9,256
4185e8411e.jpg,photo_to_monet (B2A),../checkpoints/ckpt_final.pt,9,256
418d1c582c.jpg,photo_to_monet (B2A),../checkpoints/ckpt_final.pt,9,256
419385f134.jpg,photo_to_monet (B2A),../checkpoints/ckpt_final.pt,9,256
4197e5cf91.jpg,photo_to_monet (B2A),../checkpoints/ckpt_final.pt,9,256
419c88186c.jpg,photo_to_monet (B2A),../checkpoints/ckpt_final.pt,9,256
41a0c9b77b.jpg,photo_to_monet (B2A),../checkpoints/ckpt_final.pt,9,256
41a6a58a06.jpg,photo_to_monet (B2A),../checkpoints/ckpt_final.pt,9,256
41aab05613.jpg,photo_to_monet (B2A),../checkpoints/ckpt_final.pt,9,256
41c988e839.jpg,photo_to_monet (B2A),../checkpoints/ckpt_final.pt,9,256
41ca266a6d.jpg,photo_to_monet (B2A),../checkpoints/ckpt_final.pt,9,256
41d6d46378.jpg,photo_to_monet (B2A),../checkpoints/ckpt_final.pt,9,256
41da9742ed.jpg,photo_to_monet (B2A),../checkpoints/ckpt_final.pt,9,256
41df7d5e43.jpg,photo_to_monet (B2A),../checkpoints/ckpt_final.pt,9,256
41ec0c9e94.jpg,photo_to_monet (B2A),../checkpoints/ckpt_final.pt,9,256
41ed759f87.jpg,photo_to_monet (B2A),../checkpoints/ckpt_final.pt,9,256
41f062b74b.jpg,photo_to_monet (B2A),../checkpoints/ckpt_final.pt,9,256
41f4b96cdd.jpg,photo_to_monet (B2A),../checkpoints/ckpt_final.pt,9,256
420386aab6.jpg,photo_to_monet (B2A),../checkpoints/ckpt_final.pt,9,256
421cf4d925.jpg,photo_to_monet (B2A),../checkpoints/ckpt_final.pt,9,256
4234c4fa4a.jpg,photo_to_monet (B2A),../checkpoints/ckpt_final.pt,9,256
4246be6f2b.jpg,photo_to_monet (B2A),../checkpoints/ckpt_final.pt,9,256
4252a6b79d.jpg,photo_to_monet (B2A),../checkpoints/ckpt_final.pt,9,256
4255eb0cb0.jpg,photo_to_monet (B2A),../checkpoints/ckpt_final.pt,9,256
4262ee33cf.jpg,photo_to_monet (B2A),../checkpoints/ckpt_final.pt,9,256
4263de0622.jpg,photo_to_monet (B2A),../checkpoints/ckpt_final.pt,9,256
42703f8185.jpg,photo_to_monet (B2A),../checkpoints/ckpt_final.pt,9,256
428066cbb6.jpg,photo_to_monet (B2A),../checkpoints/ckpt_final.pt,9,256
428516308c.jpg,photo_to_monet (B2A),../checkpoints/ckpt_final.pt,9,256
428cfa30a0.jpg,photo_to_monet (B2A),../checkpoints/ckpt_final.pt,9,256
42a17f2513.jpg,photo_to_monet (B2A),../checkpoints/ckpt_final.pt,9,256
42a2c9c2a9.jpg,photo_to_monet (B2A),../checkpoints/ckpt_final.pt,9,256
42a90ee8fd.jpg,photo_to_monet (B2A),../checkpoints/ckpt_final.pt,9,256
42b38b3ecf.jpg,photo_to_monet (B2A),../checkpoints/ckpt_final.pt,9,256
42b7ed6caf.jpg,photo_to_monet (B2A),../checkpoints/ckpt_final.pt,9,256
42b9334189.jpg,photo_to_monet (B2A),../checkpoints/ckpt_final.pt,9,256
42d09ebeef.jpg,photo_to_monet (B2A),../checkpoints/ckpt_final.pt,9,256
42d7e15840.jpg,photo_to_monet (B2A),../checkpoints/ckpt_final.pt,9,256
42d95f5656.jpg,photo_to_monet (B2A),../checkpoints/ckpt_final.pt,9,256
42d9791966.jpg,photo_to_monet (B2A),../checkpoints/ckpt_final.pt,9,256
42db3f6bfb.jpg,photo_to_monet (B2A),../checkpoints/ckpt_final.pt,9,256
42e33a0f4e.jpg,photo_to_monet (B2A),../checkpoints/ckpt_final.pt,9,256
42e6bc6527.jpg,photo_to_monet (B2A),../checkpoints/ckpt_final.pt,9,256
42f2c8badb.jpg,photo_to_monet (B2A),../checkpoints/ckpt_final.pt,9,256
42f67a0c9b.jpg,photo_to_monet (B2A),../checkpoints/ckpt_final.pt,9,256
430365e84b.jpg,photo_to_monet (B2A),../checkpoints/ckpt_final.pt,9,256
4308c43102.jpg,photo_to_monet (B2A),../checkpoints/ckpt_final.pt,9,256
4325d69fe4.jpg,photo_to_monet (B2A),../checkpoints/ckpt_final.pt,9,256
4327a26f90.jpg,photo_to_monet (B2A),../checkpoints/ckpt_final.pt,9,256
432c4949ea.jpg,photo_to_monet (B2A),../checkpoints/ckpt_final.pt,9,256
432c77e7ff.jpg,photo_to_monet (B2A),../checkpoints/ckpt_final.pt,9,256
433f72e01b.jpg,photo_to_monet (B2A),../checkpoints/ckpt_final.pt,9,256
43425f75c3.jpg,photo_to_monet (B2A),../checkpoints/ckpt_final.pt,9,256
4346c649be.jpg,photo_to_monet (B2A),../checkpoints/ckpt_final.pt,9,256
43519ebdda.jpg,photo_to_monet (B2A),../checkpoints/ckpt_final.pt,9,256
436544ba60.jpg,photo_to_monet (B2A),../checkpoints/ckpt_final.pt,9,256
436738950d.jpg,photo_to_monet (B2A),../checkpoints/ckpt_final.pt,9,256
4367fc0915.jpg,photo_to_monet (B2A),../checkpoints/ckpt_final.pt,9,256
437bce391c.jpg,photo_to_monet (B2A),../checkpoints/ckpt_final.pt,9,256
437d311cfe.jpg,photo_to_monet (B2A),../checkpoints/ckpt_final.pt,9,256
439be152be.jpg,photo_to_monet (B2A),../checkpoints/ckpt_final.pt,9,256
43a246cd29.jpg,photo_to_monet (B2A),../checkpoints/ckpt_final.pt,9,256
43a3471132.jpg,photo_to_monet (B2A),../checkpoints/ckpt_final.pt,9,256
43a5271014.jpg,photo_to_monet (B2A),../checkpoints/ckpt_final.pt,9,256
43b2557047.jpg,photo_to_monet (B2A),../checkpoints/ckpt_final.pt,9,256
43b5bdf41c.jpg,photo_to_monet (B2A),../checkpoints/ckpt_final.pt,9,256
43b6f98955.jpg,photo_to_monet (B2A),../checkpoints/ckpt_final.pt,9,256
43bcfa7f99.jpg,photo_to_monet (B2A),../checkpoints/ckpt_final.pt,9,256
43be6f2003.jpg,photo_to_monet (B2A),../checkpoints/ckpt_final.pt,9,256
43be7d5231.jpg,photo_to_monet (B2A),../checkpoints/ckpt_final.pt,9,256
43d6edb617.jpg,photo_to_monet (B2A),../checkpoints/ckpt_final.pt,9,256
43d7a934de.jpg,photo_to_monet (B2A),../checkpoints/ckpt_final.pt,9,256
43db8e440e.jpg,photo_to_monet (B2A),../checkpoints/ckpt_final.pt,9,256
43dbb8ae62.jpg,photo_to_monet (B2A),../checkpoints/ckpt_final.pt,9,256
43e7f05c27.jpg,photo_to_monet (B2A),../checkpoints/ckpt_final.pt,9,256
43ecb78f04.jpg,photo_to_monet (B2A),../checkpoints/ckpt_final.pt,9,256
43ef5533dd.jpg,photo_to_monet (B2A),../checkpoints/ckpt_final.pt,9,256
43f3d41042.jpg,photo_to_monet (B2A),../checkpoints/ckpt_final.pt,9,256
441ba0764f.jpg,photo_to_monet (B2A),../checkpoints/ckpt_final.pt,9,256
442465d291.jpg,photo_to_monet (B2A),../checkpoints/ckpt_final.pt,9,256
44263e569e.jpg,photo_to_monet (B2A),../checkpoints/ckpt_final.pt,9,256
442e55394f.jpg,photo_to_monet (B2A),../checkpoints/ckpt_final.pt,9,256
443367c605.jpg,photo_to_monet (B2A),../checkpoints/ckpt_final.pt,9,256
443cfcaf19.jpg,photo_to_monet (B2A),../checkpoints/ckpt_final.pt,9,256
444ea6a3df.jpg,photo_to_monet (B2A),../checkpoints/ckpt_final.pt,9,256
445c9de4ae.jpg,photo_to_monet (B2A),../checkpoints/ckpt_final.pt,9,256
44643764ef.jpg,photo_to_monet (B2A),../checkpoints/ckpt_final.pt,9,256
4473598289.jpg,photo_to_monet (B2A),../checkpoints/ckpt_final.pt,9,256
447a64dc90.jpg,photo_to_monet (B2A),../checkpoints/ckpt_final.pt,9,256
447ceb7434.jpg,photo_to_monet (B2A),../checkpoints/ckpt_final.pt,9,256
44811f744f.jpg,photo_to_monet (B2A),../checkpoints/ckpt_final.pt,9,256
44838c4894.jpg,photo_to_monet (B2A),../checkpoints/ckpt_final.pt,9,256
44852d6fd3.jpg,photo_to_monet (B2A),../checkpoints/ckpt_final.pt,9,256
4494dace12.jpg,photo_to_monet (B2A),../checkpoints/ckpt_final.pt,9,256
449d31ec71.jpg,photo_to_monet (B2A),../checkpoints/ckpt_final.pt,9,256
449ffd7d0e.jpg,photo_to_monet (B2A),../checkpoints/ckpt_final.pt,9,256
44b1c947c8.jpg,photo_to_monet (B2A),../checkpoints/ckpt_final.pt,9,256
44b7b27bdb.jpg,photo_to_monet (B2A),../checkpoints/ckpt_final.pt,9,256
44b948a11b.jpg,photo_to_monet (B2A),../checkpoints/ckpt_final.pt,9,256
44be21f482.jpg,photo_to_monet (B2A),../checkpoints/ckpt_final.pt,9,256
44ca9b838b.jpg,photo_to_monet (B2A),../checkpoints/ckpt_final.pt,9,256
44cd2a0855.jpg,photo_to_monet (B2A),../checkpoints/ckpt_final.pt,9,256
44d4bbf9c5.jpg,photo_to_monet (B2A),../checkpoints/ckpt_final.pt,9,256
44e072e7f6.jpg,photo_to_monet (B2A),../checkpoints/ckpt_final.pt,9,256
44f0533b7d.jpg,photo_to_monet (B2A),../checkpoints/ckpt_final.pt,9,256
44f9fc3d08.jpg,photo_to_monet (B2A),../checkpoints/ckpt_final.pt,9,256
450c48015c.jpg,photo_to_monet (B2A),../checkpoints/ckpt_final.pt,9,256
451fa08066.jpg,photo_to_monet (B2A),../checkpoints/ckpt_final.pt,9,256
45281596ce.jpg,photo_to_monet (B2A),../checkpoints/ckpt_final.pt,9,256
452c2eae3c.jpg,photo_to_monet (B2A),../checkpoints/ckpt_final.pt,9,256
452c5d0bb4.jpg,photo_to_monet (B2A),../checkpoints/ckpt_final.pt,9,256
452cb57460.jpg,photo_to_monet (B2A),../checkpoints/ckpt_final.pt,9,256
45342d5c70.jpg,photo_to_monet (B2A),../checkpoints/ckpt_final.pt,9,256
4534cb2584.jpg,photo_to_monet (B2A),../checkpoints/ckpt_final.pt,9,256
453afd0c27.jpg,photo_to_monet (B2A),../checkpoints/ckpt_final.pt,9,256
453bd33553.jpg,photo_to_monet (B2A),../checkpoints/ckpt_final.pt,9,256
453f5d81cf.jpg,photo_to_monet (B2A),../checkpoints/ckpt_final.pt,9,256
454cf7a157.jpg,photo_to_monet (B2A),../checkpoints/ckpt_final.pt,9,256
4550c707f6.jpg,photo_to_monet (B2A),../checkpoints/ckpt_final.pt,9,256
4551f3f54b.jpg,photo_to_monet (B2A),../checkpoints/ckpt_final.pt,9,256
4569404b70.jpg,photo_to_monet (B2A),../checkpoints/ckpt_final.pt,9,256
4569953612.jpg,photo_to_monet (B2A),../checkpoints/ckpt_final.pt,9,256
457b19a007.jpg,photo_to_monet (B2A),../checkpoints/ckpt_final.pt,9,256
4581966154.jpg,photo_to_monet (B2A),../checkpoints/ckpt_final.pt,9,256
4581a4faee.jpg,photo_to_monet (B2A),../checkpoints/ckpt_final.pt,9,256
458b9bddeb.jpg,photo_to_monet (B2A),../checkpoints/ckpt_final.pt,9,256
459a0e8a7b.jpg,photo_to_monet (B2A),../checkpoints/ckpt_final.pt,9,256
45a0cf81a7.jpg,photo_to_monet (B2A),../checkpoints/ckpt_final.pt,9,256
45a4fc418c.jpg,photo_to_monet (B2A),../checkpoints/ckpt_final.pt,9,256
45ae43ca11.jpg,photo_to_monet (B2A),../checkpoints/ckpt_final.pt,9,256
45b59ba108.jpg,photo_to_monet (B2A),../checkpoints/ckpt_final.pt,9,256
45bfc01241.jpg,photo_to_monet (B2A),../checkpoints/ckpt_final.pt,9,256
45cecf091d.jpg,photo_to_monet (B2A),../checkpoints/ckpt_final.pt,9,256
45d284a829.jpg,photo_to_monet (B2A),../checkpoints/ckpt_final.pt,9,256
45db826465.jpg,photo_to_monet (B2A),../checkpoints/ckpt_final.pt,9,256
45e07afb6c.jpg,photo_to_monet (B2A),../checkpoints/ckpt_final.pt,9,256
45f3a9c5e3.jpg,photo_to_monet (B2A),../checkpoints/ckpt_final.pt,9,256
45f63c2653.jpg,photo_to_monet (B2A),../checkpoints/ckpt_final.pt,9,256
45f784213e.jpg,photo_to_monet (B2A),../checkpoints/ckpt_final.pt,9,256
45feda47bc.jpg,photo_to_monet (B2A),../checkpoints/ckpt_final.pt,9,256
46196f19d1.jpg,photo_to_monet (B2A),../checkpoints/ckpt_final.pt,9,256
461cc8da33.jpg,photo_to_monet (B2A),../checkpoints/ckpt_final.pt,9,256
463758c10d.jpg,photo_to_monet (B2A),../checkpoints/ckpt_final.pt,9,256
463ad92568.jpg,photo_to_monet (B2A),../checkpoints/ckpt_final.pt,9,256
463b8807e5.jpg,photo_to_monet (B2A),../checkpoints/ckpt_final.pt,9,256
463be5a1a1.jpg,photo_to_monet (B2A),../checkpoints/ckpt_final.pt,9,256
464d4dd705.jpg,photo_to_monet (B2A),../checkpoints/ckpt_final.pt,9,256
4663bb2924.jpg,photo_to_monet (B2A),../checkpoints/ckpt_final.pt,9,256
466585f6df.jpg,photo_to_monet (B2A),../checkpoints/ckpt_final.pt,9,256
467657f396.jpg,photo_to_monet (B2A),../checkpoints/ckpt_final.pt,9,256
467873c9df.jpg,photo_to_monet (B2A),../checkpoints/ckpt_final.pt,9,256
468048412c.jpg,photo_to_monet (B2A),../checkpoints/ckpt_final.pt,9,256
4682dbbee5.jpg,photo_to_monet (B2A),../checkpoints/ckpt_final.pt,9,256
4690fd5a96.jpg,photo_to_monet (B2A),../checkpoints/ckpt_final.pt,9,256
4691625ad2.jpg,photo_to_monet (B2A),../checkpoints/ckpt_final.pt,9,256
46950ae4ea.jpg,photo_to_monet (B2A),../checkpoints/ckpt_final.pt,9,256
4695ac2040.jpg,photo_to_monet (B2A),../checkpoints/ckpt_final.pt,9,256
4698056301.jpg,photo_to_monet (B2A),../checkpoints/ckpt_final.pt,9,256
469836dad8.jpg,photo_to_monet (B2A),../checkpoints/ckpt_final.pt,9,256
469d7ad9cc.jpg,photo_to_monet (B2A),../checkpoints/ckpt_final.pt,9,256
46c95eebbe.jpg,photo_to_monet (B2A),../checkpoints/ckpt_final.pt,9,256
46cadbe0a9.jpg,photo_to_monet (B2A),../checkpoints/ckpt_final.pt,9,256
46db1d7f60.jpg,photo_to_monet (B2A),../checkpoints/ckpt_final.pt,9,256
46e47f7efe.jpg,photo_to_monet (B2A),../checkpoints/ckpt_final.pt,9,256
46e71a4094.jpg,photo_to_monet (B2A),../checkpoints/ckpt_final.pt,9,256
46e84039a1.jpg,photo_to_monet (B2A),../checkpoints/ckpt_final.pt,9,256
46f391abec.jpg,photo_to_monet (B2A),../checkpoints/ckpt_final.pt,9,256
46f5ef1042.jpg,photo_to_monet (B2A),../checkpoints/ckpt_final.pt,9,256
4706619607.jpg,photo_to_monet (B2A),../checkpoints/ckpt_final.pt,9,256
4707b03a08.jpg,photo_to_monet (B2A),../checkpoints/ckpt_final.pt,9,256
47100a9939.jpg,photo_to_monet (B2A),../checkpoints/ckpt_final.pt,9,256
471f4755b9.jpg,photo_to_monet (B2A),../checkpoints/ckpt_final.pt,9,256
472b351bc4.jpg,photo_to_monet (B2A),../checkpoints/ckpt_final.pt,9,256
472d5ac100.jpg,photo_to_monet (B2A),../checkpoints/ckpt_final.pt,9,256
4758e5dd4c.jpg,photo_to_monet (B2A),../checkpoints/ckpt_final.pt,9,256
4762bb79ef.jpg,photo_to_monet (B2A),../checkpoints/ckpt_final.pt,9,256
4778b13518.jpg,photo_to_monet (B2A),../checkpoints/ckpt_final.pt,9,256
4787b82d37.jpg,photo_to_monet (B2A),../checkpoints/ckpt_final.pt,9,256
478e07feaa.jpg,photo_to_monet (B2A),../checkpoints/ckpt_final.pt,9,256
478eb12a82.jpg,photo_to_monet (B2A),../checkpoints/ckpt_final.pt,9,256
479698b371.jpg,photo_to_monet (B2A),../checkpoints/ckpt_final.pt,9,256
4796d67f61.jpg,photo_to_monet (B2A),../checkpoints/ckpt_final.pt,9,256
47aad493bd.jpg,photo_to_monet (B2A),../checkpoints/ckpt_final.pt,9,256
47ae0edd23.jpg,photo_to_monet (B2A),../checkpoints/ckpt_final.pt,9,256
47b94957ff.jpg,photo_to_monet (B2A),../checkpoints/ckpt_final.pt,9,256
47bb43fe3e.jpg,photo_to_monet (B2A),../checkpoints/ckpt_final.pt,9,256
47bb59d449.jpg,photo_to_monet (B2A),../checkpoints/ckpt_final.pt,9,256
47d391d94b.jpg,photo_to_monet (B2A),../checkpoints/ckpt_final.pt,9,256
47df262cc5.jpg,photo_to_monet (B2A),../checkpoints/ckpt_final.pt,9,256
47eea5bf33.jpg,photo_to_monet (B2A),../checkpoints/ckpt_final.pt,9,256
47f3b40cbc.jpg,photo_to_monet (B2A),../checkpoints/ckpt_final.pt,9,256
48122c9518.jpg,photo_to_monet (B2A),../checkpoints/ckpt_final.pt,9,256
481456b5a6.jpg,photo_to_monet (B2A),../checkpoints/ckpt_final.pt,9,256
481713d59d.jpg,photo_to_monet (B2A),../checkpoints/ckpt_final.pt,9,256
481bd32b6c.jpg,photo_to_monet (B2A),../checkpoints/ckpt_final.pt,9,256
482bf5a0d2.jpg,photo_to_monet (B2A),../checkpoints/ckpt_final.pt,9,256
482fd44fce.jpg,photo_to_monet (B2A),../checkpoints/ckpt_final.pt,9,256
4831466e23.jpg,photo_to_monet (B2A),../checkpoints/ckpt_final.pt,9,256
48502862cf.jpg,photo_to_monet (B2A),../checkpoints/ckpt_final.pt,9,256
485517e0c7.jpg,photo_to_monet (B2A),../checkpoints/ckpt_final.pt,9,256
48598ead29.jpg,photo_to_monet (B2A),../checkpoints/ckpt_final.pt,9,256
4862d17fa4.jpg,photo_to_monet (B2A),../checkpoints/ckpt_final.pt,9,256
486a62a430.jpg,photo_to_monet (B2A),../checkpoints/ckpt_final.pt,9,256
486cafaa7f.jpg,photo_to_monet (B2A),../checkpoints/ckpt_final.pt,9,256
48735c69aa.jpg,photo_to_monet (B2A),../checkpoints/ckpt_final.pt,9,256
48793755cd.jpg,photo_to_monet (B2A),../checkpoints/ckpt_final.pt,9,256
4879579e02.jpg,photo_to_monet (B2A),../checkpoints/ckpt_final.pt,9,256
488a6cef0c.jpg,photo_to_monet (B2A),../checkpoints/ckpt_final.pt,9,256
489c841af4.jpg,photo_to_monet (B2A),../checkpoints/ckpt_final.pt,9,256
48a85bc072.jpg,photo_to_monet (B2A),../checkpoints/ckpt_final.pt,9,256
48ac1011db.jpg,photo_to_monet (B2A),../checkpoints/ckpt_final.pt,9,256
48b6156f89.jpg,photo_to_monet (B2A),../checkpoints/ckpt_final.pt,9,256
48c641285b.jpg,photo_to_monet (B2A),../checkpoints/ckpt_final.pt,9,256
48e1a89d96.jpg,photo_to_monet (B2A),../checkpoints/ckpt_final.pt,9,256
48eac3916f.jpg,photo_to_monet (B2A),../checkpoints/ckpt_final.pt,9,256
48eb5fa7bd.jpg,photo_to_monet (B2A),../checkpoints/ckpt_final.pt,9,256
48f120810d.jpg,photo_to_monet (B2A),../checkpoints/ckpt_final.pt,9,256
49095bdeb5.jpg,photo_to_monet (B2A),../checkpoints/ckpt_final.pt,9,256
491b2ba38c.jpg,photo_to_monet (B2A),../checkpoints/ckpt_final.pt,9,256
49205c171d.jpg,photo_to_monet (B2A),../checkpoints/ckpt_final.pt,9,256
4943c84af0.jpg,photo_to_monet (B2A),../checkpoints/ckpt_final.pt,9,256
494db50238.jpg,photo_to_monet (B2A),../checkpoints/ckpt_final.pt,9,256
4950bcf8c1.jpg,photo_to_monet (B2A),../checkpoints/ckpt_final.pt,9,256
496757508b.jpg,photo_to_monet (B2A),../checkpoints/ckpt_final.pt,9,256
499b445583.jpg,photo_to_monet (B2A),../checkpoints/ckpt_final.pt,9,256
499bc1a152.jpg,photo_to_monet (B2A),../checkpoints/ckpt_final.pt,9,256
499c1bd3b8.jpg,photo_to_monet (B2A),../checkpoints/ckpt_final.pt,9,256
49a9692a0e.jpg,photo_to_monet (B2A),../checkpoints/ckpt_final.pt,9,256
49b093a9f3.jpg,photo_to_monet (B2A),../checkpoints/ckpt_final.pt,9,256
49b3383147.jpg,photo_to_monet (B2A),../checkpoints/ckpt_final.pt,9,256
49b8c4ea37.jpg,photo_to_monet (B2A),../checkpoints/ckpt_final.pt,9,256
49c2b1cdef.jpg,photo_to_monet (B2A),../checkpoints/ckpt_final.pt,9,256
49c538fce7.jpg,photo_to_monet (B2A),../checkpoints/ckpt_final.pt,9,256
49d2c9fc14.jpg,photo_to_monet (B2A),../checkpoints/ckpt_final.pt,9,256
49dc3fd195.jpg,photo_to_monet (B2A),../checkpoints/ckpt_final.pt,9,256
49e4129024.jpg,photo_to_monet (B2A),../checkpoints/ckpt_final.pt,9,256
49ee914a63.jpg,photo_to_monet (B2A),../checkpoints/ckpt_final.pt,9,256
4a06596662.jpg,photo_to_monet (B2A),../checkpoints/ckpt_final.pt,9,256
4a12f1780a.jpg,photo_to_monet (B2A),../checkpoints/ckpt_final.pt,9,256
4a16981927.jpg,photo_to_monet (B2A),../checkpoints/ckpt_final.pt,9,256
4a195405a0.jpg,photo_to_monet (B2A),../checkpoints/ckpt_final.pt,9,256
4a1bb1d46c.jpg,photo_to_monet (B2A),../checkpoints/ckpt_final.pt,9,256
4a20622bde.jpg,photo_to_monet (B2A),../checkpoints/ckpt_final.pt,9,256
4a29db3c6b.jpg,photo_to_monet (B2A),../checkpoints/ckpt_final.pt,9,256
4a2c4db283.jpg,photo_to_monet (B2A),../checkpoints/ckpt_final.pt,9,256
4a55695a4d.jpg,photo_to_monet (B2A),../checkpoints/ckpt_final.pt,9,256
4a5ab8f970.jpg,photo_to_monet (B2A),../checkpoints/ckpt_final.pt,9,256
4a669c897c.jpg,photo_to_monet (B2A),../checkpoints/ckpt_final.pt,9,256
4a7cec06e7.jpg,photo_to_monet (B2A),../checkpoints/ckpt_final.pt,9,256
4a8a49028d.jpg,photo_to_monet (B2A),../checkpoints/ckpt_final.pt,9,256
4a916ceb98.jpg,photo_to_monet (B2A),../checkpoints/ckpt_final.pt,9,256
4a9d34fa51.jpg,photo_to_monet (B2A),../checkpoints/ckpt_final.pt,9,256
4a9e982b39.jpg,photo_to_monet (B2A),../checkpoints/ckpt_final.pt,9,256
4aaf628a71.jpg,photo_to_monet (B2A),../checkpoints/ckpt_final.pt,9,256
4ab9478ef9.jpg,photo_to_monet (B2A),../checkpoints/ckpt_final.pt,9,256
4abaac9654.jpg,photo_to_monet (B2A),../checkpoints/ckpt_final.pt,9,256
4abd5654a3.jpg,photo_to_monet (B2A),../checkpoints/ckpt_final.pt,9,256
4abda75494.jpg,photo_to_monet (B2A),../checkpoints/ckpt_final.pt,9,256
4ac7c7bf44.jpg,photo_to_monet (B2A),../checkpoints/ckpt_final.pt,9,256
4ac8581018.jpg,photo_to_monet (B2A),../checkpoints/ckpt_final.pt,9,256
4ad0ccff25.jpg,photo_to_monet (B2A),../checkpoints/ckpt_final.pt,9,256
4adc8b7be7.jpg,photo_to_monet (B2A),../checkpoints/ckpt_final.pt,9,256
4ae0414bb9.jpg,photo_to_monet (B2A),../checkpoints/ckpt_final.pt,9,256
4ae09366f5.jpg,photo_to_monet (B2A),../checkpoints/ckpt_final.pt,9,256
4ae0b6efb2.jpg,photo_to_monet (B2A),../checkpoints/ckpt_final.pt,9,256
4ae5e1fb1d.jpg,photo_to_monet (B2A),../checkpoints/ckpt_final.pt,9,256
4b0025406f.jpg,photo_to_monet (B2A),../checkpoints/ckpt_final.pt,9,256
4b09444fe2.jpg,photo_to_monet (B2A),../checkpoints/ckpt_final.pt,9,256
4b0c0d7145.jpg,photo_to_monet (B2A),../checkpoints/ckpt_final.pt,9,256
4b0db938a7.jpg,photo_to_monet (B2A),../checkpoints/ckpt_final.pt,9,256
4b0f73833c.jpg,photo_to_monet (B2A),../checkpoints/ckpt_final.pt,9,256
4b14030c98.jpg,photo_to_monet (B2A),../checkpoints/ckpt_final.pt,9,256
4b2555ba9c.jpg,photo_to_monet (B2A),../checkpoints/ckpt_final.pt,9,256
4b29d9c42c.jpg,photo_to_monet (B2A),../checkpoints/ckpt_final.pt,9,256
4b2d102def.jpg,photo_to_monet (B2A),../checkpoints/ckpt_final.pt,9,256
4b3835e8ba.jpg,photo_to_monet (B2A),../checkpoints/ckpt_final.pt,9,256
4b3ccac37c.jpg,photo_to_monet (B2A),../checkpoints/ckpt_final.pt,9,256
4b47e76275.jpg,photo_to_monet (B2A),../checkpoints/ckpt_final.pt,9,256
4b497dc591.jpg,photo_to_monet (B2A),../checkpoints/ckpt_final.pt,9,256
4b59dd4ebc.jpg,photo_to_monet (B2A),../checkpoints/ckpt_final.pt,9,256
4b5a46b50f.jpg,photo_to_monet (B2A),../checkpoints/ckpt_final.pt,9,256
4b5b64dc18.jpg,photo_to_monet (B2A),../checkpoints/ckpt_final.pt,9,256
4b689e9b37.jpg,photo_to_monet (B2A),../checkpoints/ckpt_final.pt,9,256
4b7878976b.jpg,photo_to_monet (B2A),../checkpoints/ckpt_final.pt,9,256
4b7902dfa6.jpg,photo_to_monet (B2A),../checkpoints/ckpt_final.pt,9,256
4b7fc92bdc.jpg,photo_to_monet (B2A),../checkpoints/ckpt_final.pt,9,256
4b91cd8fce.jpg,photo_to_monet (B2A),../checkpoints/ckpt_final.pt,9,256
4b9eb29c59.jpg,photo_to_monet (B2A),../checkpoints/ckpt_final.pt,9,256
4bab53c613.jpg,photo_to_monet (B2A),../checkpoints/ckpt_final.pt,9,256
4bad1549a1.jpg,photo_to_monet (B2A),../checkpoints/ckpt_final.pt,9,256
4bbe0cbb3c.jpg,photo_to_monet (B2A),../checkpoints/ckpt_final.pt,9,256
4bd43d88d4.jpg,photo_to_monet (B2A),../checkpoints/ckpt_final.pt,9,256
4bd8ec5dd3.jpg,photo_to_monet (B2A),../checkpoints/ckpt_final.pt,9,256
4bdb933264.jpg,photo_to_monet (B2A),../checkpoints/ckpt_final.pt,9,256
4bdbdcc1e5.jpg,photo_to_monet (B2A),../checkpoints/ckpt_final.pt,9,256
4bdd197102.jpg,photo_to_monet (B2A),../checkpoints/ckpt_final.pt,9,256
4be248f682.jpg,photo_to_monet (B2A),../checkpoints/ckpt_final.pt,9,256
4bedb30dce.jpg,photo_to_monet (B2A),../checkpoints/ckpt_final.pt,9,256
4bef7510cb.jpg,photo_to_monet (B2A),../checkpoints/ckpt_final.pt,9,256
4bf1292d69.jpg,photo_to_monet (B2A),../checkpoints/ckpt_final.pt,9,256
4bfa3043e7.jpg,photo_to_monet (B2A),../checkpoints/ckpt_final.pt,9,256
4bfc3fbd84.jpg,photo_to_monet (B2A),../checkpoints/ckpt_final.pt,9,256
4bfed75eb2.jpg,photo_to_monet (B2A),../checkpoints/ckpt_final.pt,9,256
4c07909a8d.jpg,photo_to_monet (B2A),../checkpoints/ckpt_final.pt,9,256
4c1165be97.jpg,photo_to_monet (B2A),../checkpoints/ckpt_final.pt,9,256
4c16835970.jpg,photo_to_monet (B2A),../checkpoints/ckpt_final.pt,9,256
4c1907f1a0.jpg,photo_to_monet (B2A),../checkpoints/ckpt_final.pt,9,256
4c1b160563.jpg,photo_to_monet (B2A),../checkpoints/ckpt_final.pt,9,256
4c2d3216aa.jpg,photo_to_monet (B2A),../checkpoints/ckpt_final.pt,9,256
4c30ff85a7.jpg,photo_to_monet (B2A),../checkpoints/ckpt_final.pt,9,256
4c4574cfa8.jpg,photo_to_monet (B2A),../checkpoints/ckpt_final.pt,9,256
4c507b65b0.jpg,photo_to_monet (B2A),../checkpoints/ckpt_final.pt,9,256
4c6550cff5.jpg,photo_to_monet (B2A),../checkpoints/ckpt_final.pt,9,256
4c712561ab.jpg,photo_to_monet (B2A),../checkpoints/ckpt_final.pt,9,256
4c72792844.jpg,photo_to_monet (B2A),../checkpoints/ckpt_final.pt,9,256
4c75385f85.jpg,photo_to_monet (B2A),../checkpoints/ckpt_final.pt,9,256
4c7692cb0c.jpg,photo_to_monet (B2A),../checkpoints/ckpt_final.pt,9,256
4c7b54e38c.jpg,photo_to_monet (B2A),../checkpoints/ckpt_final.pt,9,256
4c8a000abb.jpg,photo_to_monet (B2A),../checkpoints/ckpt_final.pt,9,256
4c8bf22d16.jpg,photo_to_monet (B2A),../checkpoints/ckpt_final.pt,9,256
4c9669b6b8.jpg,photo_to_monet (B2A),../checkpoints/ckpt_final.pt,9,256
4ca019a3d6.jpg,photo_to_monet (B2A),../checkpoints/ckpt_final.pt,9,256
4ca57d26c0.jpg,photo_to_monet (B2A),../checkpoints/ckpt_final.pt,9,256
4ca6e5451a.jpg,photo_to_monet (B2A),../checkpoints/ckpt_final.pt,9,256
4cac88b518.jpg,photo_to_monet (B2A),../checkpoints/ckpt_final.pt,9,256
4cb25fbf3d.jpg,photo_to_monet (B2A),../checkpoints/ckpt_final.pt,9,256
4cb7c5e33d.jpg,photo_to_monet (B2A),../checkpoints/ckpt_final.pt,9,256
4cc42ebe97.jpg,photo_to_monet (B2A),../checkpoints/ckpt_final.pt,9,256
4ccc4a21e3.jpg,photo_to_monet (B2A),../checkpoints/ckpt_final.pt,9,256
4cd07a4561.jpg,photo_to_monet (B2A),../checkpoints/ckpt_final.pt,9,256
4cdd74b1c7.jpg,photo_to_monet (B2A),../checkpoints/ckpt_final.pt,9,256
4cf9aac018.jpg,photo_to_monet (B2A),../checkpoints/ckpt_final.pt,9,256
4cfdd2e627.jpg,photo_to_monet (B2A),../checkpoints/ckpt_final.pt,9,256
4d08cb65c3.jpg,photo_to_monet (B2A),../checkpoints/ckpt_final.pt,9,256
4d0a217b38.jpg,photo_to_monet (B2A),../checkpoints/ckpt_final.pt,9,256
4d0a274acb.jpg,photo_to_monet (B2A),../checkpoints/ckpt_final.pt,9,256
4d0eb41723.jpg,photo_to_monet (B2A),../checkpoints/ckpt_final.pt,9,256
4d1755ab04.jpg,photo_to_monet (B2A),../checkpoints/ckpt_final.pt,9,256
4d1c0b488e.jpg,photo_to_monet (B2A),../checkpoints/ckpt_final.pt,9,256
4d1c4d142e.jpg,photo_to_monet (B2A),../checkpoints/ckpt_final.pt,9,256
4d1d5efd4f.jpg,photo_to_monet (B2A),../checkpoints/ckpt_final.pt,9,256
4d3a7e5326.jpg,photo_to_monet (B2A),../checkpoints/ckpt_final.pt,9,256
4d42605a8b.jpg,photo_to_monet (B2A),../checkpoints/ckpt_final.pt,9,256
4d4b6bcac4.jpg,photo_to_monet (B2A),../checkpoints/ckpt_final.pt,9,256
4d4f0faddf.jpg,photo_to_monet (B2A),../checkpoints/ckpt_final.pt,9,256
4d4f388e91.jpg,photo_to_monet (B2A),../checkpoints/ckpt_final.pt,9,256
4d4f6174f1.jpg,photo_to_monet (B2A),../checkpoints/ckpt_final.pt,9,256
4d62a64806.jpg,photo_to_monet (B2A),../checkpoints/ckpt_final.pt,9,256
4d7188ff9e.jpg,photo_to_monet (B2A),../checkpoints/ckpt_final.pt,9,256
4d7517df48.jpg,photo_to_monet (B2A),../checkpoints/ckpt_final.pt,9,256
4d77636dea.jpg,photo_to_monet (B2A),../checkpoints/ckpt_final.pt,9,256
4d7de87ec6.jpg,photo_to_monet (B2A),../checkpoints/ckpt_final.pt,9,256
4d7fefe879.jpg,photo_to_monet (B2A),../checkpoints/ckpt_final.pt,9,256
4d83b23265.jpg,photo_to_monet (B2A),../checkpoints/ckpt_final.pt,9,256
4d90220636.jpg,photo_to_monet (B2A),../checkpoints/ckpt_final.pt,9,256
4d91831344.jpg,photo_to_monet (B2A),../checkpoints/ckpt_final.pt,9,256
4dc37726d9.jpg,photo_to_monet (B2A),../checkpoints/ckpt_final.pt,9,256
4dc92c4b4a.jpg,photo_to_monet (B2A),../checkpoints/ckpt_final.pt,9,256
4dd30f189a.jpg,photo_to_monet (B2A),../checkpoints/ckpt_final.pt,9,256
4df98eeceb.jpg,photo_to_monet (B2A),../checkpoints/ckpt_final.pt,9,256
4e093e9511.jpg,photo_to_monet (B2A),../checkpoints/ckpt_final.pt,9,256
4e0951fde1.jpg,photo_to_monet (B2A),../checkpoints/ckpt_final.pt,9,256
4e16ff77ac.jpg,photo_to_monet (B2A),../checkpoints/ckpt_final.pt,9,256
4e21145eb2.jpg,photo_to_monet (B2A),../checkpoints/ckpt_final.pt,9,256
4e2dba148d.jpg,photo_to_monet (B2A),../checkpoints/ckpt_final.pt,9,256
4e3006bd6b.jpg,photo_to_monet (B2A),../checkpoints/ckpt_final.pt,9,256
4e341f8891.jpg,photo_to_monet (B2A),../checkpoints/ckpt_final.pt,9,256
4e43b597e2.jpg,photo_to_monet (B2A),../checkpoints/ckpt_final.pt,9,256
4e4f75c4cc.jpg,photo_to_monet (B2A),../checkpoints/ckpt_final.pt,9,256
4e53db7c72.jpg,photo_to_monet (B2A),../checkpoints/ckpt_final.pt,9,256
4e5451ed74.jpg,photo_to_monet (B2A),../checkpoints/ckpt_final.pt,9,256
4e5b4fb2ab.jpg,photo_to_monet (B2A),../checkpoints/ckpt_final.pt,9,256
4e6e7f30da.jpg,photo_to_monet (B2A),../checkpoints/ckpt_final.pt,9,256
4e868f2a58.jpg,photo_to_monet (B2A),../checkpoints/ckpt_final.pt,9,256
4e880786c4.jpg,photo_to_monet (B2A),../checkpoints/ckpt_final.pt,9,256
4e8b01ac67.jpg,photo_to_monet (B2A),../checkpoints/ckpt_final.pt,9,256
4e8bd98343.jpg,photo_to_monet (B2A),../checkpoints/ckpt_final.pt,9,256
4e956f2cfb.jpg,photo_to_monet (B2A),../checkpoints/ckpt_final.pt,9,256
4ea19d4d05.jpg,photo_to_monet (B2A),../checkpoints/ckpt_final.pt,9,256
4eaa045ce6.jpg,photo_to_monet (B2A),../checkpoints/ckpt_final.pt,9,256
4eb3c1b0a7.jpg,photo_to_monet (B2A),../checkpoints/ckpt_final.pt,9,256
4ebb3df6e1.jpg,photo_to_monet (B2A),../checkpoints/ckpt_final.pt,9,256
4ec313a8cd.jpg,photo_to_monet (B2A),../checkpoints/ckpt_final.pt,9,256
4edd4fe6fa.jpg,photo_to_monet (B2A),../checkpoints/ckpt_final.pt,9,256
4ee02ffd2c.jpg,photo_to_monet (B2A),../checkpoints/ckpt_final.pt,9,256
4ef10f3299.jpg,photo_to_monet (B2A),../checkpoints/ckpt_final.pt,9,256
4f1249d8dc.jpg,photo_to_monet (B2A),../checkpoints/ckpt_final.pt,9,256
4f16e0bc95.jpg,photo_to_monet (B2A),../checkpoints/ckpt_final.pt,9,256
4f1fc68a47.jpg,photo_to_monet (B2A),../checkpoints/ckpt_final.pt,9,256
4f297a711e.jpg,photo_to_monet (B2A),../checkpoints/ckpt_final.pt,9,256
4f36d845b0.jpg,photo_to_monet (B2A),../checkpoints/ckpt_final.pt,9,256
4f38f2b8f5.jpg,photo_to_monet (B2A),../checkpoints/ckpt_final.pt,9,256
4f397d38d7.jpg,photo_to_monet (B2A),../checkpoints/ckpt_final.pt,9,256
4f5245105c.jpg,photo_to_monet (B2A),../checkpoints/ckpt_final.pt,9,256
4f5d5e7da3.jpg,photo_to_monet (B2A),../checkpoints/ckpt_final.pt,9,256
4f5e363609.jpg,photo_to_monet (B2A),../checkpoints/ckpt_final.pt,9,256
4f6353e80e.jpg,photo_to_monet (B2A),../checkpoints/ckpt_final.pt,9,256
4f64339fea.jpg,photo_to_monet (B2A),../checkpoints/ckpt_final.pt,9,256
4f697daf2d.jpg,photo_to_monet (B2A),../checkpoints/ckpt_final.pt,9,256
4f79b373f4.jpg,photo_to_monet (B2A),../checkpoints/ckpt_final.pt,9,256
4f83d232c2.jpg,photo_to_monet (B2A),../checkpoints/ckpt_final.pt,9,256
4f86f80479.jpg,photo_to_monet (B2A),../checkpoints/ckpt_final.pt,9,256
4f882d4400.jpg,photo_to_monet (B2A),../checkpoints/ckpt_final.pt,9,256
4f99708506.jpg,photo_to_monet (B2A),../checkpoints/ckpt_final.pt,9,256
4f9aa92ca3.jpg,photo_to_monet (B2A),../checkpoints/ckpt_final.pt,9,256
4fb5c1ac0a.jpg,photo_to_monet (B2A),../checkpoints/ckpt_final.pt,9,256
4fb6bcd5e8.jpg,photo_to_monet (B2A),../checkpoints/ckpt_final.pt,9,256
4fc41e388a.jpg,photo_to_monet (B2A),../checkpoints/ckpt_final.pt,9,256
4fc90f8de5.jpg,photo_to_monet (B2A),../checkpoints/ckpt_final.pt,9,256
4fc9c537a7.jpg,photo_to_monet (B2A),../checkpoints/ckpt_final.pt,9,256
4fd1d8afbf.jpg,photo_to_monet (B2A),../checkpoints/ckpt_final.pt,9,256
4fdaff583d.jpg,photo_to_monet (B2A),../checkpoints/ckpt_final.pt,9,256
4fe122209b.jpg,photo_to_monet (B2A),../checkpoints/ckpt_final.pt,9,256
4fe72a654e.jpg,photo_to_monet (B2A),../checkpoints/ckpt_final.pt,9,256
4ff4d77c99.jpg,photo_to_monet (B2A),../checkpoints/ckpt_final.pt,9,256
500d59cf86.jpg,photo_to_monet (B2A),../checkpoints/ckpt_final.pt,9,256
50115558cd.jpg,photo_to_monet (B2A),../checkpoints/ckpt_final.pt,9,256
501719248c.jpg,photo_to_monet (B2A),../checkpoints/ckpt_final.pt,9,256
5019a8ffcf.jpg,photo_to_monet (B2A),../checkpoints/ckpt_final.pt,9,256
5019d1eac7.jpg,photo_to_monet (B2A),../checkpoints/ckpt_final.pt,9,256
503c9badbb.jpg,photo_to_monet (B2A),../checkpoints/ckpt_final.pt,9,256
5048bb66c8.jpg,photo_to_monet (B2A),../checkpoints/ckpt_final.pt,9,256
504cec61a2.jpg,photo_to_monet (B2A),../checkpoints/ckpt_final.pt,9,256
504db35d13.jpg,photo_to_monet (B2A),../checkpoints/ckpt_final.pt,9,256
5050bd632b.jpg,photo_to_monet (B2A),../checkpoints/ckpt_final.pt,9,256
505850ed9f.jpg,photo_to_monet (B2A),../checkpoints/ckpt_final.pt,9,256
5065b423b0.jpg,photo_to_monet (B2A),../checkpoints/ckpt_final.pt,9,256
506fdcb3c1.jpg,photo_to_monet (B2A),../checkpoints/ckpt_final.pt,9,256
5074e8a51e.jpg,photo_to_monet (B2A),../checkpoints/ckpt_final.pt,9,256
50779f1ae6.jpg,photo_to_monet (B2A),../checkpoints/ckpt_final.pt,9,256
508f9ce48d.jpg,photo_to_monet (B2A),../checkpoints/ckpt_final.pt,9,256
50a42e1240.jpg,photo_to_monet (B2A),../checkpoints/ckpt_final.pt,9,256
50a5168133.jpg,photo_to_monet (B2A),../checkpoints/ckpt_final.pt,9,256
50b6593431.jpg,photo_to_monet (B2A),../checkpoints/ckpt_final.pt,9,256
50b8e79da2.jpg,photo_to_monet (B2A),../checkpoints/ckpt_final.pt,9,256
50c3f4beec.jpg,photo_to_monet (B2A),../checkpoints/ckpt_final.pt,9,256
50d9c1aa47.jpg,photo_to_monet (B2A),../checkpoints/ckpt_final.pt,9,256
50e2f57e76.jpg,photo_to_monet (B2A),../checkpoints/ckpt_final.pt,9,256
50e85855f5.jpg,photo_to_monet (B2A),../checkpoints/ckpt_final.pt,9,256
50e9fc6fdd.jpg,photo_to_monet (B2A),../checkpoints/ckpt_final.pt,9,256
50eb328bb2.jpg,photo_to_monet (B2A),../checkpoints/ckpt_final.pt,9,256
50f52bf9a4.jpg,photo_to_monet (B2A),../checkpoints/ckpt_final.pt,9,256
50f598c729.jpg,photo_to_monet (B2A),../checkpoints/ckpt_final.pt,9,256
50f7a05ee7.jpg,photo_to_monet (B2A),../checkpoints/ckpt_final.pt,9,256
51068cd053.jpg,photo_to_monet (B2A),../checkpoints/ckpt_final.pt,9,256
5116db8d92.jpg,photo_to_monet (B2A),../checkpoints/ckpt_final.pt,9,256
5117ec7f6b.jpg,photo_to_monet (B2A),../checkpoints/ckpt_final.pt,9,256
51279a61da.jpg,photo_to_monet (B2A),../checkpoints/ckpt_final.pt,9,256
5135f3ba21.jpg,photo_to_monet (B2A),../checkpoints/ckpt_final.pt,9,256
513cb0638a.jpg,photo_to_monet (B2A),../checkpoints/ckpt_final.pt,9,256
5140b80748.jpg,photo_to_monet (B2A),../checkpoints/ckpt_final.pt,9,256
514db4068a.jpg,photo_to_monet (B2A),../checkpoints/ckpt_final.pt,9,256
5155be81bf.jpg,photo_to_monet (B2A),../checkpoints/ckpt_final.pt,9,256
51563bc8ab.jpg,photo_to_monet (B2A),../checkpoints/ckpt_final.pt,9,256
516670d194.jpg,photo_to_monet (B2A),../checkpoints/ckpt_final.pt,9,256
51736e3772.jpg,photo_to_monet (B2A),../checkpoints/ckpt_final.pt,9,256
517eba9d0a.jpg,photo_to_monet (B2A),../checkpoints/ckpt_final.pt,9,256
51867bc005.jpg,photo_to_monet (B2A),../checkpoints/ckpt_final.pt,9,256
5194f65634.jpg,photo_to_monet (B2A),../checkpoints/ckpt_final.pt,9,256
519d3674c2.jpg,photo_to_monet (B2A),../checkpoints/ckpt_final.pt,9,256
519fc7c17a.jpg,photo_to_monet (B2A),../checkpoints/ckpt_final.pt,9,256
51aa9c9a20.jpg,photo_to_monet (B2A),../checkpoints/ckpt_final.pt,9,256
51dc50880b.jpg,photo_to_monet (B2A),../checkpoints/ckpt_final.pt,9,256
51e7037c03.jpg,photo_to_monet (B2A),../checkpoints/ckpt_final.pt,9,256
51ede123f3.jpg,photo_to_monet (B2A),../checkpoints/ckpt_final.pt,9,256
51ffb613ce.jpg,photo_to_monet (B2A),../checkpoints/ckpt_final.pt,9,256
52087dc0d6.jpg,photo_to_monet (B2A),../checkpoints/ckpt_final.pt,9,256
522a6dcbec.jpg,photo_to_monet (B2A),../checkpoints/ckpt_final.pt,9,256
523cbdab7d.jpg,photo_to_monet (B2A),../checkpoints/ckpt_final.pt,9,256
524223dfd9.jpg,photo_to_monet (B2A),../checkpoints/ckpt_final.pt,9,256
524af04df1.jpg,photo_to_monet (B2A),../checkpoints/ckpt_final.pt,9,256
524d00561a.jpg,photo_to_monet (B2A),../checkpoints/ckpt_final.pt,9,256
524fdda784.jpg,photo_to_monet (B2A),../checkpoints/ckpt_final.pt,9,256
52592fe2c6.jpg,photo_to_monet (B2A),../checkpoints/ckpt_final.pt,9,256
525952c058.jpg,photo_to_monet (B2A),../checkpoints/ckpt_final.pt,9,256
525f580c06.jpg,photo_to_monet (B2A),../checkpoints/ckpt_final.pt,9,256
5262b01633.jpg,photo_to_monet (B2A),../checkpoints/ckpt_final.pt,9,256
526b153062.jpg,photo_to_monet (B2A),../checkpoints/ckpt_final.pt,9,256
526dc07146.jpg,photo_to_monet (B2A),../checkpoints/ckpt_final.pt,9,256
527dd222d6.jpg,photo_to_monet (B2A),../checkpoints/ckpt_final.pt,9,256
527ddb23d4.jpg,photo_to_monet (B2A),../checkpoints/ckpt_final.pt,9,256
528058909d.jpg,photo_to_monet (B2A),../checkpoints/ckpt_final.pt,9,256
5280e2e8de.jpg,photo_to_monet (B2A),../checkpoints/ckpt_final.pt,9,256
5286eb8945.jpg,photo_to_monet (B2A),../checkpoints/ckpt_final.pt,9,256
529fa39eb2.jpg,photo_to_monet (B2A),../checkpoints/ckpt_final.pt,9,256
52a2a7132e.jpg,photo_to_monet (B2A),../checkpoints/ckpt_final.pt,9,256
52ae3cd25d.jpg,photo_to_monet (B2A),../checkpoints/ckpt_final.pt,9,256
52b870f300.jpg,photo_to_monet (B2A),../checkpoints/ckpt_final.pt,9,256
52bb31919e.jpg,photo_to_monet (B2A),../checkpoints/ckpt_final.pt,9,256
52bd17daa7.jpg,photo_to_monet (B2A),../checkpoints/ckpt_final.pt,9,256
52bee900da.jpg,photo_to_monet (B2A),../checkpoints/ckpt_final.pt,9,256
52cda09a5f.jpg,photo_to_monet (B2A),../checkpoints/ckpt_final.pt,9,256
52d8dbe113.jpg,photo_to_monet (B2A),../checkpoints/ckpt_final.pt,9,256
52e91ba9cf.jpg,photo_to_monet (B2A),../checkpoints/ckpt_final.pt,9,256
52f30bd94c.jpg,photo_to_monet (B2A),../checkpoints/ckpt_final.pt,9,256
52f641c328.jpg,photo_to_monet (B2A),../checkpoints/ckpt_final.pt,9,256
52f7801904.jpg,photo_to_monet (B2A),../checkpoints/ckpt_final.pt,9,256
5305c4063a.jpg,photo_to_monet (B2A),../checkpoints/ckpt_final.pt,9,256
5319435b3f.jpg,photo_to_monet (B2A),../checkpoints/ckpt_final.pt,9,256
53194986bc.jpg,photo_to_monet (B2A),../checkpoints/ckpt_final.pt,9,256
53289e47ec.jpg,photo_to_monet (B2A),../checkpoints/ckpt_final.pt,9,256
532d743269.jpg,photo_to_monet (B2A),../checkpoints/ckpt_final.pt,9,256
532f9d0621.jpg,photo_to_monet (B2A),../checkpoints/ckpt_final.pt,9,256
5338413448.jpg,photo_to_monet (B2A),../checkpoints/ckpt_final.pt,9,256
5338bd03be.jpg,photo_to_monet (B2A),../checkpoints/ckpt_final.pt,9,256
533be4e6eb.jpg,photo_to_monet (B2A),../checkpoints/ckpt_final.pt,9,256
5342ec67da.jpg,photo_to_monet (B2A),../checkpoints/ckpt_final.pt,9,256
534703a792.jpg,photo_to_monet (B2A),../checkpoints/ckpt_final.pt,9,256
53516d9b04.jpg,photo_to_monet (B2A),../checkpoints/ckpt_final.pt,9,256
53679e6985.jpg,photo_to_monet (B2A),../checkpoints/ckpt_final.pt,9,256
536c125b6f.jpg,photo_to_monet (B2A),../checkpoints/ckpt_final.pt,9,256
536c7edb2a.jpg,photo_to_monet (B2A),../checkpoints/ckpt_final.pt,9,256
537b155f3d.jpg,photo_to_monet (B2A),../checkpoints/ckpt_final.pt,9,256
537f558973.jpg,photo_to_monet (B2A),../checkpoints/ckpt_final.pt,9,256
53866d4a68.jpg,photo_to_monet (B2A),../checkpoints/ckpt_final.pt,9,256
5389fb4007.jpg,photo_to_monet (B2A),../checkpoints/ckpt_final.pt,9,256
53902a4799.jpg,photo_to_monet (B2A),../checkpoints/ckpt_final.pt,9,256
5395902bc7.jpg,photo_to_monet (B2A),../checkpoints/ckpt_final.pt,9,256
53988b72f6.jpg,photo_to_monet (B2A),../checkpoints/ckpt_final.pt,9,256
53989c56ff.jpg,photo_to_monet (B2A),../checkpoints/ckpt_final.pt,9,256
53998f50b2.jpg,photo_to_monet (B2A),../checkpoints/ckpt_final.pt,9,256
539e2ee021.jpg,photo_to_monet (B2A),../checkpoints/ckpt_final.pt,9,256
53b01e2132.jpg,photo_to_monet (B2A),../checkpoints/ckpt_final.pt,9,256
53b27f0c81.jpg,photo_to_monet (B2A),../checkpoints/ckpt_final.pt,9,256
53b835550d.jpg,photo_to_monet (B2A),../checkpoints/ckpt_final.pt,9,256
53bce35f0b.jpg,photo_to_monet (B2A),../checkpoints/ckpt_final.pt,9,256
53c245a6f3.jpg,photo_to_monet (B2A),../checkpoints/ckpt_final.pt,9,256
53d0160b46.jpg,photo_to_monet (B2A),../checkpoints/ckpt_final.pt,9,256
53d62fccce.jpg,photo_to_monet (B2A),../checkpoints/ckpt_final.pt,9,256
53e5b6b1b3.jpg,photo_to_monet (B2A),../checkpoints/ckpt_final.pt,9,256
53e766ae2b.jpg,photo_to_monet (B2A),../checkpoints/ckpt_final.pt,9,256
53ea60da05.jpg,photo_to_monet (B2A),../checkpoints/ckpt_final.pt,9,256
540649ac8c.jpg,photo_to_monet (B2A),../checkpoints/ckpt_final.pt,9,256
5407972e58.jpg,photo_to_monet (B2A),../checkpoints/ckpt_final.pt,9,256
5418378939.jpg,photo_to_monet (B2A),../checkpoints/ckpt_final.pt,9,256
54199dc11f.jpg,photo_to_monet (B2A),../checkpoints/ckpt_final.pt,9,256
5420c594aa.jpg,photo_to_monet (B2A),../checkpoints/ckpt_final.pt,9,256
5429ab574f.jpg,photo_to_monet (B2A),../checkpoints/ckpt_final.pt,9,256
5432eef613.jpg,photo_to_monet (B2A),../checkpoints/ckpt_final.pt,9,256
5435fdfdc4.jpg,photo_to_monet (B2A),../checkpoints/ckpt_final.pt,9,256
54381f3114.jpg,photo_to_monet (B2A),../checkpoints/ckpt_final.pt,9,256
543ea28da6.jpg,photo_to_monet (B2A),../checkpoints/ckpt_final.pt,9,256
5447d2bd8d.jpg,photo_to_monet (B2A),../checkpoints/ckpt_final.pt,9,256
54510d8755.jpg,photo_to_monet (B2A),../checkpoints/ckpt_final.pt,9,256
5451321dd0.jpg,photo_to_monet (B2A),../checkpoints/ckpt_final.pt,9,256
5452e17b68.jpg,photo_to_monet (B2A),../checkpoints/ckpt_final.pt,9,256
54538aea8b.jpg,photo_to_monet (B2A),../checkpoints/ckpt_final.pt,9,256
54557ef4cf.jpg,photo_to_monet (B2A),../checkpoints/ckpt_final.pt,9,256
54796e9027.jpg,photo_to_monet (B2A),../checkpoints/ckpt_final.pt,9,256
547ae945cb.jpg,photo_to_monet (B2A),../checkpoints/ckpt_final.pt,9,256
547c5615d1.jpg,photo_to_monet (B2A),../checkpoints/ckpt_final.pt,9,256
5484662dfb.jpg,photo_to_monet (B2A),../checkpoints/ckpt_final.pt,9,256
54b556920a.jpg,photo_to_monet (B2A),../checkpoints/ckpt_final.pt,9,256
54b6416b3a.jpg,photo_to_monet (B2A),../checkpoints/ckpt_final.pt,9,256
54b6bbf683.jpg,photo_to_monet (B2A),../checkpoints/ckpt_final.pt,9,256
54b8be5c1e.jpg,photo_to_monet (B2A),../checkpoints/ckpt_final.pt,9,256
54bf5ab7fd.jpg,photo_to_monet (B2A),../checkpoints/ckpt_final.pt,9,256
54d2feb575.jpg,photo_to_monet (B2A),../checkpoints/ckpt_final.pt,9,256
54e9e67501.jpg,photo_to_monet (B2A),../checkpoints/ckpt_final.pt,9,256
54f65afd1c.jpg,photo_to_monet (B2A),../checkpoints/ckpt_final.pt,9,256
55004786ef.jpg,photo_to_monet (B2A),../checkpoints/ckpt_final.pt,9,256
550956b456.jpg,photo_to_monet (B2A),../checkpoints/ckpt_final.pt,9,256
550b90e008.jpg,photo_to_monet (B2A),../checkpoints/ckpt_final.pt,9,256
55129db8f9.jpg,photo_to_monet (B2A),../checkpoints/ckpt_final.pt,9,256
5515a27184.jpg,photo_to_monet (B2A),../checkpoints/ckpt_final.pt,9,256
5519a2e240.jpg,photo_to_monet (B2A),../checkpoints/ckpt_final.pt,9,256
551afc0ef0.jpg,photo_to_monet (B2A),../checkpoints/ckpt_final.pt,9,256
55288a650b.jpg,photo_to_monet (B2A),../checkpoints/ckpt_final.pt,9,256
552aad92e5.jpg,photo_to_monet (B2A),../checkpoints/ckpt_final.pt,9,256
552b38a9bc.jpg,photo_to_monet (B2A),../checkpoints/ckpt_final.pt,9,256
55364f51f9.jpg,photo_to_monet (B2A),../checkpoints/ckpt_final.pt,9,256
5541538198.jpg,photo_to_monet (B2A),../checkpoints/ckpt_final.pt,9,256
5565d2e475.jpg,photo_to_monet (B2A),../checkpoints/ckpt_final.pt,9,256
5587066bdc.jpg,photo_to_monet (B2A),../checkpoints/ckpt_final.pt,9,256
558e78d813.jpg,photo_to_monet (B2A),../checkpoints/ckpt_final.pt,9,256
559359bcca.jpg,photo_to_monet (B2A),../checkpoints/ckpt_final.pt,9,256
55a74b7296.jpg,photo_to_monet (B2A),../checkpoints/ckpt_final.pt,9,256
55a8a07dde.jpg,photo_to_monet (B2A),../checkpoints/ckpt_final.pt,9,256
55a9c23538.jpg,photo_to_monet (B2A),../checkpoints/ckpt_final.pt,9,256
55ac4415ef.jpg,photo_to_monet (B2A),../checkpoints/ckpt_final.pt,9,256
55b015b4df.jpg,photo_to_monet (B2A),../checkpoints/ckpt_final.pt,9,256
55d0d2d4a1.jpg,photo_to_monet (B2A),../checkpoints/ckpt_final.pt,9,256
55e5a039c3.jpg,photo_to_monet (B2A),../checkpoints/ckpt_final.pt,9,256
5602c749d0.jpg,photo_to_monet (B2A),../checkpoints/ckpt_final.pt,9,256
5604c7533d.jpg,photo_to_monet (B2A),../checkpoints/ckpt_final.pt,9,256
5604ea3384.jpg,photo_to_monet (B2A),../checkpoints/ckpt_final.pt,9,256
5608b7a226.jpg,photo_to_monet (B2A),../checkpoints/ckpt_final.pt,9,256
5619b15af5.jpg,photo_to_monet (B2A),../checkpoints/ckpt_final.pt,9,256
561c1f7cde.jpg,photo_to_monet (B2A),../checkpoints/ckpt_final.pt,9,256
561d9722a4.jpg,photo_to_monet (B2A),../checkpoints/ckpt_final.pt,9,256
561e61d7f1.jpg,photo_to_monet (B2A),../checkpoints/ckpt_final.pt,9,256
561ec9ffaf.jpg,photo_to_monet (B2A),../checkpoints/ckpt_final.pt,9,256
5622447728.jpg,photo_to_monet (B2A),../checkpoints/ckpt_final.pt,9,256
56270960dc.jpg,photo_to_monet (B2A),../checkpoints/ckpt_final.pt,9,256
563012ee88.jpg,photo_to_monet (B2A),../checkpoints/ckpt_final.pt,9,256
56539880a8.jpg,photo_to_monet (B2A),../checkpoints/ckpt_final.pt,9,256
5654801d96.jpg,photo_to_monet (B2A),../checkpoints/ckpt_final.pt,9,256
565702bc95.jpg,photo_to_monet (B2A),../checkpoints/ckpt_final.pt,9,256
5681f45127.jpg,photo_to_monet (B2A),../checkpoints/ckpt_final.pt,9,256
56849b394d.jpg,photo_to_monet (B2A),../checkpoints/ckpt_final.pt,9,256
56884e5824.jpg,photo_to_monet (B2A),../checkpoints/ckpt_final.pt,9,256
568885cc54.jpg,photo_to_monet (B2A),../checkpoints/ckpt_final.pt,9,256
56894c4948.jpg,photo_to_monet (B2A),../checkpoints/ckpt_final.pt,9,256
568d52aa05.jpg,photo_to_monet (B2A),../checkpoints/ckpt_final.pt,9,256
568d92c4a7.jpg,photo_to_monet (B2A),../checkpoints/ckpt_final.pt,9,256
5694abf7fa.jpg,photo_to_monet (B2A),../checkpoints/ckpt_final.pt,9,256
569ed795ec.jpg,photo_to_monet (B2A),../checkpoints/ckpt_final.pt,9,256
56ac108ce7.jpg,photo_to_monet (B2A),../checkpoints/ckpt_final.pt,9,256
56ac1f673a.jpg,photo_to_monet (B2A),../checkpoints/ckpt_final.pt,9,256
56ac3dda09.jpg,photo_to_monet (B2A),../checkpoints/ckpt_final.pt,9,256
56bfd45d42.jpg,photo_to_monet (B2A),../checkpoints/ckpt_final.pt,9,256
56c6444a6d.jpg,photo_to_monet (B2A),../checkpoints/ckpt_final.pt,9,256
56c690f4ce.jpg,photo_to_monet (B2A),../checkpoints/ckpt_final.pt,9,256
56cb23c291.jpg,photo_to_monet (B2A),../checkpoints/ckpt_final.pt,9,256
56d2ce77d3.jpg,photo_to_monet (B2A),../checkpoints/ckpt_final.pt,9,256
56df48f901.jpg,photo_to_monet (B2A),../checkpoints/ckpt_final.pt,9,256
56e14fc1c7.jpg,photo_to_monet (B2A),../checkpoints/ckpt_final.pt,9,256
56e28bc581.jpg,photo_to_monet (B2A),../checkpoints/ckpt_final.pt,9,256
56e473c0df.jpg,photo_to_monet (B2A),../checkpoints/ckpt_final.pt,9,256
56e858f7c3.jpg,photo_to_monet (B2A),../checkpoints/ckpt_final.pt,9,256
5707c424dd.jpg,photo_to_monet (B2A),../checkpoints/ckpt_final.pt,9,256
571325ea85.jpg,photo_to_monet (B2A),../checkpoints/ckpt_final.pt,9,256
571a8540a2.jpg,photo_to_monet (B2A),../checkpoints/ckpt_final.pt,9,256
571c0614e4.jpg,photo_to_monet (B2A),../checkpoints/ckpt_final.pt,9,256
571da2a2b6.jpg,photo_to_monet (B2A),../checkpoints/ckpt_final.pt,9,256
572d08dd47.jpg,photo_to_monet (B2A),../checkpoints/ckpt_final.pt,9,256
5734dda15c.jpg,photo_to_monet (B2A),../checkpoints/ckpt_final.pt,9,256
573e2bc6ac.jpg,photo_to_monet (B2A),../checkpoints/ckpt_final.pt,9,256
573f3616e6.jpg,photo_to_monet (B2A),../checkpoints/ckpt_final.pt,9,256
57509041fb.jpg,photo_to_monet (B2A),../checkpoints/ckpt_final.pt,9,256
575796635b.jpg,photo_to_monet (B2A),../checkpoints/ckpt_final.pt,9,256
5757d9bb28.jpg,photo_to_monet (B2A),../checkpoints/ckpt_final.pt,9,256
5764c388a6.jpg,photo_to_monet (B2A),../checkpoints/ckpt_final.pt,9,256
5777167029.jpg,photo_to_monet (B2A),../checkpoints/ckpt_final.pt,9,256
5784a2edfb.jpg,photo_to_monet (B2A),../checkpoints/ckpt_final.pt,9,256
57874888f9.jpg,photo_to_monet (B2A),../checkpoints/ckpt_final.pt,9,256
5794fc49e9.jpg,photo_to_monet (B2A),../checkpoints/ckpt_final.pt,9,256
57965b2143.jpg,photo_to_monet (B2A),../checkpoints/ckpt_final.pt,9,256
579cd00684.jpg,photo_to_monet (B2A),../checkpoints/ckpt_final.pt,9,256
579d0d4e7d.jpg,photo_to_monet (B2A),../checkpoints/ckpt_final.pt,9,256
57a2330579.jpg,photo_to_monet (B2A),../checkpoints/ckpt_final.pt,9,256
57ba66fb37.jpg,photo_to_monet (B2A),../checkpoints/ckpt_final.pt,9,256
57bd2abf4c.jpg,photo_to_monet (B2A),../checkpoints/ckpt_final.pt,9,256
57c47a8905.jpg,photo_to_monet (B2A),../checkpoints/ckpt_final.pt,9,256
57c528a4d5.jpg,photo_to_monet (B2A),../checkpoints/ckpt_final.pt,9,256
57c906c4cf.jpg,photo_to_monet (B2A),../checkpoints/ckpt_final.pt,9,256
57cf047094.jpg,photo_to_monet (B2A),../checkpoints/ckpt_final.pt,9,256
57d109e9cf.jpg,photo_to_monet (B2A),../checkpoints/ckpt_final.pt,9,256
57dccccee3.jpg,photo_to_monet (B2A),../checkpoints/ckpt_final.pt,9,256
57e0bbe931.jpg,photo_to_monet (B2A),../checkpoints/ckpt_final.pt,9,256
57e301422d.jpg,photo_to_monet (B2A),../checkpoints/ckpt_final.pt,9,256
58111663f1.jpg,photo_to_monet (B2A),../checkpoints/ckpt_final.pt,9,256
581d539ad6.jpg,photo_to_monet (B2A),../checkpoints/ckpt_final.pt,9,256
5833188a28.jpg,photo_to_monet (B2A),../checkpoints/ckpt_final.pt,9,256
5834c44d37.jpg,photo_to_monet (B2A),../checkpoints/ckpt_final.pt,9,256
5847f64d5d.jpg,photo_to_monet (B2A),../checkpoints/ckpt_final.pt,9,256
5852bbcf34.jpg,photo_to_monet (B2A),../checkpoints/ckpt_final.pt,9,256
585a5eb514.jpg,photo_to_monet (B2A),../checkpoints/ckpt_final.pt,9,256
585aa1f933.jpg,photo_to_monet (B2A),../checkpoints/ckpt_final.pt,9,256
585efde177.jpg,photo_to_monet (B2A),../checkpoints/ckpt_final.pt,9,256
585f9cb26d.jpg,photo_to_monet (B2A),../checkpoints/ckpt_final.pt,9,256
586d359437.jpg,photo_to_monet (B2A),../checkpoints/ckpt_final.pt,9,256
5879d04028.jpg,photo_to_monet (B2A),../checkpoints/ckpt_final.pt,9,256
587a865f86.jpg,photo_to_monet (B2A),../checkpoints/ckpt_final.pt,9,256
587cc7c2fe.jpg,photo_to_monet (B2A),../checkpoints/ckpt_final.pt,9,256
5894a8daaa.jpg,photo_to_monet (B2A),../checkpoints/ckpt_final.pt,9,256
589b4cbb6e.jpg,photo_to_monet (B2A),../checkpoints/ckpt_final.pt,9,256
589fdf111c.jpg,photo_to_monet (B2A),../checkpoints/ckpt_final.pt,9,256
58a038ba43.jpg,photo_to_monet (B2A),../checkpoints/ckpt_final.pt,9,256
58a4b16894.jpg,photo_to_monet (B2A),../checkpoints/ckpt_final.pt,9,256
58a776400d.jpg,photo_to_monet (B2A),../checkpoints/ckpt_final.pt,9,256
58a9467f2f.jpg,photo_to_monet (B2A),../checkpoints/ckpt_final.pt,9,256
58ae62fe43.jpg,photo_to_monet (B2A),../checkpoints/ckpt_final.pt,9,256
58bd31f329.jpg,photo_to_monet (B2A),../checkpoints/ckpt_final.pt,9,256
58c1e36fda.jpg,photo_to_monet (B2A),../checkpoints/ckpt_final.pt,9,256
58cb8ad323.jpg,photo_to_monet (B2A),../checkpoints/ckpt_final.pt,9,256
58d3d98397.jpg,photo_to_monet (B2A),../checkpoints/ckpt_final.pt,9,256
58e34a0489.jpg,photo_to_monet (B2A),../checkpoints/ckpt_final.pt,9,256
5901773791.jpg,photo_to_monet (B2A),../checkpoints/ckpt_final.pt,9,256
590530447f.jpg,photo_to_monet (B2A),../checkpoints/ckpt_final.pt,9,256
5913ac7eed.jpg,photo_to_monet (B2A),../checkpoints/ckpt_final.pt,9,256
591d527b4e.jpg,photo_to_monet (B2A),../checkpoints/ckpt_final.pt,9,256
591df1353a.jpg,photo_to_monet (B2A),../checkpoints/ckpt_final.pt,9,256
59245494b6.jpg,photo_to_monet (B2A),../checkpoints/ckpt_final.pt,9,256
592bf31bd5.jpg,photo_to_monet (B2A),../checkpoints/ckpt_final.pt,9,256
592dd67bf2.jpg,photo_to_monet (B2A),../checkpoints/ckpt_final.pt,9,256
59344b7884.jpg,photo_to_monet (B2A),../checkpoints/ckpt_final.pt,9,256
593d5650ea.jpg,photo_to_monet (B2A),../checkpoints/ckpt_final.pt,9,256
593fa1789b.jpg,photo_to_monet (B2A),../checkpoints/ckpt_final.pt,9,256
594257c315.jpg,photo_to_monet (B2A),../checkpoints/ckpt_final.pt,9,256
5948efa988.jpg,photo_to_monet (B2A),../checkpoints/ckpt_final.pt,9,256
5966f03832.jpg,photo_to_monet (B2A),../checkpoints/ckpt_final.pt,9,256
5979ddaf40.jpg,photo_to_monet (B2A),../checkpoints/ckpt_final.pt,9,256
597dc8102b.jpg,photo_to_monet (B2A),../checkpoints/ckpt_final.pt,9,256
599d5b2041.jpg,photo_to_monet (B2A),../checkpoints/ckpt_final.pt,9,256
59a4aa8ae0.jpg,photo_to_monet (B2A),../checkpoints/ckpt_final.pt,9,256
59a5b56086.jpg,photo_to_monet (B2A),../checkpoints/ckpt_final.pt,9,256
59bf7066cc.jpg,photo_to_monet (B2A),../checkpoints/ckpt_final.pt,9,256
59c0b11f7a.jpg,photo_to_monet (B2A),../checkpoints/ckpt_final.pt,9,256
59c73a71e2.jpg,photo_to_monet (B2A),../checkpoints/ckpt_final.pt,9,256
59d87604af.jpg,photo_to_monet (B2A),../checkpoints/ckpt_final.pt,9,256
59f40fedcd.jpg,photo_to_monet (B2A),../checkpoints/ckpt_final.pt,9,256
5a086eb4d4.jpg,photo_to_monet (B2A),../checkpoints/ckpt_final.pt,9,256
5a0e4d57e3.jpg,photo_to_monet (B2A),../checkpoints/ckpt_final.pt,9,256
5a114c6f90.jpg,photo_to_monet (B2A),../checkpoints/ckpt_final.pt,9,256
5a1f5ac407.jpg,photo_to_monet (B2A),../checkpoints/ckpt_final.pt,9,256
5a234f081a.jpg,photo_to_monet (B2A),../checkpoints/ckpt_final.pt,9,256
5a294c5685.jpg,photo_to_monet (B2A),../checkpoints/ckpt_final.pt,9,256
5a29db5e43.jpg,photo_to_monet (B2A),../checkpoints/ckpt_final.pt,9,256
5a30d613e5.jpg,photo_to_monet (B2A),../checkpoints/ckpt_final.pt,9,256
5a384bf8d9.jpg,photo_to_monet (B2A),../checkpoints/ckpt_final.pt,9,256
5a3c04abea.jpg,photo_to_monet (B2A),../checkpoints/ckpt_final.pt,9,256
5a5b14d79d.jpg,photo_to_monet (B2A),../checkpoints/ckpt_final.pt,9,256
5a648082a7.jpg,photo_to_monet (B2A),../checkpoints/ckpt_final.pt,9,256
5a722db12a.jpg,photo_to_monet (B2A),../checkpoints/ckpt_final.pt,9,256
5a7cd923cb.jpg,photo_to_monet (B2A),../checkpoints/ckpt_final.pt,9,256
5a7fe873f4.jpg,photo_to_monet (B2A),../checkpoints/ckpt_final.pt,9,256
5a885d5128.jpg,photo_to_monet (B2A),../checkpoints/ckpt_final.pt,9,256
5a90fcd546.jpg,photo_to_monet (B2A),../checkpoints/ckpt_final.pt,9,256
5a921a3ab6.jpg,photo_to_monet (B2A),../checkpoints/ckpt_final.pt,9,256
5a977985f9.jpg,photo_to_monet (B2A),../checkpoints/ckpt_final.pt,9,256
5a9f9c1a61.jpg,photo_to_monet (B2A),../checkpoints/ckpt_final.pt,9,256
5aac6a791e.jpg,photo_to_monet (B2A),../checkpoints/ckpt_final.pt,9,256
5abbc037e1.jpg,photo_to_monet (B2A),../checkpoints/ckpt_final.pt,9,256
5ac7e3d633.jpg,photo_to_monet (B2A),../checkpoints/ckpt_final.pt,9,256
5ad9efc598.jpg,photo_to_monet (B2A),../checkpoints/ckpt_final.pt,9,256
5adb2c3de9.jpg,photo_to_monet (B2A),../checkpoints/ckpt_final.pt,9,256
5ae669f97f.jpg,photo_to_monet (B2A),../checkpoints/ckpt_final.pt,9,256
5ae67d7741.jpg,photo_to_monet (B2A),../checkpoints/ckpt_final.pt,9,256
5b1ac7d453.jpg,photo_to_monet (B2A),../checkpoints/ckpt_final.pt,9,256
5b1c17961a.jpg,photo_to_monet (B2A),../checkpoints/ckpt_final.pt,9,256
5b1ca92c81.jpg,photo_to_monet (B2A),../checkpoints/ckpt_final.pt,9,256
5b1ce21999.jpg,photo_to_monet (B2A),../checkpoints/ckpt_final.pt,9,256
5b25e416af.jpg,photo_to_monet (B2A),../checkpoints/ckpt_final.pt,9,256
5b28e861e1.jpg,photo_to_monet (B2A),../checkpoints/ckpt_final.pt,9,256
5b2c1cbcc1.jpg,photo_to_monet (B2A),../checkpoints/ckpt_final.pt,9,256
5b36970405.jpg,photo_to_monet (B2A),../checkpoints/ckpt_final.pt,9,256
5b39ba9b27.jpg,photo_to_monet (B2A),../checkpoints/ckpt_final.pt,9,256
5b3c9ac58f.jpg,photo_to_monet (B2A),../checkpoints/ckpt_final.pt,9,256
5b430536ec.jpg,photo_to_monet (B2A),../checkpoints/ckpt_final.pt,9,256
5b45458ccf.jpg,photo_to_monet (B2A),../checkpoints/ckpt_final.pt,9,256
5b47729366.jpg,photo_to_monet (B2A),../checkpoints/ckpt_final.pt,9,256
5b54acd95e.jpg,photo_to_monet (B2A),../checkpoints/ckpt_final.pt,9,256
5b5eae4414.jpg,photo_to_monet (B2A),../checkpoints/ckpt_final.pt,9,256
5b644de405.jpg,photo_to_monet (B2A),../checkpoints/ckpt_final.pt,9,256
5b67d44eea.jpg,photo_to_monet (B2A),../checkpoints/ckpt_final.pt,9,256
5b8f94e9ed.jpg,photo_to_monet (B2A),../checkpoints/ckpt_final.pt,9,256
5b960d2105.jpg,photo_to_monet (B2A),../checkpoints/ckpt_final.pt,9,256
5ba1f82d11.jpg,photo_to_monet (B2A),../checkpoints/ckpt_final.pt,9,256
5baec51613.jpg,photo_to_monet (B2A),../checkpoints/ckpt_final.pt,9,256
5bb0b7b0fd.jpg,photo_to_monet (B2A),../checkpoints/ckpt_final.pt,9,256
5bb7d3f1e2.jpg,photo_to_monet (B2A),../checkpoints/ckpt_final.pt,9,256
5bce397cd6.jpg,photo_to_monet (B2A),../checkpoints/ckpt_final.pt,9,256
5bdd158279.jpg,photo_to_monet (B2A),../checkpoints/ckpt_final.pt,9,256
5bddd2139f.jpg,photo_to_monet (B2A),../checkpoints/ckpt_final.pt,9,256
5bfc51adc2.jpg,photo_to_monet (B2A),../checkpoints/ckpt_final.pt,9,256
5c0287b212.jpg,photo_to_monet (B2A),../checkpoints/ckpt_final.pt,9,256
5c03d3796d.jpg,photo_to_monet (B2A),../checkpoints/ckpt_final.pt,9,256
5c04deef4e.jpg,photo_to_monet (B2A),../checkpoints/ckpt_final.pt,9,256
5c068c34b2.jpg,photo_to_monet (B2A),../checkpoints/ckpt_final.pt,9,256
5c096f6c6b.jpg,photo_to_monet (B2A),../checkpoints/ckpt_final.pt,9,256
5c097be130.jpg,photo_to_monet (B2A),../checkpoints/ckpt_final.pt,9,256
5c2de90d27.jpg,photo_to_monet (B2A),../checkpoints/ckpt_final.pt,9,256
5c3849313d.jpg,photo_to_monet (B2A),../checkpoints/ckpt_final.pt,9,256
5c399c47f2.jpg,photo_to_monet (B2A),../checkpoints/ckpt_final.pt,9,256
5c3afc56ce.jpg,photo_to_monet (B2A),../checkpoints/ckpt_final.pt,9,256
5c3d598219.jpg,photo_to_monet (B2A),../checkpoints/ckpt_final.pt,9,256
5c50599656.jpg,photo_to_monet (B2A),../checkpoints/ckpt_final.pt,9,256
5c556d2c26.jpg,photo_to_monet (B2A),../checkpoints/ckpt_final.pt,9,256
5c55bd3c02.jpg,photo_to_monet (B2A),../checkpoints/ckpt_final.pt,9,256
5c574cd9b7.jpg,photo_to_monet (B2A),../checkpoints/ckpt_final.pt,9,256
5c6144e5be.jpg,photo_to_monet (B2A),../checkpoints/ckpt_final.pt,9,256
5c6c72ff95.jpg,photo_to_monet (B2A),../checkpoints/ckpt_final.pt,9,256
5c8a36d364.jpg,photo_to_monet (B2A),../checkpoints/ckpt_final.pt,9,256
5c9487be68.jpg,photo_to_monet (B2A),../checkpoints/ckpt_final.pt,9,256
5c9979287f.jpg,photo_to_monet (B2A),../checkpoints/ckpt_final.pt,9,256
5c9b9f20eb.jpg,photo_to_monet (B2A),../checkpoints/ckpt_final.pt,9,256
5ca98fc2af.jpg,photo_to_monet (B2A),../checkpoints/ckpt_final.pt,9,256
5cb9dcf772.jpg,photo_to_monet (B2A),../checkpoints/ckpt_final.pt,9,256
5cc20cb7e7.jpg,photo_to_monet (B2A),../checkpoints/ckpt_final.pt,9,256
5ce9aaf1e0.jpg,photo_to_monet (B2A),../checkpoints/ckpt_final.pt,9,256
5cf2ea15af.jpg,photo_to_monet (B2A),../checkpoints/ckpt_final.pt,9,256
5cff9ca17c.jpg,photo_to_monet (B2A),../checkpoints/ckpt_final.pt,9,256
5d03870821.jpg,photo_to_monet (B2A),../checkpoints/ckpt_final.pt,9,256
5d10d088ee.jpg,photo_to_monet (B2A),../checkpoints/ckpt_final.pt,9,256
5d1671f99b.jpg,photo_to_monet (B2A),../checkpoints/ckpt_final.pt,9,256
5d1d521c3f.jpg,photo_to_monet (B2A),../checkpoints/ckpt_final.pt,9,256
5d23c3c935.jpg,photo_to_monet (B2A),../checkpoints/ckpt_final.pt,9,256
5d3ce96256.jpg,photo_to_monet (B2A),../checkpoints/ckpt_final.pt,9,256
5d4377db4a.jpg,photo_to_monet (B2A),../checkpoints/ckpt_final.pt,9,256
5d53f82763.jpg,photo_to_monet (B2A),../checkpoints/ckpt_final.pt,9,256
5d5d5c6cec.jpg,photo_to_monet (B2A),../checkpoints/ckpt_final.pt,9,256
5d77349c0e.jpg,photo_to_monet (B2A),../checkpoints/ckpt_final.pt,9,256
5d7b441aa9.jpg,photo_to_monet (B2A),../checkpoints/ckpt_final.pt,9,256
5d875c63ab.jpg,photo_to_monet (B2A),../checkpoints/ckpt_final.pt,9,256
5d87fdb2c6.jpg,photo_to_monet (B2A),../checkpoints/ckpt_final.pt,9,256
5d8939501e.jpg,photo_to_monet (B2A),../checkpoints/ckpt_final.pt,9,256
5d90dbd1ca.jpg,photo_to_monet (B2A),../checkpoints/ckpt_final.pt,9,256
5da725f8d7.jpg,photo_to_monet (B2A),../checkpoints/ckpt_final.pt,9,256
5da88da947.jpg,photo_to_monet (B2A),../checkpoints/ckpt_final.pt,9,256
5dcdf86cfb.jpg,photo_to_monet (B2A),../checkpoints/ckpt_final.pt,9,256
5dcfd3a36f.jpg,photo_to_monet (B2A),../checkpoints/ckpt_final.pt,9,256
5ddb1eae61.jpg,photo_to_monet (B2A),../checkpoints/ckpt_final.pt,9,256
5de7aa1645.jpg,photo_to_monet (B2A),../checkpoints/ckpt_final.pt,9,256
5ded03d0f9.jpg,photo_to_monet (B2A),../checkpoints/ckpt_final.pt,9,256
5e0062d8c4.jpg,photo_to_monet (B2A),../checkpoints/ckpt_final.pt,9,256
5e0082e751.jpg,photo_to_monet (B2A),../checkpoints/ckpt_final.pt,9,256
5e05579bfb.jpg,photo_to_monet (B2A),../checkpoints/ckpt_final.pt,9,256
5e0b43957f.jpg,photo_to_monet (B2A),../checkpoints/ckpt_final.pt,9,256
5e187eb93f.jpg,photo_to_monet (B2A),../checkpoints/ckpt_final.pt,9,256
5e23eef10f.jpg,photo_to_monet (B2A),../checkpoints/ckpt_final.pt,9,256
5e49c27b03.jpg,photo_to_monet (B2A),../checkpoints/ckpt_final.pt,9,256
5e4de25a9c.jpg,photo_to_monet (B2A),../checkpoints/ckpt_final.pt,9,256
5e5c74bded.jpg,photo_to_monet (B2A),../checkpoints/ckpt_final.pt,9,256
5e62cdccf1.jpg,photo_to_monet (B2A),../checkpoints/ckpt_final.pt,9,256
5e64b64de8.jpg,photo_to_monet (B2A),../checkpoints/ckpt_final.pt,9,256
5e80458f0d.jpg,photo_to_monet (B2A),../checkpoints/ckpt_final.pt,9,256
5e8a5f5d3b.jpg,photo_to_monet (B2A),../checkpoints/ckpt_final.pt,9,256
5e8afd118f.jpg,photo_to_monet (B2A),../checkpoints/ckpt_final.pt,9,256
5e9b6ee1a4.jpg,photo_to_monet (B2A),../checkpoints/ckpt_final.pt,9,256
5e9d609ee7.jpg,photo_to_monet (B2A),../checkpoints/ckpt_final.pt,9,256
5e9f0eec0c.jpg,photo_to_monet (B2A),../checkpoints/ckpt_final.pt,9,256
5ea13d56aa.jpg,photo_to_monet (B2A),../checkpoints/ckpt_final.pt,9,256
5eaccc99bf.jpg,photo_to_monet (B2A),../checkpoints/ckpt_final.pt,9,256
5eb792b2be.jpg,photo_to_monet (B2A),../checkpoints/ckpt_final.pt,9,256
5ed2785909.jpg,photo_to_monet (B2A),../checkpoints/ckpt_final.pt,9,256
5ed86a6d0b.jpg,photo_to_monet (B2A),../checkpoints/ckpt_final.pt,9,256
5edefd0d0f.jpg,photo_to_monet (B2A),../checkpoints/ckpt_final.pt,9,256
5ee0ea499b.jpg,photo_to_monet (B2A),../checkpoints/ckpt_final.pt,9,256
5ee88f0c5f.jpg,photo_to_monet (B2A),../checkpoints/ckpt_final.pt,9,256
5ee96ba98d.jpg,photo_to_monet (B2A),../checkpoints/ckpt_final.pt,9,256
5ef70f37ea.jpg,photo_to_monet (B2A),../checkpoints/ckpt_final.pt,9,256
5f02c26178.jpg,photo_to_monet (B2A),../checkpoints/ckpt_final.pt,9,256
5f0d21c2b1.jpg,photo_to_monet (B2A),../checkpoints/ckpt_final.pt,9,256
5f14f7641d.jpg,photo_to_monet (B2A),../checkpoints/ckpt_final.pt,9,256
5f24335241.jpg,photo_to_monet (B2A),../checkpoints/ckpt_final.pt,9,256
5f25cbc263.jpg,photo_to_monet (B2A),../checkpoints/ckpt_final.pt,9,256
5f2b8fa71a.jpg,photo_to_monet (B2A),../checkpoints/ckpt_final.pt,9,256
5f34ec2686.jpg,photo_to_monet (B2A),../checkpoints/ckpt_final.pt,9,256
5f4018d615.jpg,photo_to_monet (B2A),../checkpoints/ckpt_final.pt,9,256
5f4612d92b.jpg,photo_to_monet (B2A),../checkpoints/ckpt_final.pt,9,256
5f477576c5.jpg,photo_to_monet (B2A),../checkpoints/ckpt_final.pt,9,256
5f477a5c46.jpg,photo_to_monet (B2A),../checkpoints/ckpt_final.pt,9,256
5f674f802b.jpg,photo_to_monet (B2A),../checkpoints/ckpt_final.pt,9,256
5f6acdd885.jpg,photo_to_monet (B2A),../checkpoints/ckpt_final.pt,9,256
5f7a943ad3.jpg,photo_to_monet (B2A),../checkpoints/ckpt_final.pt,9,256
5f824e47e4.jpg,photo_to_monet (B2A),../checkpoints/ckpt_final.pt,9,256
5fb5327415.jpg,photo_to_monet (B2A),../checkpoints/ckpt_final.pt,9,256
5fcf902716.jpg,photo_to_monet (B2A),../checkpoints/ckpt_final.pt,9,256
5fd438d742.jpg,photo_to_monet (B2A),../checkpoints/ckpt_final.pt,9,256
5ff7a6bd52.jpg,photo_to_monet (B2A),../checkpoints/ckpt_final.pt,9,256
5fffc71069.jpg,photo_to_monet (B2A),../checkpoints/ckpt_final.pt,9,256
600adb121f.jpg,photo_to_monet (B2A),../checkpoints/ckpt_final.pt,9,256
60149bcbbf.jpg,photo_to_monet (B2A),../checkpoints/ckpt_final.pt,9,256
60268cfb2f.jpg,photo_to_monet (B2A),../checkpoints/ckpt_final.pt,9,256
604547096b.jpg,photo_to_monet (B2A),../checkpoints/ckpt_final.pt,9,256
6045dd5804.jpg,photo_to_monet (B2A),../checkpoints/ckpt_final.pt,9,256
604c154a10.jpg,photo_to_monet (B2A),../checkpoints/ckpt_final.pt,9,256
604d51ecdb.jpg,photo_to_monet (B2A),../checkpoints/ckpt_final.pt,9,256
604eee6de2.jpg,photo_to_monet (B2A),../checkpoints/ckpt_final.pt,9,256
6058fe8ba4.jpg,photo_to_monet (B2A),../checkpoints/ckpt_final.pt,9,256
605c399821.jpg,photo_to_monet (B2A),../checkpoints/ckpt_final.pt,9,256
606bc88bf5.jpg,photo_to_monet (B2A),../checkpoints/ckpt_final.pt,9,256
606ea8c853.jpg,photo_to_monet (B2A),../checkpoints/ckpt_final.pt,9,256
606edf9e69.jpg,photo_to_monet (B2A),../checkpoints/ckpt_final.pt,9,256
607508ca60.jpg,photo_to_monet (B2A),../checkpoints/ckpt_final.pt,9,256
6090cac2ca.jpg,photo_to_monet (B2A),../checkpoints/ckpt_final.pt,9,256
609699b9f5.jpg,photo_to_monet (B2A),../checkpoints/ckpt_final.pt,9,256
6099732dd8.jpg,photo_to_monet (B2A),../checkpoints/ckpt_final.pt,9,256
60a6fdd5c0.jpg,photo_to_monet (B2A),../checkpoints/ckpt_final.pt,9,256
60ac278e96.jpg,photo_to_monet (B2A),../checkpoints/ckpt_final.pt,9,256
60adaaa8fa.jpg,photo_to_monet (B2A),../checkpoints/ckpt_final.pt,9,256
60ee84f0e3.jpg,photo_to_monet (B2A),../checkpoints/ckpt_final.pt,9,256
60f455c446.jpg,photo_to_monet (B2A),../checkpoints/ckpt_final.pt,9,256
60f7b3ce84.jpg,photo_to_monet (B2A),../checkpoints/ckpt_final.pt,9,256
60fa0dced3.jpg,photo_to_monet (B2A),../checkpoints/ckpt_final.pt,9,256
610b2e40b1.jpg,photo_to_monet (B2A),../checkpoints/ckpt_final.pt,9,256
610ff29105.jpg,photo_to_monet (B2A),../checkpoints/ckpt_final.pt,9,256
6113839c53.jpg,photo_to_monet (B2A),../checkpoints/ckpt_final.pt,9,256
611ce907ee.jpg,photo_to_monet (B2A),../checkpoints/ckpt_final.pt,9,256
6127261426.jpg,photo_to_monet (B2A),../checkpoints/ckpt_final.pt,9,256
612de09c0e.jpg,photo_to_monet (B2A),../checkpoints/ckpt_final.pt,9,256
612eb28781.jpg,photo_to_monet (B2A),../checkpoints/ckpt_final.pt,9,256
613592c5ba.jpg,photo_to_monet (B2A),../checkpoints/ckpt_final.pt,9,256
614aebf996.jpg,photo_to_monet (B2A),../checkpoints/ckpt_final.pt,9,256
614dcbd1b6.jpg,photo_to_monet (B2A),../checkpoints/ckpt_final.pt,9,256
614e5368b3.jpg,photo_to_monet (B2A),../checkpoints/ckpt_final.pt,9,256
6157aa63b5.jpg,photo_to_monet (B2A),../checkpoints/ckpt_final.pt,9,256
615f1a41e2.jpg,photo_to_monet (B2A),../checkpoints/ckpt_final.pt,9,256
6163883314.jpg,photo_to_monet (B2A),../checkpoints/ckpt_final.pt,9,256
6165bb7d20.jpg,photo_to_monet (B2A),../checkpoints/ckpt_final.pt,9,256
618573a4c0.jpg,photo_to_monet (B2A),../checkpoints/ckpt_final.pt,9,256
618c3a93a6.jpg,photo_to_monet (B2A),../checkpoints/ckpt_final.pt,9,256
619868817c.jpg,photo_to_monet (B2A),../checkpoints/ckpt_final.pt,9,256
61c0bf55f3.jpg,photo_to_monet (B2A),../checkpoints/ckpt_final.pt,9,256
61ca26c3f0.jpg,photo_to_monet (B2A),../checkpoints/ckpt_final.pt,9,256
61d1dacb0a.jpg,photo_to_monet (B2A),../checkpoints/ckpt_final.pt,9,256
61e0412438.jpg,photo_to_monet (B2A),../checkpoints/ckpt_final.pt,9,256
61efe98c2b.jpg,photo_to_monet (B2A),../checkpoints/ckpt_final.pt,9,256
61f0619994.jpg,photo_to_monet (B2A),../checkpoints/ckpt_final.pt,9,256
61f337301f.jpg,photo_to_monet (B2A),../checkpoints/ckpt_final.pt,9,256
61f79ea5e3.jpg,photo_to_monet (B2A),../checkpoints/ckpt_final.pt,9,256
61febf655e.jpg,photo_to_monet (B2A),../checkpoints/ckpt_final.pt,9,256
6203a47be6.jpg,photo_to_monet (B2A),../checkpoints/ckpt_final.pt,9,256
6203de934f.jpg,photo_to_monet (B2A),../checkpoints/ckpt_final.pt,9,256
6203e44a0b.jpg,photo_to_monet (B2A),../checkpoints/ckpt_final.pt,9,256
6216948548.jpg,photo_to_monet (B2A),../checkpoints/ckpt_final.pt,9,256
623226574f.jpg,photo_to_monet (B2A),../checkpoints/ckpt_final.pt,9,256
6233033047.jpg,photo_to_monet (B2A),../checkpoints/ckpt_final.pt,9,256
6233a14e7a.jpg,photo_to_monet (B2A),../checkpoints/ckpt_final.pt,9,256
62428234ef.jpg,photo_to_monet (B2A),../checkpoints/ckpt_final.pt,9,256
62556af40e.jpg,photo_to_monet (B2A),../checkpoints/ckpt_final.pt,9,256
6256e7fb82.jpg,photo_to_monet (B2A),../checkpoints/ckpt_final.pt,9,256
62601c808e.jpg,photo_to_monet (B2A),../checkpoints/ckpt_final.pt,9,256
626caaa1ce.jpg,photo_to_monet (B2A),../checkpoints/ckpt_final.pt,9,256
627532c78c.jpg,photo_to_monet (B2A),../checkpoints/ckpt_final.pt,9,256
6276c2f781.jpg,photo_to_monet (B2A),../checkpoints/ckpt_final.pt,9,256
6280ca0cf1.jpg,photo_to_monet (B2A),../checkpoints/ckpt_final.pt,9,256
6297c1fc75.jpg,photo_to_monet (B2A),../checkpoints/ckpt_final.pt,9,256
62a4327b05.jpg,photo_to_monet (B2A),../checkpoints/ckpt_final.pt,9,256
62a86886a4.jpg,photo_to_monet (B2A),../checkpoints/ckpt_final.pt,9,256
62ada6e480.jpg,photo_to_monet (B2A),../checkpoints/ckpt_final.pt,9,256
62ae12c529.jpg,photo_to_monet (B2A),../checkpoints/ckpt_final.pt,9,256
62b043985f.jpg,photo_to_monet (B2A),../checkpoints/ckpt_final.pt,9,256
62b1939e2e.jpg,photo_to_monet (B2A),../checkpoints/ckpt_final.pt,9,256
62b6c6c11d.jpg,photo_to_monet (B2A),../checkpoints/ckpt_final.pt,9,256
62bb8501e8.jpg,photo_to_monet (B2A),../checkpoints/ckpt_final.pt,9,256
62bff6d96f.jpg,photo_to_monet (B2A),../checkpoints/ckpt_final.pt,9,256
62c54774f6.jpg,photo_to_monet (B2A),../checkpoints/ckpt_final.pt,9,256
62c5a2a3c0.jpg,photo_to_monet (B2A),../checkpoints/ckpt_final.pt,9,256
62c8619eeb.jpg,photo_to_monet (B2A),../checkpoints/ckpt_final.pt,9,256
62e2c15e98.jpg,photo_to_monet (B2A),../checkpoints/ckpt_final.pt,9,256
62e79f1dd2.jpg,photo_to_monet (B2A),../checkpoints/ckpt_final.pt,9,256
630d324a16.jpg,photo_to_monet (B2A),../checkpoints/ckpt_final.pt,9,256
631cc9e7d1.jpg,photo_to_monet (B2A),../checkpoints/ckpt_final.pt,9,256
631f90f7a9.jpg,photo_to_monet (B2A),../checkpoints/ckpt_final.pt,9,256
632020c3e8.jpg,photo_to_monet (B2A),../checkpoints/ckpt_final.pt,9,256
632858e7c4.jpg,photo_to_monet (B2A),../checkpoints/ckpt_final.pt,9,256
633128bbae.jpg,photo_to_monet (B2A),../checkpoints/ckpt_final.pt,9,256
6334aea3e0.jpg,photo_to_monet (B2A),../checkpoints/ckpt_final.pt,9,256
63372e9038.jpg,photo_to_monet (B2A),../checkpoints/ckpt_final.pt,9,256
633edb47c9.jpg,photo_to_monet (B2A),../checkpoints/ckpt_final.pt,9,256
634246cbc0.jpg,photo_to_monet (B2A),../checkpoints/ckpt_final.pt,9,256
634e2ff9c5.jpg,photo_to_monet (B2A),../checkpoints/ckpt_final.pt,9,256
634f5cf142.jpg,photo_to_monet (B2A),../checkpoints/ckpt_final.pt,9,256
635907bad9.jpg,photo_to_monet (B2A),../checkpoints/ckpt_final.pt,9,256
6360e41e69.jpg,photo_to_monet (B2A),../checkpoints/ckpt_final.pt,9,256
636280c73d.jpg,photo_to_monet (B2A),../checkpoints/ckpt_final.pt,9,256
636d76c49a.jpg,photo_to_monet (B2A),../checkpoints/ckpt_final.pt,9,256
6376737353.jpg,photo_to_monet (B2A),../checkpoints/ckpt_final.pt,9,256
6376c3ffa5.jpg,photo_to_monet (B2A),../checkpoints/ckpt_final.pt,9,256
6379773e3f.jpg,photo_to_monet (B2A),../checkpoints/ckpt_final.pt,9,256
637a28f9cf.jpg,photo_to_monet (B2A),../checkpoints/ckpt_final.pt,9,256
638093f853.jpg,photo_to_monet (B2A),../checkpoints/ckpt_final.pt,9,256
6383f39af4.jpg,photo_to_monet (B2A),../checkpoints/ckpt_final.pt,9,256
63959943dd.jpg,photo_to_monet (B2A),../checkpoints/ckpt_final.pt,9,256
639ed4c744.jpg,photo_to_monet (B2A),../checkpoints/ckpt_final.pt,9,256
63a0582761.jpg,photo_to_monet (B2A),../checkpoints/ckpt_final.pt,9,256
63b4aeae20.jpg,photo_to_monet (B2A),../checkpoints/ckpt_final.pt,9,256
63b6bc086c.jpg,photo_to_monet (B2A),../checkpoints/ckpt_final.pt,9,256
63bf7ae1cf.jpg,photo_to_monet (B2A),../checkpoints/ckpt_final.pt,9,256
63d194e1df.jpg,photo_to_monet (B2A),../checkpoints/ckpt_final.pt,9,256
63e007e789.jpg,photo_to_monet (B2A),../checkpoints/ckpt_final.pt,9,256
63e73c1dc9.jpg,photo_to_monet (B2A),../checkpoints/ckpt_final.pt,9,256
63e885e644.jpg,photo_to_monet (B2A),../checkpoints/ckpt_final.pt,9,256
63f6cea734.jpg,photo_to_monet (B2A),../checkpoints/ckpt_final.pt,9,256
63fef59198.jpg,photo_to_monet (B2A),../checkpoints/ckpt_final.pt,9,256
6401c2d6c0.jpg,photo_to_monet (B2A),../checkpoints/ckpt_final.pt,9,256
6417787af0.jpg,photo_to_monet (B2A),../checkpoints/ckpt_final.pt,9,256
6421360d4f.jpg,photo_to_monet (B2A),../checkpoints/ckpt_final.pt,9,256
64247b3eb5.jpg,photo_to_monet (B2A),../checkpoints/ckpt_final.pt,9,256
6431f96d10.jpg,photo_to_monet (B2A),../checkpoints/ckpt_final.pt,9,256
64356423f2.jpg,photo_to_monet (B2A),../checkpoints/ckpt_final.pt,9,256
6438b04e89.jpg,photo_to_monet (B2A),../checkpoints/ckpt_final.pt,9,256
643916e05b.jpg,photo_to_monet (B2A),../checkpoints/ckpt_final.pt,9,256
64397cbb62.jpg,photo_to_monet (B2A),../checkpoints/ckpt_final.pt,9,256
6440dd45f8.jpg,photo_to_monet (B2A),../checkpoints/ckpt_final.pt,9,256
6444bc3ca4.jpg,photo_to_monet (B2A),../checkpoints/ckpt_final.pt,9,256
6447774e95.jpg,photo_to_monet (B2A),../checkpoints/ckpt_final.pt,9,256
6457f79ca3.jpg,photo_to_monet (B2A),../checkpoints/ckpt_final.pt,9,256
646da34032.jpg,photo_to_monet (B2A),../checkpoints/ckpt_final.pt,9,256
64813f537a.jpg,photo_to_monet (B2A),../checkpoints/ckpt_final.pt,9,256
6493077860.jpg,photo_to_monet (B2A),../checkpoints/ckpt_final.pt,9,256
649df99535.jpg,photo_to_monet (B2A),../checkpoints/ckpt_final.pt,9,256
64a519abd0.jpg,photo_to_monet (B2A),../checkpoints/ckpt_final.pt,9,256
64bd39e960.jpg,photo_to_monet (B2A),../checkpoints/ckpt_final.pt,9,256
64c68d0aa3.jpg,photo_to_monet (B2A),../checkpoints/ckpt_final.pt,9,256
64c6b6a511.jpg,photo_to_monet (B2A),../checkpoints/ckpt_final.pt,9,256
64cf019733.jpg,photo_to_monet (B2A),../checkpoints/ckpt_final.pt,9,256
64d0a7acf2.jpg,photo_to_monet (B2A),../checkpoints/ckpt_final.pt,9,256
64d362378f.jpg,photo_to_monet (B2A),../checkpoints/ckpt_final.pt,9,256
64e21dfda0.jpg,photo_to_monet (B2A),../checkpoints/ckpt_final.pt,9,256
64ee7530ff.jpg,photo_to_monet (B2A),../checkpoints/ckpt_final.pt,9,256
64f06b5ceb.jpg,photo_to_monet (B2A),../checkpoints/ckpt_final.pt,9,256
64fcd56944.jpg,photo_to_monet (B2A),../checkpoints/ckpt_final.pt,9,256
6533b9656e.jpg,photo_to_monet (B2A),../checkpoints/ckpt_final.pt,9,256
65344ad883.jpg,photo_to_monet (B2A),../checkpoints/ckpt_final.pt,9,256
653774f59a.jpg,photo_to_monet (B2A),../checkpoints/ckpt_final.pt,9,256
654dce0bc5.jpg,photo_to_monet (B2A),../checkpoints/ckpt_final.pt,9,256
6558098202.jpg,photo_to_monet (B2A),../checkpoints/ckpt_final.pt,9,256
6561bd46ba.jpg,photo_to_monet (B2A),../checkpoints/ckpt_final.pt,9,256
657337796d.jpg,photo_to_monet (B2A),../checkpoints/ckpt_final.pt,9,256
657a1ebe3d.jpg,photo_to_monet (B2A),../checkpoints/ckpt_final.pt,9,256
657bf0b295.jpg,photo_to_monet (B2A),../checkpoints/ckpt_final.pt,9,256
657d970481.jpg,photo_to_monet (B2A),../checkpoints/ckpt_final.pt,9,256
65881ff201.jpg,photo_to_monet (B2A),../checkpoints/ckpt_final.pt,9,256
6589904ec0.jpg,photo_to_monet (B2A),../checkpoints/ckpt_final.pt,9,256
65a09899f8.jpg,photo_to_monet (B2A),../checkpoints/ckpt_final.pt,9,256
65a6d3e7e2.jpg,photo_to_monet (B2A),../checkpoints/ckpt_final.pt,9,256
65ba65db68.jpg,photo_to_monet (B2A),../checkpoints/ckpt_final.pt,9,256
65cf11fe0e.jpg,photo_to_monet (B2A),../checkpoints/ckpt_final.pt,9,256
65e0307c38.jpg,photo_to_monet (B2A),../checkpoints/ckpt_final.pt,9,256
65e1c3f768.jpg,photo_to_monet (B2A),../checkpoints/ckpt_final.pt,9,256
65eb33194f.jpg,photo_to_monet (B2A),../checkpoints/ckpt_final.pt,9,256
65f48bdd36.jpg,photo_to_monet (B2A),../checkpoints/ckpt_final.pt,9,256
65ff1c4226.jpg,photo_to_monet (B2A),../checkpoints/ckpt_final.pt,9,256
660a638976.jpg,photo_to_monet (B2A),../checkpoints/ckpt_final.pt,9,256
661aadc417.jpg,photo_to_monet (B2A),../checkpoints/ckpt_final.pt,9,256
661d51efae.jpg,photo_to_monet (B2A),../checkpoints/ckpt_final.pt,9,256
662c5c4ff4.jpg,photo_to_monet (B2A),../checkpoints/ckpt_final.pt,9,256
6635a31ee1.jpg,photo_to_monet (B2A),../checkpoints/ckpt_final.pt,9,256
66361eea70.jpg,photo_to_monet (B2A),../checkpoints/ckpt_final.pt,9,256
6639b516d5.jpg,photo_to_monet (B2A),../checkpoints/ckpt_final.pt,9,256
663b9a1924.jpg,photo_to_monet (B2A),../checkpoints/ckpt_final.pt,9,256
66488583ab.jpg,photo_to_monet (B2A),../checkpoints/ckpt_final.pt,9,256
664b161ecc.jpg,photo_to_monet (B2A),../checkpoints/ckpt_final.pt,9,256
667c0fd61b.jpg,photo_to_monet (B2A),../checkpoints/ckpt_final.pt,9,256
6690a30a29.jpg,photo_to_monet (B2A),../checkpoints/ckpt_final.pt,9,256
66ad36a8d6.jpg,photo_to_monet (B2A),../checkpoints/ckpt_final.pt,9,256
66af3aa4b1.jpg,photo_to_monet (B2A),../checkpoints/ckpt_final.pt,9,256
66b54569e6.jpg,photo_to_monet (B2A),../checkpoints/ckpt_final.pt,9,256
66cb408c30.jpg,photo_to_monet (B2A),../checkpoints/ckpt_final.pt,9,256
66db0fe6b4.jpg,photo_to_monet (B2A),../checkpoints/ckpt_final.pt,9,256
66dbf73abc.jpg,photo_to_monet (B2A),../checkpoints/ckpt_final.pt,9,256
66e71841a4.jpg,photo_to_monet (B2A),../checkpoints/ckpt_final.pt,9,256
66f8456cb7.jpg,photo_to_monet (B2A),../checkpoints/ckpt_final.pt,9,256
6700b4b7bb.jpg,photo_to_monet (B2A),../checkpoints/ckpt_final.pt,9,256
670d9aa07f.jpg,photo_to_monet (B2A),../checkpoints/ckpt_final.pt,9,256
670dbb29d1.jpg,photo_to_monet (B2A),../checkpoints/ckpt_final.pt,9,256
6717eca3cc.jpg,photo_to_monet (B2A),../checkpoints/ckpt_final.pt,9,256
6728f4bba7.jpg,photo_to_monet (B2A),../checkpoints/ckpt_final.pt,9,256
6731de7cdc.jpg,photo_to_monet (B2A),../checkpoints/ckpt_final.pt,9,256
6736ee186d.jpg,photo_to_monet (B2A),../checkpoints/ckpt_final.pt,9,256
674bf68b95.jpg,photo_to_monet (B2A),../checkpoints/ckpt_final.pt,9,256
674c25f70e.jpg,photo_to_monet (B2A),../checkpoints/ckpt_final.pt,9,256
6751643b4b.jpg,photo_to_monet (B2A),../checkpoints/ckpt_final.pt,9,256
675e6b6065.jpg,photo_to_monet (B2A),../checkpoints/ckpt_final.pt,9,256
675eb73e32.jpg,photo_to_monet (B2A),../checkpoints/ckpt_final.pt,9,256
676a38fcf2.jpg,photo_to_monet (B2A),../checkpoints/ckpt_final.pt,9,256
676d2377ea.jpg,photo_to_monet (B2A),../checkpoints/ckpt_final.pt,9,256
67811f844f.jpg,photo_to_monet (B2A),../checkpoints/ckpt_final.pt,9,256
6798a2a50d.jpg,photo_to_monet (B2A),../checkpoints/ckpt_final.pt,9,256
679f2b8c09.jpg,photo_to_monet (B2A),../checkpoints/ckpt_final.pt,9,256
67ad9f90eb.jpg,photo_to_monet (B2A),../checkpoints/ckpt_final.pt,9,256
67ae13d8fd.jpg,photo_to_monet (B2A),../checkpoints/ckpt_final.pt,9,256
67b03b9ae6.jpg,photo_to_monet (B2A),../checkpoints/ckpt_final.pt,9,256
67b2023cdc.jpg,photo_to_monet (B2A),../checkpoints/ckpt_final.pt,9,256
67b303bc1f.jpg,photo_to_monet (B2A),../checkpoints/ckpt_final.pt,9,256
67bf2caa0d.jpg,photo_to_monet (B2A),../checkpoints/ckpt_final.pt,9,256
67cb59fe1b.jpg,photo_to_monet (B2A),../checkpoints/ckpt_final.pt,9,256
67d30c5976.jpg,photo_to_monet (B2A),../checkpoints/ckpt_final.pt,9,256
67e82318a8.jpg,photo_to_monet (B2A),../checkpoints/ckpt_final.pt,9,256
67fa0b1fff.jpg,photo_to_monet (B2A),../checkpoints/ckpt_final.pt,9,256
67ffae436a.jpg,photo_to_monet (B2A),../checkpoints/ckpt_final.pt,9,256
680e403ee6.jpg,photo_to_monet (B2A),../checkpoints/ckpt_final.pt,9,256
68161f940a.jpg,photo_to_monet (B2A),../checkpoints/ckpt_final.pt,9,256
681747f03e.jpg,photo_to_monet (B2A),../checkpoints/ckpt_final.pt,9,256
681949c029.jpg,photo_to_monet (B2A),../checkpoints/ckpt_final.pt,9,256
681df42505.jpg,photo_to_monet (B2A),../checkpoints/ckpt_final.pt,9,256
682e0844c2.jpg,photo_to_monet (B2A),../checkpoints/ckpt_final.pt,9,256
6836334767.jpg,photo_to_monet (B2A),../checkpoints/ckpt_final.pt,9,256
683ff91f55.jpg,photo_to_monet (B2A),../checkpoints/ckpt_final.pt,9,256
684690671a.jpg,photo_to_monet (B2A),../checkpoints/ckpt_final.pt,9,256
684be8790c.jpg,photo_to_monet (B2A),../checkpoints/ckpt_final.pt,9,256
685174f022.jpg,photo_to_monet (B2A),../checkpoints/ckpt_final.pt,9,256
6852f4cb2d.jpg,photo_to_monet (B2A),../checkpoints/ckpt_final.pt,9,256
685923a424.jpg,photo_to_monet (B2A),../checkpoints/ckpt_final.pt,9,256
68730b2016.jpg,photo_to_monet (B2A),../checkpoints/ckpt_final.pt,9,256
687cd30117.jpg,photo_to_monet (B2A),../checkpoints/ckpt_final.pt,9,256
6884abf5fe.jpg,photo_to_monet (B2A),../checkpoints/ckpt_final.pt,9,256
6887ee7059.jpg,photo_to_monet (B2A),../checkpoints/ckpt_final.pt,9,256
688fd65571.jpg,photo_to_monet (B2A),../checkpoints/ckpt_final.pt,9,256
689273b092.jpg,photo_to_monet (B2A),../checkpoints/ckpt_final.pt,9,256
68a0fd8800.jpg,photo_to_monet (B2A),../checkpoints/ckpt_final.pt,9,256
68b8b35955.jpg,photo_to_monet (B2A),../checkpoints/ckpt_final.pt,9,256
68d3757ce1.jpg,photo_to_monet (B2A),../checkpoints/ckpt_final.pt,9,256
68d785f0cb.jpg,photo_to_monet (B2A),../checkpoints/ckpt_final.pt,9,256
68e40889bf.jpg,photo_to_monet (B2A),../checkpoints/ckpt_final.pt,9,256
68e93f1dd4.jpg,photo_to_monet (B2A),../checkpoints/ckpt_final.pt,9,256
68f7232a89.jpg,photo_to_monet (B2A),../checkpoints/ckpt_final.pt,9,256
6915fdb4e2.jpg,photo_to_monet (B2A),../checkpoints/ckpt_final.pt,9,256
692b29e496.jpg,photo_to_monet (B2A),../checkpoints/ckpt_final.pt,9,256
692d2be632.jpg,photo_to_monet (B2A),../checkpoints/ckpt_final.pt,9,256
6932043ee0.jpg,photo_to_monet (B2A),../checkpoints/ckpt_final.pt,9,256
693415a29b.jpg,photo_to_monet (B2A),../checkpoints/ckpt_final.pt,9,256
69552238b4.jpg,photo_to_monet (B2A),../checkpoints/ckpt_final.pt,9,256
695755652f.jpg,photo_to_monet (B2A),../checkpoints/ckpt_final.pt,9,256
6957a4b495.jpg,photo_to_monet (B2A),../checkpoints/ckpt_final.pt,9,256
6960ca7470.jpg,photo_to_monet (B2A),../checkpoints/ckpt_final.pt,9,256
6960d1ca6a.jpg,photo_to_monet (B2A),../checkpoints/ckpt_final.pt,9,256
696803e17c.jpg,photo_to_monet (B2A),../checkpoints/ckpt_final.pt,9,256
696f56514d.jpg,photo_to_monet (B2A),../checkpoints/ckpt_final.pt,9,256
6970d5e39a.jpg,photo_to_monet (B2A),../checkpoints/ckpt_final.pt,9,256
697a7cac68.jpg,photo_to_monet (B2A),../checkpoints/ckpt_final.pt,9,256
6987bc04a8.jpg,photo_to_monet (B2A),../checkpoints/ckpt_final.pt,9,256
69a48c1703.jpg,photo_to_monet (B2A),../checkpoints/ckpt_final.pt,9,256
69ae5108fc.jpg,photo_to_monet (B2A),../checkpoints/ckpt_final.pt,9,256
69b2d90a15.jpg,photo_to_monet (B2A),../checkpoints/ckpt_final.pt,9,256
69b411b727.jpg,photo_to_monet (B2A),../checkpoints/ckpt_final.pt,9,256
69b590e268.jpg,photo_to_monet (B2A),../checkpoints/ckpt_final.pt,9,256
69ba3dbcbe.jpg,photo_to_monet (B2A),../checkpoints/ckpt_final.pt,9,256
69bc2bf220.jpg,photo_to_monet (B2A),../checkpoints/ckpt_final.pt,9,256
69c3dba202.jpg,photo_to_monet (B2A),../checkpoints/ckpt_final.pt,9,256
69c50db73f.jpg,photo_to_monet (B2A),../checkpoints/ckpt_final.pt,9,256
69c5eb1184.jpg,photo_to_monet (B2A),../checkpoints/ckpt_final.pt,9,256
69ce40e8bd.jpg,photo_to_monet (B2A),../checkpoints/ckpt_final.pt,9,256
69cf4ee0c1.jpg,photo_to_monet (B2A),../checkpoints/ckpt_final.pt,9,256
69e5be6684.jpg,photo_to_monet (B2A),../checkpoints/ckpt_final.pt,9,256
69ea18eac3.jpg,photo_to_monet (B2A),../checkpoints/ckpt_final.pt,9,256
69ff61709e.jpg,photo_to_monet (B2A),../checkpoints/ckpt_final.pt,9,256
6a0a168174.jpg,photo_to_monet (B2A),../checkpoints/ckpt_final.pt,9,256
6a0c1b662f.jpg,photo_to_monet (B2A),../checkpoints/ckpt_final.pt,9,256
6a19d6ed16.jpg,photo_to_monet (B2A),../checkpoints/ckpt_final.pt,9,256
6a1aea3e32.jpg,photo_to_monet (B2A),../checkpoints/ckpt_final.pt,9,256
6a24142aad.jpg,photo_to_monet (B2A),../checkpoints/ckpt_final.pt,9,256
6a3a6192c0.jpg,photo_to_monet (B2A),../checkpoints/ckpt_final.pt,9,256
6a4d3daafe.jpg,photo_to_monet (B2A),../checkpoints/ckpt_final.pt,9,256
6a4fe6590b.jpg,photo_to_monet (B2A),../checkpoints/ckpt_final.pt,9,256
6a55ec45aa.jpg,photo_to_monet (B2A),../checkpoints/ckpt_final.pt,9,256
6a5b3e97df.jpg,photo_to_monet (B2A),../checkpoints/ckpt_final.pt,9,256
6a62792333.jpg,photo_to_monet (B2A),../checkpoints/ckpt_final.pt,9,256
6a6fb64128.jpg,photo_to_monet (B2A),../checkpoints/ckpt_final.pt,9,256
6a75bc4fce.jpg,photo_to_monet (B2A),../checkpoints/ckpt_final.pt,9,256
6a95e80280.jpg,photo_to_monet (B2A),../checkpoints/ckpt_final.pt,9,256
6a9634ff0e.jpg,photo_to_monet (B2A),../checkpoints/ckpt_final.pt,9,256
6aa027975d.jpg,photo_to_monet (B2A),../checkpoints/ckpt_final.pt,9,256
6ab55e39e3.jpg,photo_to_monet (B2A),../checkpoints/ckpt_final.pt,9,256
6ab607ca91.jpg,photo_to_monet (B2A),../checkpoints/ckpt_final.pt,9,256
6ac584cbb4.jpg,photo_to_monet (B2A),../checkpoints/ckpt_final.pt,9,256
6ac922afab.jpg,photo_to_monet (B2A),../checkpoints/ckpt_final.pt,9,256
6ae1292f67.jpg,photo_to_monet (B2A),../checkpoints/ckpt_final.pt,9,256
6afc612209.jpg,photo_to_monet (B2A),../checkpoints/ckpt_final.pt,9,256
6b04d109cf.jpg,photo_to_monet (B2A),../checkpoints/ckpt_final.pt,9,256
6b240d89b8.jpg,photo_to_monet (B2A),../checkpoints/ckpt_final.pt,9,256
6b25e23139.jpg,photo_to_monet (B2A),../checkpoints/ckpt_final.pt,9,256
6b3e7692a0.jpg,photo_to_monet (B2A),../checkpoints/ckpt_final.pt,9,256
6b47c83dad.jpg,photo_to_monet (B2A),../checkpoints/ckpt_final.pt,9,256
6b53db36ed.jpg,photo_to_monet (B2A),../checkpoints/ckpt_final.pt,9,256
6b61c7852e.jpg,photo_to_monet (B2A),../checkpoints/ckpt_final.pt,9,256
6b66f3c48a.jpg,photo_to_monet (B2A),../checkpoints/ckpt_final.pt,9,256
6b6b85cd53.jpg,photo_to_monet (B2A),../checkpoints/ckpt_final.pt,9,256
6b6e1046b8.jpg,photo_to_monet (B2A),../checkpoints/ckpt_final.pt,9,256
6b70c93481.jpg,photo_to_monet (B2A),../checkpoints/ckpt_final.pt,9,256
6b7172639a.jpg,photo_to_monet (B2A),../checkpoints/ckpt_final.pt,9,256
6b87a7b5dc.jpg,photo_to_monet (B2A),../checkpoints/ckpt_final.pt,9,256
6b87dc38dc.jpg,photo_to_monet (B2A),../checkpoints/ckpt_final.pt,9,256
6b910e1321.jpg,photo_to_monet (B2A),../checkpoints/ckpt_final.pt,9,256
6ba72ca483.jpg,photo_to_monet (B2A),../checkpoints/ckpt_final.pt,9,256
6bb4d6273a.jpg,photo_to_monet (B2A),../checkpoints/ckpt_final.pt,9,256
6bc014d8ea.jpg,photo_to_monet (B2A),../checkpoints/ckpt_final.pt,9,256
6bc2744034.jpg,photo_to_monet (B2A),../checkpoints/ckpt_final.pt,9,256
6bc4af390a.jpg,photo_to_monet (B2A),../checkpoints/ckpt_final.pt,9,256
6bc7d64fb6.jpg,photo_to_monet (B2A),../checkpoints/ckpt_final.pt,9,256
6bc8104d76.jpg,photo_to_monet (B2A),../checkpoints/ckpt_final.pt,9,256
6bcd8876a4.jpg,photo_to_monet (B2A),../checkpoints/ckpt_final.pt,9,256
6bcea12f74.jpg,photo_to_monet (B2A),../checkpoints/ckpt_final.pt,9,256
6be0fc09a5.jpg,photo_to_monet (B2A),../checkpoints/ckpt_final.pt,9,256
6bf0976dae.jpg,photo_to_monet (B2A),../checkpoints/ckpt_final.pt,9,256
6c0f6804c5.jpg,photo_to_monet (B2A),../checkpoints/ckpt_final.pt,9,256
6c19b70453.jpg,photo_to_monet (B2A),../checkpoints/ckpt_final.pt,9,256
6c1d743ded.jpg,photo_to_monet (B2A),../checkpoints/ckpt_final.pt,9,256
6c1f308e02.jpg,photo_to_monet (B2A),../checkpoints/ckpt_final.pt,9,256
6c28209b0b.jpg,photo_to_monet (B2A),../checkpoints/ckpt_final.pt,9,256
6c37caaa86.jpg,photo_to_monet (B2A),../checkpoints/ckpt_final.pt,9,256
6c38e65dd9.jpg,photo_to_monet (B2A),../checkpoints/ckpt_final.pt,9,256
6c5fb319c2.jpg,photo_to_monet (B2A),../checkpoints/ckpt_final.pt,9,256
6c650608d2.jpg,photo_to_monet (B2A),../checkpoints/ckpt_final.pt,9,256
6c66f26b82.jpg,photo_to_monet (B2A),../checkpoints/ckpt_final.pt,9,256
6c77b100ea.jpg,photo_to_monet (B2A),../checkpoints/ckpt_final.pt,9,256
6c7b92564c.jpg,photo_to_monet (B2A),../checkpoints/ckpt_final.pt,9,256
6c7bd28db6.jpg,photo_to_monet (B2A),../checkpoints/ckpt_final.pt,9,256
6c7e5b0199.jpg,photo_to_monet (B2A),../checkpoints/ckpt_final.pt,9,256
6c8aec68c1.jpg,photo_to_monet (B2A),../checkpoints/ckpt_final.pt,9,256
6c8c8234e4.jpg,photo_to_monet (B2A),../checkpoints/ckpt_final.pt,9,256
6c9c20101d.jpg,photo_to_monet (B2A),../checkpoints/ckpt_final.pt,9,256
6cad5acca6.jpg,photo_to_monet (B2A),../checkpoints/ckpt_final.pt,9,256
6cada09ad0.jpg,photo_to_monet (B2A),../checkpoints/ckpt_final.pt,9,256
6cb683712d.jpg,photo_to_monet (B2A),../checkpoints/ckpt_final.pt,9,256
6cb7a4d1c0.jpg,photo_to_monet (B2A),../checkpoints/ckpt_final.pt,9,256
6cc9ba090d.jpg,photo_to_monet (B2A),../checkpoints/ckpt_final.pt,9,256
6cdb4ae67d.jpg,photo_to_monet (B2A),../checkpoints/ckpt_final.pt,9,256
6cf14b58ac.jpg,photo_to_monet (B2A),../checkpoints/ckpt_final.pt,9,256
6d21dd8e8a.jpg,photo_to_monet (B2A),../checkpoints/ckpt_final.pt,9,256
6d2db478f1.jpg,photo_to_monet (B2A),../checkpoints/ckpt_final.pt,9,256
6d366256a0.jpg,photo_to_monet (B2A),../checkpoints/ckpt_final.pt,9,256
6d43871d17.jpg,photo_to_monet (B2A),../checkpoints/ckpt_final.pt,9,256
6d4cd97a65.jpg,photo_to_monet (B2A),../checkpoints/ckpt_final.pt,9,256
6d4ed509c4.jpg,photo_to_monet (B2A),../checkpoints/ckpt_final.pt,9,256
6d59401909.jpg,photo_to_monet (B2A),../checkpoints/ckpt_final.pt,9,256
6d6717a60d.jpg,photo_to_monet (B2A),../checkpoints/ckpt_final.pt,9,256
6d6bc1579a.jpg,photo_to_monet (B2A),../checkpoints/ckpt_final.pt,9,256
6d75effae7.jpg,photo_to_monet (B2A),../checkpoints/ckpt_final.pt,9,256
6d76ac5983.jpg,photo_to_monet (B2A),../checkpoints/ckpt_final.pt,9,256
6d76db2739.jpg,photo_to_monet (B2A),../checkpoints/ckpt_final.pt,9,256
6d8ac0ab87.jpg,photo_to_monet (B2A),../checkpoints/ckpt_final.pt,9,256
6d8ff7415d.jpg,photo_to_monet (B2A),../checkpoints/ckpt_final.pt,9,256
6da5f24eb5.jpg,photo_to_monet (B2A),../checkpoints/ckpt_final.pt,9,256
6da926571e.jpg,photo_to_monet (B2A),../checkpoints/ckpt_final.pt,9,256
6db9d90f11.jpg,photo_to_monet (B2A),../checkpoints/ckpt_final.pt,9,256
6dc8ab590e.jpg,photo_to_monet (B2A),../checkpoints/ckpt_final.pt,9,256
6dce9829bb.jpg,photo_to_monet (B2A),../checkpoints/ckpt_final.pt,9,256
6dcf799703.jpg,photo_to_monet (B2A),../checkpoints/ckpt_final.pt,9,256
6ddc86d0e4.jpg,photo_to_monet (B2A),../checkpoints/ckpt_final.pt,9,256
6dee6d02d8.jpg,photo_to_monet (B2A),../checkpoints/ckpt_final.pt,9,256
6df48d411c.jpg,photo_to_monet (B2A),../checkpoints/ckpt_final.pt,9,256
6dfff386db.jpg,photo_to_monet (B2A),../checkpoints/ckpt_final.pt,9,256
6e09fe8d32.jpg,photo_to_monet (B2A),../checkpoints/ckpt_final.pt,9,256
6e13b2f9b4.jpg,photo_to_monet (B2A),../checkpoints/ckpt_final.pt,9,256
6e17babca8.jpg,photo_to_monet (B2A),../checkpoints/ckpt_final.pt,9,256
6e2493f8d4.jpg,photo_to_monet (B2A),../checkpoints/ckpt_final.pt,9,256
6e2c4451e5.jpg,photo_to_monet (B2A),../checkpoints/ckpt_final.pt,9,256
6e3c226e32.jpg,photo_to_monet (B2A),../checkpoints/ckpt_final.pt,9,256
6e3e179ef8.jpg,photo_to_monet (B2A),../checkpoints/ckpt_final.pt,9,256
6e57dbfe6f.jpg,photo_to_monet (B2A),../checkpoints/ckpt_final.pt,9,256
6e5cd72d3c.jpg,photo_to_monet (B2A),../checkpoints/ckpt_final.pt,9,256
6e656030a0.jpg,photo_to_monet (B2A),../checkpoints/ckpt_final.pt,9,256
6e68264904.jpg,photo_to_monet (B2A),../checkpoints/ckpt_final.pt,9,256
6e72f8ad6c.jpg,photo_to_monet (B2A),../checkpoints/ckpt_final.pt,9,256
6e84325bee.jpg,photo_to_monet (B2A),../checkpoints/ckpt_final.pt,9,256
6e89ef391e.jpg,photo_to_monet (B2A),../checkpoints/ckpt_final.pt,9,256
6e8ec08b46.jpg,photo_to_monet (B2A),../checkpoints/ckpt_final.pt,9,256
6e924c87a3.jpg,photo_to_monet (B2A),../checkpoints/ckpt_final.pt,9,256
6e9f6935ce.jpg,photo_to_monet (B2A),../checkpoints/ckpt_final.pt,9,256
6ea4aef23e.jpg,photo_to_monet (B2A),../checkpoints/ckpt_final.pt,9,256
6ebd91c7e5.jpg,photo_to_monet (B2A),../checkpoints/ckpt_final.pt,9,256
6ebfe9870b.jpg,photo_to_monet (B2A),../checkpoints/ckpt_final.pt,9,256
6ec425bb69.jpg,photo_to_monet (B2A),../checkpoints/ckpt_final.pt,9,256
6ecc2d49cf.jpg,photo_to_monet (B2A),../checkpoints/ckpt_final.pt,9,256
6ed8cb6c73.jpg,photo_to_monet (B2A),../checkpoints/ckpt_final.pt,9,256
6edee61a9e.jpg,photo_to_monet (B2A),../checkpoints/ckpt_final.pt,9,256
6ee301dfa6.jpg,photo_to_monet (B2A),../checkpoints/ckpt_final.pt,9,256
6ee4e3cfa0.jpg,photo_to_monet (B2A),../checkpoints/ckpt_final.pt,9,256
6ee582ddd3.jpg,photo_to_monet (B2A),../checkpoints/ckpt_final.pt,9,256
6ef0e038c4.jpg,photo_to_monet (B2A),../checkpoints/ckpt_final.pt,9,256
6efbef83a2.jpg,photo_to_monet (B2A),../checkpoints/ckpt_final.pt,9,256
6f28a81391.jpg,photo_to_monet (B2A),../checkpoints/ckpt_final.pt,9,256
6f2bf952a9.jpg,photo_to_monet (B2A),../checkpoints/ckpt_final.pt,9,256
6f40f67816.jpg,photo_to_monet (B2A),../checkpoints/ckpt_final.pt,9,256
6f48326e10.jpg,photo_to_monet (B2A),../checkpoints/ckpt_final.pt,9,256
6f48f32192.jpg,photo_to_monet (B2A),../checkpoints/ckpt_final.pt,9,256
6f5bf1e36c.jpg,photo_to_monet (B2A),../checkpoints/ckpt_final.pt,9,256
6f5ef8ad57.jpg,photo_to_monet (B2A),../checkpoints/ckpt_final.pt,9,256
6f68219972.jpg,photo_to_monet (B2A),../checkpoints/ckpt_final.pt,9,256
6f6d82abff.jpg,photo_to_monet (B2A),../checkpoints/ckpt_final.pt,9,256
6f7564d1a0.jpg,photo_to_monet (B2A),../checkpoints/ckpt_final.pt,9,256
6f77237bfc.jpg,photo_to_monet (B2A),../checkpoints/ckpt_final.pt,9,256
6f8cb591c0.jpg,photo_to_monet (B2A),../checkpoints/ckpt_final.pt,9,256
6f8d0b8187.jpg,photo_to_monet (B2A),../checkpoints/ckpt_final.pt,9,256
6f8e3c9a8b.jpg,photo_to_monet (B2A),../checkpoints/ckpt_final.pt,9,256
6f923ef327.jpg,photo_to_monet (B2A),../checkpoints/ckpt_final.pt,9,256
6f947d7eac.jpg,photo_to_monet (B2A),../checkpoints/ckpt_final.pt,9,256
6fadc7344f.jpg,photo_to_monet (B2A),../checkpoints/ckpt_final.pt,9,256
6fc20169b5.jpg,photo_to_monet (B2A),../checkpoints/ckpt_final.pt,9,256
6fc42ec979.jpg,photo_to_monet (B2A),../checkpoints/ckpt_final.pt,9,256
6fc6fa664f.jpg,photo_to_monet (B2A),../checkpoints/ckpt_final.pt,9,256
6fd27b0261.jpg,photo_to_monet (B2A),../checkpoints/ckpt_final.pt,9,256
6fd58bb7ed.jpg,photo_to_monet (B2A),../checkpoints/ckpt_final.pt,9,256
6fd674c2bc.jpg,photo_to_monet (B2A),../checkpoints/ckpt_final.pt,9,256
6feaf858bb.jpg,photo_to_monet (B2A),../checkpoints/ckpt_final.pt,9,256
6ff650cc01.jpg,photo_to_monet (B2A),../checkpoints/ckpt_final.pt,9,256
6ff926036b.jpg,photo_to_monet (B2A),../checkpoints/ckpt_final.pt,9,256
7007638c04.jpg,photo_to_monet (B2A),../checkpoints/ckpt_final.pt,9,256
7018cf5472.jpg,photo_to_monet (B2A),../checkpoints/ckpt_final.pt,9,256
7023e05153.jpg,photo_to_monet (B2A),../checkpoints/ckpt_final.pt,9,256
7041df8f8d.jpg,photo_to_monet (B2A),../checkpoints/ckpt_final.pt,9,256
7048682787.jpg,photo_to_monet (B2A),../checkpoints/ckpt_final.pt,9,256
7056c4d0c9.jpg,photo_to_monet (B2A),../checkpoints/ckpt_final.pt,9,256
7058938d2d.jpg,photo_to_monet (B2A),../checkpoints/ckpt_final.pt,9,256
70688893ff.jpg,photo_to_monet (B2A),../checkpoints/ckpt_final.pt,9,256
7095de0c05.jpg,photo_to_monet (B2A),../checkpoints/ckpt_final.pt,9,256
709c87be1e.jpg,photo_to_monet (B2A),../checkpoints/ckpt_final.pt,9,256
70a6584991.jpg,photo_to_monet (B2A),../checkpoints/ckpt_final.pt,9,256
70adc33191.jpg,photo_to_monet (B2A),../checkpoints/ckpt_final.pt,9,256
70b1293521.jpg,photo_to_monet (B2A),../checkpoints/ckpt_final.pt,9,256
70bbdc328b.jpg,photo_to_monet (B2A),../checkpoints/ckpt_final.pt,9,256
70bfad4fb3.jpg,photo_to_monet (B2A),../checkpoints/ckpt_final.pt,9,256
70c35d97fa.jpg,photo_to_monet (B2A),../checkpoints/ckpt_final.pt,9,256
70c4ba13c5.jpg,photo_to_monet (B2A),../checkpoints/ckpt_final.pt,9,256
70c5926990.jpg,photo_to_monet (B2A),../checkpoints/ckpt_final.pt,9,256
70d01a9f18.jpg,photo_to_monet (B2A),../checkpoints/ckpt_final.pt,9,256
70d2dd3347.jpg,photo_to_monet (B2A),../checkpoints/ckpt_final.pt,9,256
70e1a9d5d0.jpg,photo_to_monet (B2A),../checkpoints/ckpt_final.pt,9,256
70f83908f4.jpg,photo_to_monet (B2A),../checkpoints/ckpt_final.pt,9,256
710afec54e.jpg,photo_to_monet (B2A),../checkpoints/ckpt_final.pt,9,256
710dddaa53.jpg,photo_to_monet (B2A),../checkpoints/ckpt_final.pt,9,256
710ff8d371.jpg,photo_to_monet (B2A),../checkpoints/ckpt_final.pt,9,256
711bdf7e70.jpg,photo_to_monet (B2A),../checkpoints/ckpt_final.pt,9,256
711e41a40a.jpg,photo_to_monet (B2A),../checkpoints/ckpt_final.pt,9,256
7124e69590.jpg,photo_to_monet (B2A),../checkpoints/ckpt_final.pt,9,256
7128cb2ee3.jpg,photo_to_monet (B2A),../checkpoints/ckpt_final.pt,9,256
7140fb929c.jpg,photo_to_monet (B2A),../checkpoints/ckpt_final.pt,9,256
714de5bcda.jpg,photo_to_monet (B2A),../checkpoints/ckpt_final.pt,9,256
716437e0a0.jpg,photo_to_monet (B2A),../checkpoints/ckpt_final.pt,9,256
71697466d8.jpg,photo_to_monet (B2A),../checkpoints/ckpt_final.pt,9,256
716981b92d.jpg,photo_to_monet (B2A),../checkpoints/ckpt_final.pt,9,256
717bc1fc72.jpg,photo_to_monet (B2A),../checkpoints/ckpt_final.pt,9,256
718b15a998.jpg,photo_to_monet (B2A),../checkpoints/ckpt_final.pt,9,256
71990c1992.jpg,photo_to_monet (B2A),../checkpoints/ckpt_final.pt,9,256
71a1688eec.jpg,photo_to_monet (B2A),../checkpoints/ckpt_final.pt,9,256
71ab7757d1.jpg,photo_to_monet (B2A),../checkpoints/ckpt_final.pt,9,256
71b9dfc246.jpg,photo_to_monet (B2A),../checkpoints/ckpt_final.pt,9,256
71c9f21e69.jpg,photo_to_monet (B2A),../checkpoints/ckpt_final.pt,9,256
71cd818b43.jpg,photo_to_monet (B2A),../checkpoints/ckpt_final.pt,9,256
71cde4e6b9.jpg,photo_to_monet (B2A),../checkpoints/ckpt_final.pt,9,256
71d0f6d808.jpg,photo_to_monet (B2A),../checkpoints/ckpt_final.pt,9,256
71d92823a7.jpg,photo_to_monet (B2A),../checkpoints/ckpt_final.pt,9,256
71e2160bc2.jpg,photo_to_monet (B2A),../checkpoints/ckpt_final.pt,9,256
71eb79bec9.jpg,photo_to_monet (B2A),../checkpoints/ckpt_final.pt,9,256
71f375fd61.jpg,photo_to_monet (B2A),../checkpoints/ckpt_final.pt,9,256
71f38526e3.jpg,photo_to_monet (B2A),../checkpoints/ckpt_final.pt,9,256
71f84e59d9.jpg,photo_to_monet (B2A),../checkpoints/ckpt_final.pt,9,256
71fbc6fd17.jpg,photo_to_monet (B2A),../checkpoints/ckpt_final.pt,9,256
71feaf01d5.jpg,photo_to_monet (B2A),../checkpoints/ckpt_final.pt,9,256
720358ea9a.jpg,photo_to_monet (B2A),../checkpoints/ckpt_final.pt,9,256
7207f4dfb5.jpg,photo_to_monet (B2A),../checkpoints/ckpt_final.pt,9,256
720b03538d.jpg,photo_to_monet (B2A),../checkpoints/ckpt_final.pt,9,256
720b65616c.jpg,photo_to_monet (B2A),../checkpoints/ckpt_final.pt,9,256
720b79fcc2.jpg,photo_to_monet (B2A),../checkpoints/ckpt_final.pt,9,256
721f26a1d5.jpg,photo_to_monet (B2A),../checkpoints/ckpt_final.pt,9,256
721fb86cc5.jpg,photo_to_monet (B2A),../checkpoints/ckpt_final.pt,9,256
7226160b9d.jpg,photo_to_monet (B2A),../checkpoints/ckpt_final.pt,9,256
722cb1e56d.jpg,photo_to_monet (B2A),../checkpoints/ckpt_final.pt,9,256
7232765c25.jpg,photo_to_monet (B2A),../checkpoints/ckpt_final.pt,9,256
723451df4f.jpg,photo_to_monet (B2A),../checkpoints/ckpt_final.pt,9,256
7234b91e34.jpg,photo_to_monet (B2A),../checkpoints/ckpt_final.pt,9,256
7237fc1604.jpg,photo_to_monet (B2A),../checkpoints/ckpt_final.pt,9,256
723d373aa3.jpg,photo_to_monet (B2A),../checkpoints/ckpt_final.pt,9,256
7241d2c3d9.jpg,photo_to_monet (B2A),../checkpoints/ckpt_final.pt,9,256
7261ec35d2.jpg,photo_to_monet (B2A),../checkpoints/ckpt_final.pt,9,256
72669a9943.jpg,photo_to_monet (B2A),../checkpoints/ckpt_final.pt,9,256
72812baf6e.jpg,photo_to_monet (B2A),../checkpoints/ckpt_final.pt,9,256
7283cfab05.jpg,photo_to_monet (B2A),../checkpoints/ckpt_final.pt,9,256
728ea2432b.jpg,photo_to_monet (B2A),../checkpoints/ckpt_final.pt,9,256
7293694fa1.jpg,photo_to_monet (B2A),../checkpoints/ckpt_final.pt,9,256
72984fac2b.jpg,photo_to_monet (B2A),../checkpoints/ckpt_final.pt,9,256
72a4736675.jpg,photo_to_monet (B2A),../checkpoints/ckpt_final.pt,9,256
72a601d8f0.jpg,photo_to_monet (B2A),../checkpoints/ckpt_final.pt,9,256
72c7727920.jpg,photo_to_monet (B2A),../checkpoints/ckpt_final.pt,9,256
72d3a41349.jpg,photo_to_monet (B2A),../checkpoints/ckpt_final.pt,9,256
72d466fe84.jpg,photo_to_monet (B2A),../checkpoints/ckpt_final.pt,9,256
72e16d5fbd.jpg,photo_to_monet (B2A),../checkpoints/ckpt_final.pt,9,256
72e448ba0d.jpg,photo_to_monet (B2A),../checkpoints/ckpt_final.pt,9,256
72f617be7d.jpg,photo_to_monet (B2A),../checkpoints/ckpt_final.pt,9,256
730f4d3c17.jpg,photo_to_monet (B2A),../checkpoints/ckpt_final.pt,9,256
7310d880f1.jpg,photo_to_monet (B2A),../checkpoints/ckpt_final.pt,9,256
731ebe59e9.jpg,photo_to_monet (B2A),../checkpoints/ckpt_final.pt,9,256
73222f682f.jpg,photo_to_monet (B2A),../checkpoints/ckpt_final.pt,9,256
73256f9bc4.jpg,photo_to_monet (B2A),../checkpoints/ckpt_final.pt,9,256
7325a1d7d0.jpg,photo_to_monet (B2A),../checkpoints/ckpt_final.pt,9,256
732a9c8c6b.jpg,photo_to_monet (B2A),../checkpoints/ckpt_final.pt,9,256
732becb4d6.jpg,photo_to_monet (B2A),../checkpoints/ckpt_final.pt,9,256
7333f63f5c.jpg,photo_to_monet (B2A),../checkpoints/ckpt_final.pt,9,256
7336afe63d.jpg,photo_to_monet (B2A),../checkpoints/ckpt_final.pt,9,256
73433b9176.jpg,photo_to_monet (B2A),../checkpoints/ckpt_final.pt,9,256
7347d4c64e.jpg,photo_to_monet (B2A),../checkpoints/ckpt_final.pt,9,256
734c1c2cb7.jpg,photo_to_monet (B2A),../checkpoints/ckpt_final.pt,9,256
734f9967b1.jpg,photo_to_monet (B2A),../checkpoints/ckpt_final.pt,9,256
7354bcca29.jpg,photo_to_monet (B2A),../checkpoints/ckpt_final.pt,9,256
736aca548d.jpg,photo_to_monet (B2A),../checkpoints/ckpt_final.pt,9,256
73849ee3fd.jpg,photo_to_monet (B2A),../checkpoints/ckpt_final.pt,9,256
7386076f73.jpg,photo_to_monet (B2A),../checkpoints/ckpt_final.pt,9,256
738cc4553d.jpg,photo_to_monet (B2A),../checkpoints/ckpt_final.pt,9,256
739659d0c4.jpg,photo_to_monet (B2A),../checkpoints/ckpt_final.pt,9,256
739b765f02.jpg,photo_to_monet (B2A),../checkpoints/ckpt_final.pt,9,256
73a7bab2d5.jpg,photo_to_monet (B2A),../checkpoints/ckpt_final.pt,9,256
73ae5bd0e4.jpg,photo_to_monet (B2A),../checkpoints/ckpt_final.pt,9,256
73b60d1a3f.jpg,photo_to_monet (B2A),../checkpoints/ckpt_final.pt,9,256
73bc721c0c.jpg,photo_to_monet (B2A),../checkpoints/ckpt_final.pt,9,256
73bdd8ab24.jpg,photo_to_monet (B2A),../checkpoints/ckpt_final.pt,9,256
73c083aefc.jpg,photo_to_monet (B2A),../checkpoints/ckpt_final.pt,9,256
73d0951809.jpg,photo_to_monet (B2A),../checkpoints/ckpt_final.pt,9,256
73d23b9664.jpg,photo_to_monet (B2A),../checkpoints/ckpt_final.pt,9,256
73e426eb88.jpg,photo_to_monet (B2A),../checkpoints/ckpt_final.pt,9,256
73eb34dde6.jpg,photo_to_monet (B2A),../checkpoints/ckpt_final.pt,9,256
73eed9e6c8.jpg,photo_to_monet (B2A),../checkpoints/ckpt_final.pt,9,256
73effc2726.jpg,photo_to_monet (B2A),../checkpoints/ckpt_final.pt,9,256
73f1c501ae.jpg,photo_to_monet (B2A),../checkpoints/ckpt_final.pt,9,256
73ffa6505c.jpg,photo_to_monet (B2A),../checkpoints/ckpt_final.pt,9,256
740e5eeb86.jpg,photo_to_monet (B2A),../checkpoints/ckpt_final.pt,9,256
74342f9fbe.jpg,photo_to_monet (B2A),../checkpoints/ckpt_final.pt,9,256
743d265ef2.jpg,photo_to_monet (B2A),../checkpoints/ckpt_final.pt,9,256
7444113e88.jpg,photo_to_monet (B2A),../checkpoints/ckpt_final.pt,9,256
7448a942f2.jpg,photo_to_monet (B2A),../checkpoints/ckpt_final.pt,9,256
7450949ae7.jpg,photo_to_monet (B2A),../checkpoints/ckpt_final.pt,9,256
745612e6f4.jpg,photo_to_monet (B2A),../checkpoints/ckpt_final.pt,9,256
745d4137b7.jpg,photo_to_monet (B2A),../checkpoints/ckpt_final.pt,9,256
746f2cd1d2.jpg,photo_to_monet (B2A),../checkpoints/ckpt_final.pt,9,256
74875545e6.jpg,photo_to_monet (B2A),../checkpoints/ckpt_final.pt,9,256
748d5a0ab8.jpg,photo_to_monet (B2A),../checkpoints/ckpt_final.pt,9,256
748e1a440c.jpg,photo_to_monet (B2A),../checkpoints/ckpt_final.pt,9,256
7491908057.jpg,photo_to_monet (B2A),../checkpoints/ckpt_final.pt,9,256
749222e6d6.jpg,photo_to_monet (B2A),../checkpoints/ckpt_final.pt,9,256
74a47c4bf0.jpg,photo_to_monet (B2A),../checkpoints/ckpt_final.pt,9,256
74a537f1c6.jpg,photo_to_monet (B2A),../checkpoints/ckpt_final.pt,9,256
74aea007fa.jpg,photo_to_monet (B2A),../checkpoints/ckpt_final.pt,9,256
74c1b398ad.jpg,photo_to_monet (B2A),../checkpoints/ckpt_final.pt,9,256
74cc091e10.jpg,photo_to_monet (B2A),../checkpoints/ckpt_final.pt,9,256
74d0ac959c.jpg,photo_to_monet (B2A),../checkpoints/ckpt_final.pt,9,256
74d406c90e.jpg,photo_to_monet (B2A),../checkpoints/ckpt_final.pt,9,256
74e1d0f495.jpg,photo_to_monet (B2A),../checkpoints/ckpt_final.pt,9,256
74f3bf7113.jpg,photo_to_monet (B2A),../checkpoints/ckpt_final.pt,9,256
74f3c01037.jpg,photo_to_monet (B2A),../checkpoints/ckpt_final.pt,9,256
74f46669b2.jpg,photo_to_monet (B2A),../checkpoints/ckpt_final.pt,9,256
7500111c43.jpg,photo_to_monet (B2A),../checkpoints/ckpt_final.pt,9,256
750111ec4f.jpg,photo_to_monet (B2A),../checkpoints/ckpt_final.pt,9,256
7504776c00.jpg,photo_to_monet (B2A),../checkpoints/ckpt_final.pt,9,256
750d38f7fb.jpg,photo_to_monet (B2A),../checkpoints/ckpt_final.pt,9,256
7517680fdc.jpg,photo_to_monet (B2A),../checkpoints/ckpt_final.pt,9,256
7524651de3.jpg,photo_to_monet (B2A),../checkpoints/ckpt_final.pt,9,256
7533dedc3a.jpg,photo_to_monet (B2A),../checkpoints/ckpt_final.pt,9,256
7542d63fe4.jpg,photo_to_monet (B2A),../checkpoints/ckpt_final.pt,9,256
754324f8f4.jpg,photo_to_monet (B2A),../checkpoints/ckpt_final.pt,9,256
7550e074f1.jpg,photo_to_monet (B2A),../checkpoints/ckpt_final.pt,9,256
7552fc948e.jpg,photo_to_monet (B2A),../checkpoints/ckpt_final.pt,9,256
7556df8481.jpg,photo_to_monet (B2A),../checkpoints/ckpt_final.pt,9,256
755af1c3a4.jpg,photo_to_monet (B2A),../checkpoints/ckpt_final.pt,9,256
7567cc9f18.jpg,photo_to_monet (B2A),../checkpoints/ckpt_final.pt,9,256
756f63c794.jpg,photo_to_monet (B2A),../checkpoints/ckpt_final.pt,9,256
7571b0e8bb.jpg,photo_to_monet (B2A),../checkpoints/ckpt_final.pt,9,256
75720815fb.jpg,photo_to_monet (B2A),../checkpoints/ckpt_final.pt,9,256
7588e6d09e.jpg,photo_to_monet (B2A),../checkpoints/ckpt_final.pt,9,256
75942c4668.jpg,photo_to_monet (B2A),../checkpoints/ckpt_final.pt,9,256
7594f0f494.jpg,photo_to_monet (B2A),../checkpoints/ckpt_final.pt,9,256
75979a026b.jpg,photo_to_monet (B2A),../checkpoints/ckpt_final.pt,9,256
759dcb713c.jpg,photo_to_monet (B2A),../checkpoints/ckpt_final.pt,9,256
75aafd3f82.jpg,photo_to_monet (B2A),../checkpoints/ckpt_final.pt,9,256
75ae690a9b.jpg,photo_to_monet (B2A),../checkpoints/ckpt_final.pt,9,256
75aeffdcf8.jpg,photo_to_monet (B2A),../checkpoints/ckpt_final.pt,9,256
75b200e2f2.jpg,photo_to_monet (B2A),../checkpoints/ckpt_final.pt,9,256
75c89b8f5e.jpg,photo_to_monet (B2A),../checkpoints/ckpt_final.pt,9,256
75c92b7fca.jpg,photo_to_monet (B2A),../checkpoints/ckpt_final.pt,9,256
75ce72e60d.jpg,photo_to_monet (B2A),../checkpoints/ckpt_final.pt,9,256
761d963561.jpg,photo_to_monet (B2A),../checkpoints/ckpt_final.pt,9,256
7622bccb99.jpg,photo_to_monet (B2A),../checkpoints/ckpt_final.pt,9,256
76354e710e.jpg,photo_to_monet (B2A),../checkpoints/ckpt_final.pt,9,256
76461faf34.jpg,photo_to_monet (B2A),../checkpoints/ckpt_final.pt,9,256
7659aebdef.jpg,photo_to_monet (B2A),../checkpoints/ckpt_final.pt,9,256
7664753e1a.jpg,photo_to_monet (B2A),../checkpoints/ckpt_final.pt,9,256
76665f40b9.jpg,photo_to_monet (B2A),../checkpoints/ckpt_final.pt,9,256
7669df8ee6.jpg,photo_to_monet (B2A),../checkpoints/ckpt_final.pt,9,256
7679305237.jpg,photo_to_monet (B2A),../checkpoints/ckpt_final.pt,9,256
768650ced7.jpg,photo_to_monet (B2A),../checkpoints/ckpt_final.pt,9,256
7689871557.jpg,photo_to_monet (B2A),../checkpoints/ckpt_final.pt,9,256
768c95d325.jpg,photo_to_monet (B2A),../checkpoints/ckpt_final.pt,9,256
76916c1438.jpg,photo_to_monet (B2A),../checkpoints/ckpt_final.pt,9,256
76a03653aa.jpg,photo_to_monet (B2A),../checkpoints/ckpt_final.pt,9,256
76a510b033.jpg,photo_to_monet (B2A),../checkpoints/ckpt_final.pt,9,256
76a75521fa.jpg,photo_to_monet (B2A),../checkpoints/ckpt_final.pt,9,256
76b398536a.jpg,photo_to_monet (B2A),../checkpoints/ckpt_final.pt,9,256
76c2eea825.jpg,photo_to_monet (B2A),../checkpoints/ckpt_final.pt,9,256
76ceecc865.jpg,photo_to_monet (B2A),../checkpoints/ckpt_final.pt,9,256
76edc30013.jpg,photo_to_monet (B2A),../checkpoints/ckpt_final.pt,9,256
76ef022161.jpg,photo_to_monet (B2A),../checkpoints/ckpt_final.pt,9,256
76f978fec2.jpg,photo_to_monet (B2A),../checkpoints/ckpt_final.pt,9,256
7703813883.jpg,photo_to_monet (B2A),../checkpoints/ckpt_final.pt,9,256
77102d5829.jpg,photo_to_monet (B2A),../checkpoints/ckpt_final.pt,9,256
7727666e8d.jpg,photo_to_monet (B2A),../checkpoints/ckpt_final.pt,9,256
772787cb7c.jpg,photo_to_monet (B2A),../checkpoints/ckpt_final.pt,9,256
7729898908.jpg,photo_to_monet (B2A),../checkpoints/ckpt_final.pt,9,256
774082dd9e.jpg,photo_to_monet (B2A),../checkpoints/ckpt_final.pt,9,256
77419070a6.jpg,photo_to_monet (B2A),../checkpoints/ckpt_final.pt,9,256
774f853b60.jpg,photo_to_monet (B2A),../checkpoints/ckpt_final.pt,9,256
7750286d66.jpg,photo_to_monet (B2A),../checkpoints/ckpt_final.pt,9,256
77573ba17e.jpg,photo_to_monet (B2A),../checkpoints/ckpt_final.pt,9,256
7759594268.jpg,photo_to_monet (B2A),../checkpoints/ckpt_final.pt,9,256
776a168a2e.jpg,photo_to_monet (B2A),../checkpoints/ckpt_final.pt,9,256
776b0e0213.jpg,photo_to_monet (B2A),../checkpoints/ckpt_final.pt,9,256
776dbabcb1.jpg,photo_to_monet (B2A),../checkpoints/ckpt_final.pt,9,256
776e857956.jpg,photo_to_monet (B2A),../checkpoints/ckpt_final.pt,9,256
77740b1ba2.jpg,photo_to_monet (B2A),../checkpoints/ckpt_final.pt,9,256
777e0d9afc.jpg,photo_to_monet (B2A),../checkpoints/ckpt_final.pt,9,256
777f896f3b.jpg,photo_to_monet (B2A),../checkpoints/ckpt_final.pt,9,256
778a55d424.jpg,photo_to_monet (B2A),../checkpoints/ckpt_final.pt,9,256
77a2df3751.jpg,photo_to_monet (B2A),../checkpoints/ckpt_final.pt,9,256
77a6d1f419.jpg,photo_to_monet (B2A),../checkpoints/ckpt_final.pt,9,256
77b1ed8168.jpg,photo_to_monet (B2A),../checkpoints/ckpt_final.pt,9,256
77b8c928ae.jpg,photo_to_monet (B2A),../checkpoints/ckpt_final.pt,9,256
77c637c87c.jpg,photo_to_monet (B2A),../checkpoints/ckpt_final.pt,9,256
77c63d6765.jpg,photo_to_monet (B2A),../checkpoints/ckpt_final.pt,9,256
77cc149318.jpg,photo_to_monet (B2A),../checkpoints/ckpt_final.pt,9,256
77d268dafa.jpg,photo_to_monet (B2A),../checkpoints/ckpt_final.pt,9,256
77d27a89f3.jpg,photo_to_monet (B2A),../checkpoints/ckpt_final.pt,9,256
77d554c049.jpg,photo_to_monet (B2A),../checkpoints/ckpt_final.pt,9,256
77d9910a45.jpg,photo_to_monet (B2A),../checkpoints/ckpt_final.pt,9,256
77dcb3f91c.jpg,photo_to_monet (B2A),../checkpoints/ckpt_final.pt,9,256
77e77fd4d9.jpg,photo_to_monet (B2A),../checkpoints/ckpt_final.pt,9,256
77e82445c9.jpg,photo_to_monet (B2A),../checkpoints/ckpt_final.pt,9,256
7801bb9581.jpg,photo_to_monet (B2A),../checkpoints/ckpt_final.pt,9,256
7805d03ce4.jpg,photo_to_monet (B2A),../checkpoints/ckpt_final.pt,9,256
7807bdaae8.jpg,photo_to_monet (B2A),../checkpoints/ckpt_final.pt,9,256
781764cd26.jpg,photo_to_monet (B2A),../checkpoints/ckpt_final.pt,9,256
78216eacbb.jpg,photo_to_monet (B2A),../checkpoints/ckpt_final.pt,9,256
78233f97ed.jpg,photo_to_monet (B2A),../checkpoints/ckpt_final.pt,9,256
7827929b12.jpg,photo_to_monet (B2A),../checkpoints/ckpt_final.pt,9,256
7828416c2b.jpg,photo_to_monet (B2A),../checkpoints/ckpt_final.pt,9,256
7838b0b023.jpg,photo_to_monet (B2A),../checkpoints/ckpt_final.pt,9,256
7870db5306.jpg,photo_to_monet (B2A),../checkpoints/ckpt_final.pt,9,256
7881e712fb.jpg,photo_to_monet (B2A),../checkpoints/ckpt_final.pt,9,256
7885b18fe7.jpg,photo_to_monet (B2A),../checkpoints/ckpt_final.pt,9,256
7885f87ccd.jpg,photo_to_monet (B2A),../checkpoints/ckpt_final.pt,9,256
788782c439.jpg,photo_to_monet (B2A),../checkpoints/ckpt_final.pt,9,256
7888781c57.jpg,photo_to_monet (B2A),../checkpoints/ckpt_final.pt,9,256
788e9005c2.jpg,photo_to_monet (B2A),../checkpoints/ckpt_final.pt,9,256
78969b7789.jpg,photo_to_monet (B2A),../checkpoints/ckpt_final.pt,9,256
789c663ce2.jpg,photo_to_monet (B2A),../checkpoints/ckpt_final.pt,9,256
789d474691.jpg,photo_to_monet (B2A),../checkpoints/ckpt_final.pt,9,256
789fe43c3b.jpg,photo_to_monet (B2A),../checkpoints/ckpt_final.pt,9,256
78b260b084.jpg,photo_to_monet (B2A),../checkpoints/ckpt_final.pt,9,256
78b3c9e843.jpg,photo_to_monet (B2A),../checkpoints/ckpt_final.pt,9,256
78b7b08af3.jpg,photo_to_monet (B2A),../checkpoints/ckpt_final.pt,9,256
78ba4238cb.jpg,photo_to_monet (B2A),../checkpoints/ckpt_final.pt,9,256
78ce4c4608.jpg,photo_to_monet (B2A),../checkpoints/ckpt_final.pt,9,256
78d517ae49.jpg,photo_to_monet (B2A),../checkpoints/ckpt_final.pt,9,256
78f2b2e678.jpg,photo_to_monet (B2A),../checkpoints/ckpt_final.pt,9,256
78f6992d04.jpg,photo_to_monet (B2A),../checkpoints/ckpt_final.pt,9,256
78fcba3055.jpg,photo_to_monet (B2A),../checkpoints/ckpt_final.pt,9,256
79109e8c61.jpg,photo_to_monet (B2A),../checkpoints/ckpt_final.pt,9,256
7913d3ab4b.jpg,photo_to_monet (B2A),../checkpoints/ckpt_final.pt,9,256
7926b2a5bd.jpg,photo_to_monet (B2A),../checkpoints/ckpt_final.pt,9,256
79419a7227.jpg,photo_to_monet (B2A),../checkpoints/ckpt_final.pt,9,256
7965d8c651.jpg,photo_to_monet (B2A),../checkpoints/ckpt_final.pt,9,256
796c7e723b.jpg,photo_to_monet (B2A),../checkpoints/ckpt_final.pt,9,256
79733e8783.jpg,photo_to_monet (B2A),../checkpoints/ckpt_final.pt,9,256
797adf61af.jpg,photo_to_monet (B2A),../checkpoints/ckpt_final.pt,9,256
797e703d91.jpg,photo_to_monet (B2A),../checkpoints/ckpt_final.pt,9,256
7980d5b29a.jpg,photo_to_monet (B2A),../checkpoints/ckpt_final.pt,9,256
7981b8e217.jpg,photo_to_monet (B2A),../checkpoints/ckpt_final.pt,9,256
799d7e401d.jpg,photo_to_monet (B2A),../checkpoints/ckpt_final.pt,9,256
79a49efeb3.jpg,photo_to_monet (B2A),../checkpoints/ckpt_final.pt,9,256
79a5164707.jpg,photo_to_monet (B2A),../checkpoints/ckpt_final.pt,9,256
79ab6fdc8e.jpg,photo_to_monet (B2A),../checkpoints/ckpt_final.pt,9,256
79b9d8bfb5.jpg,photo_to_monet (B2A),../checkpoints/ckpt_final.pt,9,256
79c459542d.jpg,photo_to_monet (B2A),../checkpoints/ckpt_final.pt,9,256
79dc9b3fc8.jpg,photo_to_monet (B2A),../checkpoints/ckpt_final.pt,9,256
79dd5cd9b8.jpg,photo_to_monet (B2A),../checkpoints/ckpt_final.pt,9,256
79e4e783df.jpg,photo_to_monet (B2A),../checkpoints/ckpt_final.pt,9,256
79f08e8403.jpg,photo_to_monet (B2A),../checkpoints/ckpt_final.pt,9,256
7a06011cda.jpg,photo_to_monet (B2A),../checkpoints/ckpt_final.pt,9,256
7a16ecde25.jpg,photo_to_monet (B2A),../checkpoints/ckpt_final.pt,9,256
7a21514dd6.jpg,photo_to_monet (B2A),../checkpoints/ckpt_final.pt,9,256
7a235d7c2e.jpg,photo_to_monet (B2A),../checkpoints/ckpt_final.pt,9,256
7a317ade8c.jpg,photo_to_monet (B2A),../checkpoints/ckpt_final.pt,9,256
7a384aae43.jpg,photo_to_monet (B2A),../checkpoints/ckpt_final.pt,9,256
7a41220ce3.jpg,photo_to_monet (B2A),../checkpoints/ckpt_final.pt,9,256
7a4248c339.jpg,photo_to_monet (B2A),../checkpoints/ckpt_final.pt,9,256
7a4936b4d3.jpg,photo_to_monet (B2A),../checkpoints/ckpt_final.pt,9,256
7a50f1f877.jpg,photo_to_monet (B2A),../checkpoints/ckpt_final.pt,9,256
7a672fc939.jpg,photo_to_monet (B2A),../checkpoints/ckpt_final.pt,9,256
7a67d01ecb.jpg,photo_to_monet (B2A),../checkpoints/ckpt_final.pt,9,256
7a790425a3.jpg,photo_to_monet (B2A),../checkpoints/ckpt_final.pt,9,256
7a7c8a41da.jpg,photo_to_monet (B2A),../checkpoints/ckpt_final.pt,9,256
7a7c978501.jpg,photo_to_monet (B2A),../checkpoints/ckpt_final.pt,9,256
7a89081006.jpg,photo_to_monet (B2A),../checkpoints/ckpt_final.pt,9,256
7a92dc3b48.jpg,photo_to_monet (B2A),../checkpoints/ckpt_final.pt,9,256
7a938425d7.jpg,photo_to_monet (B2A),../checkpoints/ckpt_final.pt,9,256
7a9c9957a2.jpg,photo_to_monet (B2A),../checkpoints/ckpt_final.pt,9,256
7adce96691.jpg,photo_to_monet (B2A),../checkpoints/ckpt_final.pt,9,256
7ade5f17b6.jpg,photo_to_monet (B2A),../checkpoints/ckpt_final.pt,9,256
7ae14d0df4.jpg,photo_to_monet (B2A),../checkpoints/ckpt_final.pt,9,256
7ae24e7c92.jpg,photo_to_monet (B2A),../checkpoints/ckpt_final.pt,9,256
7ae27065e4.jpg,photo_to_monet (B2A),../checkpoints/ckpt_final.pt,9,256
7aec020dba.jpg,photo_to_monet (B2A),../checkpoints/ckpt_final.pt,9,256
7aef765d7c.jpg,photo_to_monet (B2A),../checkpoints/ckpt_final.pt,9,256
7afb68c270.jpg,photo_to_monet (B2A),../checkpoints/ckpt_final.pt,9,256
7b2c14d64c.jpg,photo_to_monet (B2A),../checkpoints/ckpt_final.pt,9,256
7b2df8fad8.jpg,photo_to_monet (B2A),../checkpoints/ckpt_final.pt,9,256
7b2e948dd2.jpg,photo_to_monet (B2A),../checkpoints/ckpt_final.pt,9,256
7b38a10760.jpg,photo_to_monet (B2A),../checkpoints/ckpt_final.pt,9,256
7b3dcfc234.jpg,photo_to_monet (B2A),../checkpoints/ckpt_final.pt,9,256
7b42fe0738.jpg,photo_to_monet (B2A),../checkpoints/ckpt_final.pt,9,256
7b4f952cda.jpg,photo_to_monet (B2A),../checkpoints/ckpt_final.pt,9,256
7b563f3da5.jpg,photo_to_monet (B2A),../checkpoints/ckpt_final.pt,9,256
7b58d64ffe.jpg,photo_to_monet (B2A),../checkpoints/ckpt_final.pt,9,256
7b6c956002.jpg,photo_to_monet (B2A),../checkpoints/ckpt_final.pt,9,256
7b78d025c5.jpg,photo_to_monet (B2A),../checkpoints/ckpt_final.pt,9,256
7b7a60c254.jpg,photo_to_monet (B2A),../checkpoints/ckpt_final.pt,9,256
7b7def398f.jpg,photo_to_monet (B2A),../checkpoints/ckpt_final.pt,9,256
7b8226f09f.jpg,photo_to_monet (B2A),../checkpoints/ckpt_final.pt,9,256
7b8bc9e046.jpg,photo_to_monet (B2A),../checkpoints/ckpt_final.pt,9,256
7b8e783020.jpg,photo_to_monet (B2A),../checkpoints/ckpt_final.pt,9,256
7b95afc20a.jpg,photo_to_monet (B2A),../checkpoints/ckpt_final.pt,9,256
7b9b6563a7.jpg,photo_to_monet (B2A),../checkpoints/ckpt_final.pt,9,256
7bb4e1593a.jpg,photo_to_monet (B2A),../checkpoints/ckpt_final.pt,9,256
7bb60f2e2d.jpg,photo_to_monet (B2A),../checkpoints/ckpt_final.pt,9,256
7bbd0f8f52.jpg,photo_to_monet (B2A),../checkpoints/ckpt_final.pt,9,256
7bc83c1b56.jpg,photo_to_monet (B2A),../checkpoints/ckpt_final.pt,9,256
7bdf9996ea.jpg,photo_to_monet (B2A),../checkpoints/ckpt_final.pt,9,256
7be0db443f.jpg,photo_to_monet (B2A),../checkpoints/ckpt_final.pt,9,256
7be0dc51f4.jpg,photo_to_monet (B2A),../checkpoints/ckpt_final.pt,9,256
7be0f69dcb.jpg,photo_to_monet (B2A),../checkpoints/ckpt_final.pt,9,256
7bf5288c2b.jpg,photo_to_monet (B2A),../checkpoints/ckpt_final.pt,9,256
7c008f564f.jpg,photo_to_monet (B2A),../checkpoints/ckpt_final.pt,9,256
7c0124f967.jpg,photo_to_monet (B2A),../checkpoints/ckpt_final.pt,9,256
7c0461f641.jpg,photo_to_monet (B2A),../checkpoints/ckpt_final.pt,9,256
7c049eff70.jpg,photo_to_monet (B2A),../checkpoints/ckpt_final.pt,9,256
7c0c7a783b.jpg,photo_to_monet (B2A),../checkpoints/ckpt_final.pt,9,256
7c0d9a98f6.jpg,photo_to_monet (B2A),../checkpoints/ckpt_final.pt,9,256
7c10f3f57f.jpg,photo_to_monet (B2A),../checkpoints/ckpt_final.pt,9,256
7c1125ebeb.jpg,photo_to_monet (B2A),../checkpoints/ckpt_final.pt,9,256
7c1218f676.jpg,photo_to_monet (B2A),../checkpoints/ckpt_final.pt,9,256
7c15235fb8.jpg,photo_to_monet (B2A),../checkpoints/ckpt_final.pt,9,256
7c156b004d.jpg,photo_to_monet (B2A),../checkpoints/ckpt_final.pt,9,256
7c1d7c9aa3.jpg,photo_to_monet (B2A),../checkpoints/ckpt_final.pt,9,256
7c1f2ef952.jpg,photo_to_monet (B2A),../checkpoints/ckpt_final.pt,9,256
7c1fcdc180.jpg,photo_to_monet (B2A),../checkpoints/ckpt_final.pt,9,256
7c25e34189.jpg,photo_to_monet (B2A),../checkpoints/ckpt_final.pt,9,256
7c384a7ede.jpg,photo_to_monet (B2A),../checkpoints/ckpt_final.pt,9,256
7c3b2c256c.jpg,photo_to_monet (B2A),../checkpoints/ckpt_final.pt,9,256
7c3ee3e388.jpg,photo_to_monet (B2A),../checkpoints/ckpt_final.pt,9,256
7c3fbdac59.jpg,photo_to_monet (B2A),../checkpoints/ckpt_final.pt,9,256
7c4766fb03.jpg,photo_to_monet (B2A),../checkpoints/ckpt_final.pt,9,256
7c5d962322.jpg,photo_to_monet (B2A),../checkpoints/ckpt_final.pt,9,256
7c63c281ef.jpg,photo_to_monet (B2A),../checkpoints/ckpt_final.pt,9,256
7c68ca1865.jpg,photo_to_monet (B2A),../checkpoints/ckpt_final.pt,9,256
7c68ccf32f.jpg,photo_to_monet (B2A),../checkpoints/ckpt_final.pt,9,256
7c6ab18691.jpg,photo_to_monet (B2A),../checkpoints/ckpt_final.pt,9,256
7c6cf5181a.jpg,photo_to_monet (B2A),../checkpoints/ckpt_final.pt,9,256
7c79a1e83e.jpg,photo_to_monet (B2A),../checkpoints/ckpt_final.pt,9,256
7c872ca222.jpg,photo_to_monet (B2A),../checkpoints/ckpt_final.pt,9,256
7c955126e8.jpg,photo_to_monet (B2A),../checkpoints/ckpt_final.pt,9,256
7c9a4f10b2.jpg,photo_to_monet (B2A),../checkpoints/ckpt_final.pt,9,256
7c9af80795.jpg,photo_to_monet (B2A),../checkpoints/ckpt_final.pt,9,256
7cb0522881.jpg,photo_to_monet (B2A),../checkpoints/ckpt_final.pt,9,256
7cb0db442a.jpg,photo_to_monet (B2A),../checkpoints/ckpt_final.pt,9,256
7cb82fa990.jpg,photo_to_monet (B2A),../checkpoints/ckpt_final.pt,9,256
7cbf0363dd.jpg,photo_to_monet (B2A),../checkpoints/ckpt_final.pt,9,256
7cc41853c4.jpg,photo_to_monet (B2A),../checkpoints/ckpt_final.pt,9,256
7ccec75d11.jpg,photo_to_monet (B2A),../checkpoints/ckpt_final.pt,9,256
7cd2ad5db4.jpg,photo_to_monet (B2A),../checkpoints/ckpt_final.pt,9,256
7cd7629560.jpg,photo_to_monet (B2A),../checkpoints/ckpt_final.pt,9,256
7cda318854.jpg,photo_to_monet (B2A),../checkpoints/ckpt_final.pt,9,256
7cdd5a8c97.jpg,photo_to_monet (B2A),../checkpoints/ckpt_final.pt,9,256
7ce956f84e.jpg,photo_to_monet (B2A),../checkpoints/ckpt_final.pt,9,256
7cf3257fe1.jpg,photo_to_monet (B2A),../checkpoints/ckpt_final.pt,9,256
7cf972ca4e.jpg,photo_to_monet (B2A),../checkpoints/ckpt_final.pt,9,256
7d0b63d4d1.jpg,photo_to_monet (B2A),../checkpoints/ckpt_final.pt,9,256
7d11bc4bb1.jpg,photo_to_monet (B2A),../checkpoints/ckpt_final.pt,9,256
7d14ae2c83.jpg,photo_to_monet (B2A),../checkpoints/ckpt_final.pt,9,256
7d1867e979.jpg,photo_to_monet (B2A),../checkpoints/ckpt_final.pt,9,256
7d33e5e3ac.jpg,photo_to_monet (B2A),../checkpoints/ckpt_final.pt,9,256
7d3556655c.jpg,photo_to_monet (B2A),../checkpoints/ckpt_final.pt,9,256
7d438b5b3e.jpg,photo_to_monet (B2A),../checkpoints/ckpt_final.pt,9,256
7d4e10f395.jpg,photo_to_monet (B2A),../checkpoints/ckpt_final.pt,9,256
7d65234f6f.jpg,photo_to_monet (B2A),../checkpoints/ckpt_final.pt,9,256
7d696fbb2f.jpg,photo_to_monet (B2A),../checkpoints/ckpt_final.pt,9,256
7d6dc43485.jpg,photo_to_monet (B2A),../checkpoints/ckpt_final.pt,9,256
7d71d359f0.jpg,photo_to_monet (B2A),../checkpoints/ckpt_final.pt,9,256
7d72c4ba28.jpg,photo_to_monet (B2A),../checkpoints/ckpt_final.pt,9,256
7d7556d1dd.jpg,photo_to_monet (B2A),../checkpoints/ckpt_final.pt,9,256
7d7d58cea7.jpg,photo_to_monet (B2A),../checkpoints/ckpt_final.pt,9,256
7d8abbfdbd.jpg,photo_to_monet (B2A),../checkpoints/ckpt_final.pt,9,256
7d940c442d.jpg,photo_to_monet (B2A),../checkpoints/ckpt_final.pt,9,256
7d95240653.jpg,photo_to_monet (B2A),../checkpoints/ckpt_final.pt,9,256
7da4680104.jpg,photo_to_monet (B2A),../checkpoints/ckpt_final.pt,9,256
7db236abe0.jpg,photo_to_monet (B2A),../checkpoints/ckpt_final.pt,9,256
7dca327fe8.jpg,photo_to_monet (B2A),../checkpoints/ckpt_final.pt,9,256
7dcb0d04e3.jpg,photo_to_monet (B2A),../checkpoints/ckpt_final.pt,9,256
7dd8b4a45b.jpg,photo_to_monet (B2A),../checkpoints/ckpt_final.pt,9,256
7de01293ea.jpg,photo_to_monet (B2A),../checkpoints/ckpt_final.pt,9,256
7dfb072885.jpg,photo_to_monet (B2A),../checkpoints/ckpt_final.pt,9,256
7e2519dcf1.jpg,photo_to_monet (B2A),../checkpoints/ckpt_final.pt,9,256
7e26c9f22d.jpg,photo_to_monet (B2A),../checkpoints/ckpt_final.pt,9,256
7e2ad883dd.jpg,photo_to_monet (B2A),../checkpoints/ckpt_final.pt,9,256
7e2e2533ee.jpg,photo_to_monet (B2A),../checkpoints/ckpt_final.pt,9,256
7e304fd432.jpg,photo_to_monet (B2A),../checkpoints/ckpt_final.pt,9,256
7e37685707.jpg,photo_to_monet (B2A),../checkpoints/ckpt_final.pt,9,256
7e3c9753d2.jpg,photo_to_monet (B2A),../checkpoints/ckpt_final.pt,9,256
7e6b458841.jpg,photo_to_monet (B2A),../checkpoints/ckpt_final.pt,9,256
7e77e7ff01.jpg,photo_to_monet (B2A),../checkpoints/ckpt_final.pt,9,256
7e83030c67.jpg,photo_to_monet (B2A),../checkpoints/ckpt_final.pt,9,256
7e838e4c19.jpg,photo_to_monet (B2A),../checkpoints/ckpt_final.pt,9,256
7e889d8813.jpg,photo_to_monet (B2A),../checkpoints/ckpt_final.pt,9,256
7e8e158ba5.jpg,photo_to_monet (B2A),../checkpoints/ckpt_final.pt,9,256
7e91553d4c.jpg,photo_to_monet (B2A),../checkpoints/ckpt_final.pt,9,256
7e947e8473.jpg,photo_to_monet (B2A),../checkpoints/ckpt_final.pt,9,256
7ea12ecf5b.jpg,photo_to_monet (B2A),../checkpoints/ckpt_final.pt,9,256
7ea8555873.jpg,photo_to_monet (B2A),../checkpoints/ckpt_final.pt,9,256
7eb9a0d805.jpg,photo_to_monet (B2A),../checkpoints/ckpt_final.pt,9,256
7ebc0b2351.jpg,photo_to_monet (B2A),../checkpoints/ckpt_final.pt,9,256
7ebcd7c679.jpg,photo_to_monet (B2A),../checkpoints/ckpt_final.pt,9,256
7ec20e8b9a.jpg,photo_to_monet (B2A),../checkpoints/ckpt_final.pt,9,256
7ede634def.jpg,photo_to_monet (B2A),../checkpoints/ckpt_final.pt,9,256
7edf7ca60d.jpg,photo_to_monet (B2A),../checkpoints/ckpt_final.pt,9,256
7ef4f1446b.jpg,photo_to_monet (B2A),../checkpoints/ckpt_final.pt,9,256
7f019e5373.jpg,photo_to_monet (B2A),../checkpoints/ckpt_final.pt,9,256
7f02d9fa8f.jpg,photo_to_monet (B2A),../checkpoints/ckpt_final.pt,9,256
7f12c1cca1.jpg,photo_to_monet (B2A),../checkpoints/ckpt_final.pt,9,256
7f299427bb.jpg,photo_to_monet (B2A),../checkpoints/ckpt_final.pt,9,256
7f324200d3.jpg,photo_to_monet (B2A),../checkpoints/ckpt_final.pt,9,256
7f43e66a43.jpg,photo_to_monet (B2A),../checkpoints/ckpt_final.pt,9,256
7f4e8f04c5.jpg,photo_to_monet (B2A),../checkpoints/ckpt_final.pt,9,256
7f59dbd120.jpg,photo_to_monet (B2A),../checkpoints/ckpt_final.pt,9,256
7f60fd12e1.jpg,photo_to_monet (B2A),../checkpoints/ckpt_final.pt,9,256
7f640e04dc.jpg,photo_to_monet (B2A),../checkpoints/ckpt_final.pt,9,256
7f78a7aa8c.jpg,photo_to_monet (B2A),../checkpoints/ckpt_final.pt,9,256
7f7f9dcc20.jpg,photo_to_monet (B2A),../checkpoints/ckpt_final.pt,9,256
7f9ac1520f.jpg,photo_to_monet (B2A),../checkpoints/ckpt_final.pt,9,256
7fa151a456.jpg,photo_to_monet (B2A),../checkpoints/ckpt_final.pt,9,256
7fa2d1f946.jpg,photo_to_monet (B2A),../checkpoints/ckpt_final.pt,9,256
7fa318179b.jpg,photo_to_monet (B2A),../checkpoints/ckpt_final.pt,9,256
7fa6e56ff7.jpg,photo_to_monet (B2A),../checkpoints/ckpt_final.pt,9,256
7fb0f42377.jpg,photo_to_monet (B2A),../checkpoints/ckpt_final.pt,9,256
7fb171451a.jpg,photo_to_monet (B2A),../checkpoints/ckpt_final.pt,9,256
7fb1cad955.jpg,photo_to_monet (B2A),../checkpoints/ckpt_final.pt,9,256
7fb9eff147.jpg,photo_to_monet (B2A),../checkpoints/ckpt_final.pt,9,256
7fc9c15d6c.jpg,photo_to_monet (B2A),../checkpoints/ckpt_final.pt,9,256
7fd24aaafe.jpg,photo_to_monet (B2A),../checkpoints/ckpt_final.pt,9,256
7fe10b4018.jpg,photo_to_monet (B2A),../checkpoints/ckpt_final.pt,9,256
7fe3df6004.jpg,photo_to_monet (B2A),../checkpoints/ckpt_final.pt,9,256
7ff003370d.jpg,photo_to_monet (B2A),../checkpoints/ckpt_final.pt,9,256
7ff8dfa2ee.jpg,photo_to_monet (B2A),../checkpoints/ckpt_final.pt,9,256
7ffc13fa6c.jpg,photo_to_monet (B2A),../checkpoints/ckpt_final.pt,9,256
80056780a6.jpg,photo_to_monet (B2A),../checkpoints/ckpt_final.pt,9,256
802eeb0575.jpg,photo_to_monet (B2A),../checkpoints/ckpt_final.pt,9,256
803918db32.jpg,photo_to_monet (B2A),../checkpoints/ckpt_final.pt,9,256
803cdfa30d.jpg,photo_to_monet (B2A),../checkpoints/ckpt_final.pt,9,256
8040facbe6.jpg,photo_to_monet (B2A),../checkpoints/ckpt_final.pt,9,256
80504a22b9.jpg,photo_to_monet (B2A),../checkpoints/ckpt_final.pt,9,256
805cc692e2.jpg,photo_to_monet (B2A),../checkpoints/ckpt_final.pt,9,256
805d252a48.jpg,photo_to_monet (B2A),../checkpoints/ckpt_final.pt,9,256
806723cc78.jpg,photo_to_monet (B2A),../checkpoints/ckpt_final.pt,9,256
806806cb9a.jpg,photo_to_monet (B2A),../checkpoints/ckpt_final.pt,9,256
806bcffeb8.jpg,photo_to_monet (B2A),../checkpoints/ckpt_final.pt,9,256
807412a8c6.jpg,photo_to_monet (B2A),../checkpoints/ckpt_final.pt,9,256
80ae498dc4.jpg,photo_to_monet (B2A),../checkpoints/ckpt_final.pt,9,256
80bdb3ebb3.jpg,photo_to_monet (B2A),../checkpoints/ckpt_final.pt,9,256
80c662984e.jpg,photo_to_monet (B2A),../checkpoints/ckpt_final.pt,9,256
80c7bd98c6.jpg,photo_to_monet (B2A),../checkpoints/ckpt_final.pt,9,256
80cb714bef.jpg,photo_to_monet (B2A),../checkpoints/ckpt_final.pt,9,256
80e9db68d7.jpg,photo_to_monet (B2A),../checkpoints/ckpt_final.pt,9,256
80f21f8d80.jpg,photo_to_monet (B2A),../checkpoints/ckpt_final.pt,9,256
80f94c28a2.jpg,photo_to_monet (B2A),../checkpoints/ckpt_final.pt,9,256
80f9a9d388.jpg,photo_to_monet (B2A),../checkpoints/ckpt_final.pt,9,256
8101ece7f2.jpg,photo_to_monet (B2A),../checkpoints/ckpt_final.pt,9,256
8102f2aa02.jpg,photo_to_monet (B2A),../checkpoints/ckpt_final.pt,9,256
8107391f58.jpg,photo_to_monet (B2A),../checkpoints/ckpt_final.pt,9,256
81167cf39f.jpg,photo_to_monet (B2A),../checkpoints/ckpt_final.pt,9,256
811d974e6d.jpg,photo_to_monet (B2A),../checkpoints/ckpt_final.pt,9,256
811f8878b8.jpg,photo_to_monet (B2A),../checkpoints/ckpt_final.pt,9,256
81212b5fb3.jpg,photo_to_monet (B2A),../checkpoints/ckpt_final.pt,9,256
812c304d83.jpg,photo_to_monet (B2A),../checkpoints/ckpt_final.pt,9,256
81389aa2a9.jpg,photo_to_monet (B2A),../checkpoints/ckpt_final.pt,9,256
81598667e6.jpg,photo_to_monet (B2A),../checkpoints/ckpt_final.pt,9,256
8159e774de.jpg,photo_to_monet (B2A),../checkpoints/ckpt_final.pt,9,256
815a938f69.jpg,photo_to_monet (B2A),../checkpoints/ckpt_final.pt,9,256
815ab85a6e.jpg,photo_to_monet (B2A),../checkpoints/ckpt_final.pt,9,256
816320a79c.jpg,photo_to_monet (B2A),../checkpoints/ckpt_final.pt,9,256
816941fe05.jpg,photo_to_monet (B2A),../checkpoints/ckpt_final.pt,9,256
816cf329c2.jpg,photo_to_monet (B2A),../checkpoints/ckpt_final.pt,9,256
8173072883.jpg,photo_to_monet (B2A),../checkpoints/ckpt_final.pt,9,256
817699d6f7.jpg,photo_to_monet (B2A),../checkpoints/ckpt_final.pt,9,256
8178110f5e.jpg,photo_to_monet (B2A),../checkpoints/ckpt_final.pt,9,256
8195d86c30.jpg,photo_to_monet (B2A),../checkpoints/ckpt_final.pt,9,256
819ced9dae.jpg,photo_to_monet (B2A),../checkpoints/ckpt_final.pt,9,256
81a3f846ba.jpg,photo_to_monet (B2A),../checkpoints/ckpt_final.pt,9,256
81a5890567.jpg,photo_to_monet (B2A),../checkpoints/ckpt_final.pt,9,256
81ac7dcf8c.jpg,photo_to_monet (B2A),../checkpoints/ckpt_final.pt,9,256
81acc80772.jpg,photo_to_monet (B2A),../checkpoints/ckpt_final.pt,9,256
81c035fb44.jpg,photo_to_monet (B2A),../checkpoints/ckpt_final.pt,9,256
81c57f7151.jpg,photo_to_monet (B2A),../checkpoints/ckpt_final.pt,9,256
81ce13c3df.jpg,photo_to_monet (B2A),../checkpoints/ckpt_final.pt,9,256
81da4f11ed.jpg,photo_to_monet (B2A),../checkpoints/ckpt_final.pt,9,256
81ea0e81ce.jpg,photo_to_monet (B2A),../checkpoints/ckpt_final.pt,9,256
81ed4d9ff3.jpg,photo_to_monet (B2A),../checkpoints/ckpt_final.pt,9,256
81fb53e37a.jpg,photo_to_monet (B2A),../checkpoints/ckpt_final.pt,9,256
81ff0aefc6.jpg,photo_to_monet (B2A),../checkpoints/ckpt_final.pt,9,256
82040426b5.jpg,photo_to_monet (B2A),../checkpoints/ckpt_final.pt,9,256
8220d80950.jpg,photo_to_monet (B2A),../checkpoints/ckpt_final.pt,9,256
822552115b.jpg,photo_to_monet (B2A),../checkpoints/ckpt_final.pt,9,256
822947ecb1.jpg,photo_to_monet (B2A),../checkpoints/ckpt_final.pt,9,256
82367ab4d2.jpg,photo_to_monet (B2A),../checkpoints/ckpt_final.pt,9,256
8248de6066.jpg,photo_to_monet (B2A),../checkpoints/ckpt_final.pt,9,256
824bed3f95.jpg,photo_to_monet (B2A),../checkpoints/ckpt_final.pt,9,256
82634a2ae8.jpg,photo_to_monet (B2A),../checkpoints/ckpt_final.pt,9,256
82693740f1.jpg,photo_to_monet (B2A),../checkpoints/ckpt_final.pt,9,256
8277fe2e16.jpg,photo_to_monet (B2A),../checkpoints/ckpt_final.pt,9,256
827d49d009.jpg,photo_to_monet (B2A),../checkpoints/ckpt_final.pt,9,256
8296beac40.jpg,photo_to_monet (B2A),../checkpoints/ckpt_final.pt,9,256
829836a509.jpg,photo_to_monet (B2A),../checkpoints/ckpt_final.pt,9,256
8298b9a8d8.jpg,photo_to_monet (B2A),../checkpoints/ckpt_final.pt,9,256
829903c6c6.jpg,photo_to_monet (B2A),../checkpoints/ckpt_final.pt,9,256
82af83a14d.jpg,photo_to_monet (B2A),../checkpoints/ckpt_final.pt,9,256
82b669c385.jpg,photo_to_monet (B2A),../checkpoints/ckpt_final.pt,9,256
82bef71a05.jpg,photo_to_monet (B2A),../checkpoints/ckpt_final.pt,9,256
82c327e9d4.jpg,photo_to_monet (B2A),../checkpoints/ckpt_final.pt,9,256
82decad964.jpg,photo_to_monet (B2A),../checkpoints/ckpt_final.pt,9,256
82e260b45d.jpg,photo_to_monet (B2A),../checkpoints/ckpt_final.pt,9,256
82e41780fb.jpg,photo_to_monet (B2A),../checkpoints/ckpt_final.pt,9,256
82e82a8357.jpg,photo_to_monet (B2A),../checkpoints/ckpt_final.pt,9,256
82eed08641.jpg,photo_to_monet (B2A),../checkpoints/ckpt_final.pt,9,256
82f5266958.jpg,photo_to_monet (B2A),../checkpoints/ckpt_final.pt,9,256
82fcbee767.jpg,photo_to_monet (B2A),../checkpoints/ckpt_final.pt,9,256
8304fdf299.jpg,photo_to_monet (B2A),../checkpoints/ckpt_final.pt,9,256
830926071b.jpg,photo_to_monet (B2A),../checkpoints/ckpt_final.pt,9,256
8309cebb11.jpg,photo_to_monet (B2A),../checkpoints/ckpt_final.pt,9,256
830d6a9af8.jpg,photo_to_monet (B2A),../checkpoints/ckpt_final.pt,9,256
8310e4a528.jpg,photo_to_monet (B2A),../checkpoints/ckpt_final.pt,9,256
831831cd60.jpg,photo_to_monet (B2A),../checkpoints/ckpt_final.pt,9,256
833684a09f.jpg,photo_to_monet (B2A),../checkpoints/ckpt_final.pt,9,256
8340918985.jpg,photo_to_monet (B2A),../checkpoints/ckpt_final.pt,9,256
834324b28d.jpg,photo_to_monet (B2A),../checkpoints/ckpt_final.pt,9,256
834d25dc3a.jpg,photo_to_monet (B2A),../checkpoints/ckpt_final.pt,9,256
835bec911b.jpg,photo_to_monet (B2A),../checkpoints/ckpt_final.pt,9,256
8369977ac5.jpg,photo_to_monet (B2A),../checkpoints/ckpt_final.pt,9,256
8371a80fc5.jpg,photo_to_monet (B2A),../checkpoints/ckpt_final.pt,9,256
838707bb83.jpg,photo_to_monet (B2A),../checkpoints/ckpt_final.pt,9,256
83871aecf1.jpg,photo_to_monet (B2A),../checkpoints/ckpt_final.pt,9,256
839167629f.jpg,photo_to_monet (B2A),../checkpoints/ckpt_final.pt,9,256
8399fa40c0.jpg,photo_to_monet (B2A),../checkpoints/ckpt_final.pt,9,256
83a22608d9.jpg,photo_to_monet (B2A),../checkpoints/ckpt_final.pt,9,256
83b450115e.jpg,photo_to_monet (B2A),../checkpoints/ckpt_final.pt,9,256
83b513a9f5.jpg,photo_to_monet (B2A),../checkpoints/ckpt_final.pt,9,256
83b5cb7823.jpg,photo_to_monet (B2A),../checkpoints/ckpt_final.pt,9,256
83ca4e5d68.jpg,photo_to_monet (B2A),../checkpoints/ckpt_final.pt,9,256
83cf828aa6.jpg,photo_to_monet (B2A),../checkpoints/ckpt_final.pt,9,256
83d2597f51.jpg,photo_to_monet (B2A),../checkpoints/ckpt_final.pt,9,256
83e571e3af.jpg,photo_to_monet (B2A),../checkpoints/ckpt_final.pt,9,256
83e9d62ff0.jpg,photo_to_monet (B2A),../checkpoints/ckpt_final.pt,9,256
83ed90d1d7.jpg,photo_to_monet (B2A),../checkpoints/ckpt_final.pt,9,256
83f5024bcd.jpg,photo_to_monet (B2A),../checkpoints/ckpt_final.pt,9,256
83f55b4d2e.jpg,photo_to_monet (B2A),../checkpoints/ckpt_final.pt,9,256
83f5a65548.jpg,photo_to_monet (B2A),../checkpoints/ckpt_final.pt,9,256
83f6286883.jpg,photo_to_monet (B2A),../checkpoints/ckpt_final.pt,9,256
8400927e5f.jpg,photo_to_monet (B2A),../checkpoints/ckpt_final.pt,9,256
840a22679d.jpg,photo_to_monet (B2A),../checkpoints/ckpt_final.pt,9,256
8410764670.jpg,photo_to_monet (B2A),../checkpoints/ckpt_final.pt,9,256
8417b9ba5d.jpg,photo_to_monet (B2A),../checkpoints/ckpt_final.pt,9,256
842796e8dd.jpg,photo_to_monet (B2A),../checkpoints/ckpt_final.pt,9,256
84356275c7.jpg,photo_to_monet (B2A),../checkpoints/ckpt_final.pt,9,256
843b6f2a18.jpg,photo_to_monet (B2A),../checkpoints/ckpt_final.pt,9,256
843d7a0966.jpg,photo_to_monet (B2A),../checkpoints/ckpt_final.pt,9,256
843f66f77e.jpg,photo_to_monet (B2A),../checkpoints/ckpt_final.pt,9,256
84484a24e0.jpg,photo_to_monet (B2A),../checkpoints/ckpt_final.pt,9,256
84553b740b.jpg,photo_to_monet (B2A),../checkpoints/ckpt_final.pt,9,256
84637eb98b.jpg,photo_to_monet (B2A),../checkpoints/ckpt_final.pt,9,256
8474d317e3.jpg,photo_to_monet (B2A),../checkpoints/ckpt_final.pt,9,256
847da6b705.jpg,photo_to_monet (B2A),../checkpoints/ckpt_final.pt,9,256
8480e5bae2.jpg,photo_to_monet (B2A),../checkpoints/ckpt_final.pt,9,256
849b958fa3.jpg,photo_to_monet (B2A),../checkpoints/ckpt_final.pt,9,256
849d054ce5.jpg,photo_to_monet (B2A),../checkpoints/ckpt_final.pt,9,256
84acf0ee3f.jpg,photo_to_monet (B2A),../checkpoints/ckpt_final.pt,9,256
84c2400c39.jpg,photo_to_monet (B2A),../checkpoints/ckpt_final.pt,9,256
84c4d10f39.jpg,photo_to_monet (B2A),../checkpoints/ckpt_final.pt,9,256
84cae20e39.jpg,photo_to_monet (B2A),../checkpoints/ckpt_final.pt,9,256
84cb45938b.jpg,photo_to_monet (B2A),../checkpoints/ckpt_final.pt,9,256
84cd781c32.jpg,photo_to_monet (B2A),../checkpoints/ckpt_final.pt,9,256
84dad4b872.jpg,photo_to_monet (B2A),../checkpoints/ckpt_final.pt,9,256
84df271806.jpg,photo_to_monet (B2A),../checkpoints/ckpt_final.pt,9,256
84ee633e7a.jpg,photo_to_monet (B2A),../checkpoints/ckpt_final.pt,9,256
84f1a78c0a.jpg,photo_to_monet (B2A),../checkpoints/ckpt_final.pt,9,256
84f5b38537.jpg,photo_to_monet (B2A),../checkpoints/ckpt_final.pt,9,256
84fd2747e7.jpg,photo_to_monet (B2A),../checkpoints/ckpt_final.pt,9,256
85011baf6a.jpg,photo_to_monet (B2A),../checkpoints/ckpt_final.pt,9,256
850cb18db0.jpg,photo_to_monet (B2A),../checkpoints/ckpt_final.pt,9,256
8511eb45e8.jpg,photo_to_monet (B2A),../checkpoints/ckpt_final.pt,9,256
851c2742d9.jpg,photo_to_monet (B2A),../checkpoints/ckpt_final.pt,9,256
8526c7d445.jpg,photo_to_monet (B2A),../checkpoints/ckpt_final.pt,9,256
852771e943.jpg,photo_to_monet (B2A),../checkpoints/ckpt_final.pt,9,256
8527919cc8.jpg,photo_to_monet (B2A),../checkpoints/ckpt_final.pt,9,256
852ced6303.jpg,photo_to_monet (B2A),../checkpoints/ckpt_final.pt,9,256
85377f86af.jpg,photo_to_monet (B2A),../checkpoints/ckpt_final.pt,9,256
8562b1ef80.jpg,photo_to_monet (B2A),../checkpoints/ckpt_final.pt,9,256
8565668373.jpg,photo_to_monet (B2A),../checkpoints/ckpt_final.pt,9,256
8574055650.jpg,photo_to_monet (B2A),../checkpoints/ckpt_final.pt,9,256
8576320b13.jpg,photo_to_monet (B2A),../checkpoints/ckpt_final.pt,9,256
8584d4b75f.jpg,photo_to_monet (B2A),../checkpoints/ckpt_final.pt,9,256
8593b23e01.jpg,photo_to_monet (B2A),../checkpoints/ckpt_final.pt,9,256
8597aec3c1.jpg,photo_to_monet (B2A),../checkpoints/ckpt_final.pt,9,256
8598af15a5.jpg,photo_to_monet (B2A),../checkpoints/ckpt_final.pt,9,256
85b3353572.jpg,photo_to_monet (B2A),../checkpoints/ckpt_final.pt,9,256
85d1493cb9.jpg,photo_to_monet (B2A),../checkpoints/ckpt_final.pt,9,256
85d4c7d44e.jpg,photo_to_monet (B2A),../checkpoints/ckpt_final.pt,9,256
860986c993.jpg,photo_to_monet (B2A),../checkpoints/ckpt_final.pt,9,256
8609912dd5.jpg,photo_to_monet (B2A),../checkpoints/ckpt_final.pt,9,256
8610a242cf.jpg,photo_to_monet (B2A),../checkpoints/ckpt_final.pt,9,256
86146960bc.jpg,photo_to_monet (B2A),../checkpoints/ckpt_final.pt,9,256
86149e3c8a.jpg,photo_to_monet (B2A),../checkpoints/ckpt_final.pt,9,256
8623f11b69.jpg,photo_to_monet (B2A),../checkpoints/ckpt_final.pt,9,256
8635c1c560.jpg,photo_to_monet (B2A),../checkpoints/ckpt_final.pt,9,256
8656e512bc.jpg,photo_to_monet (B2A),../checkpoints/ckpt_final.pt,9,256
866ca5455c.jpg,photo_to_monet (B2A),../checkpoints/ckpt_final.pt,9,256
8676768de2.jpg,photo_to_monet (B2A),../checkpoints/ckpt_final.pt,9,256
86777200f8.jpg,photo_to_monet (B2A),../checkpoints/ckpt_final.pt,9,256
868b7d7c85.jpg,photo_to_monet (B2A),../checkpoints/ckpt_final.pt,9,256
868fdaaa01.jpg,photo_to_monet (B2A),../checkpoints/ckpt_final.pt,9,256
86913ad2d6.jpg,photo_to_monet (B2A),../checkpoints/ckpt_final.pt,9,256
869e7e9177.jpg,photo_to_monet (B2A),../checkpoints/ckpt_final.pt,9,256
869f7517fb.jpg,photo_to_monet (B2A),../checkpoints/ckpt_final.pt,9,256
86a8147985.jpg,photo_to_monet (B2A),../checkpoints/ckpt_final.pt,9,256
86b0a365e5.jpg,photo_to_monet (B2A),../checkpoints/ckpt_final.pt,9,256
86c26de778.jpg,photo_to_monet (B2A),../checkpoints/ckpt_final.pt,9,256
86c699eff0.jpg,photo_to_monet (B2A),../checkpoints/ckpt_final.pt,9,256
86cb9f2483.jpg,photo_to_monet (B2A),../checkpoints/ckpt_final.pt,9,256
86d8a1d9ba.jpg,photo_to_monet (B2A),../checkpoints/ckpt_final.pt,9,256
86e66ceaf1.jpg,photo_to_monet (B2A),../checkpoints/ckpt_final.pt,9,256
86ecbea286.jpg,photo_to_monet (B2A),../checkpoints/ckpt_final.pt,9,256
86f8a2e90f.jpg,photo_to_monet (B2A),../checkpoints/ckpt_final.pt,9,256
86f9aceace.jpg,photo_to_monet (B2A),../checkpoints/ckpt_final.pt,9,256
87016c0800.jpg,photo_to_monet (B2A),../checkpoints/ckpt_final.pt,9,256
8705ef9d26.jpg,photo_to_monet (B2A),../checkpoints/ckpt_final.pt,9,256
87139410be.jpg,photo_to_monet (B2A),../checkpoints/ckpt_final.pt,9,256
8728db54dc.jpg,photo_to_monet (B2A),../checkpoints/ckpt_final.pt,9,256
8738881ad2.jpg,photo_to_monet (B2A),../checkpoints/ckpt_final.pt,9,256
873e430467.jpg,photo_to_monet (B2A),../checkpoints/ckpt_final.pt,9,256
87483aa57b.jpg,photo_to_monet (B2A),../checkpoints/ckpt_final.pt,9,256
875b07f673.jpg,photo_to_monet (B2A),../checkpoints/ckpt_final.pt,9,256
87673f1feb.jpg,photo_to_monet (B2A),../checkpoints/ckpt_final.pt,9,256
877501f570.jpg,photo_to_monet (B2A),../checkpoints/ckpt_final.pt,9,256
8783576bd7.jpg,photo_to_monet (B2A),../checkpoints/ckpt_final.pt,9,256
878f3c49e1.jpg,photo_to_monet (B2A),../checkpoints/ckpt_final.pt,9,256
8795783436.jpg,photo_to_monet (B2A),../checkpoints/ckpt_final.pt,9,256
87991ccf48.jpg,photo_to_monet (B2A),../checkpoints/ckpt_final.pt,9,256
87a4e88d93.jpg,photo_to_monet (B2A),../checkpoints/ckpt_final.pt,9,256
87a97f497a.jpg,photo_to_monet (B2A),../checkpoints/ckpt_final.pt,9,256
87cc143c4d.jpg,photo_to_monet (B2A),../checkpoints/ckpt_final.pt,9,256
87cdccc1ec.jpg,photo_to_monet (B2A),../checkpoints/ckpt_final.pt,9,256
87dbe31f97.jpg,photo_to_monet (B2A),../checkpoints/ckpt_final.pt,9,256
87dec6234c.jpg,photo_to_monet (B2A),../checkpoints/ckpt_final.pt,9,256
87e1ce5b0e.jpg,photo_to_monet (B2A),../checkpoints/ckpt_final.pt,9,256
87e821d849.jpg,photo_to_monet (B2A),../checkpoints/ckpt_final.pt,9,256
87edc083e0.jpg,photo_to_monet (B2A),../checkpoints/ckpt_final.pt,9,256
87f1d5e9a7.jpg,photo_to_monet (B2A),../checkpoints/ckpt_final.pt,9,256
8802d98b14.jpg,photo_to_monet (B2A),../checkpoints/ckpt_final.pt,9,256
8802f617cf.jpg,photo_to_monet (B2A),../checkpoints/ckpt_final.pt,9,256
8803b67dfb.jpg,photo_to_monet (B2A),../checkpoints/ckpt_final.pt,9,256
880c9f0f1c.jpg,photo_to_monet (B2A),../checkpoints/ckpt_final.pt,9,256
880e0f6c15.jpg,photo_to_monet (B2A),../checkpoints/ckpt_final.pt,9,256
880f24ca7d.jpg,photo_to_monet (B2A),../checkpoints/ckpt_final.pt,9,256
881359fdc7.jpg,photo_to_monet (B2A),../checkpoints/ckpt_final.pt,9,256
882ad01587.jpg,photo_to_monet (B2A),../checkpoints/ckpt_final.pt,9,256
882d8f1a40.jpg,photo_to_monet (B2A),../checkpoints/ckpt_final.pt,9,256
882fc1371a.jpg,photo_to_monet (B2A),../checkpoints/ckpt_final.pt,9,256
8833519aba.jpg,photo_to_monet (B2A),../checkpoints/ckpt_final.pt,9,256
883cda372c.jpg,photo_to_monet (B2A),../checkpoints/ckpt_final.pt,9,256
884d210d61.jpg,photo_to_monet (B2A),../checkpoints/ckpt_final.pt,9,256
88536f79ce.jpg,photo_to_monet (B2A),../checkpoints/ckpt_final.pt,9,256
885e53b9d5.jpg,photo_to_monet (B2A),../checkpoints/ckpt_final.pt,9,256
8868ba6b14.jpg,photo_to_monet (B2A),../checkpoints/ckpt_final.pt,9,256
888af43803.jpg,photo_to_monet (B2A),../checkpoints/ckpt_final.pt,9,256
88985ea668.jpg,photo_to_monet (B2A),../checkpoints/ckpt_final.pt,9,256
88a1e7af18.jpg,photo_to_monet (B2A),../checkpoints/ckpt_final.pt,9,256
88b06853f1.jpg,photo_to_monet (B2A),../checkpoints/ckpt_final.pt,9,256
88bd59eca7.jpg,photo_to_monet (B2A),../checkpoints/ckpt_final.pt,9,256
88c8c49c36.jpg,photo_to_monet (B2A),../checkpoints/ckpt_final.pt,9,256
88ca143dc7.jpg,photo_to_monet (B2A),../checkpoints/ckpt_final.pt,9,256
88d3d38aed.jpg,photo_to_monet (B2A),../checkpoints/ckpt_final.pt,9,256
88eced0e8e.jpg,photo_to_monet (B2A),../checkpoints/ckpt_final.pt,9,256
88f733fe78.jpg,photo_to_monet (B2A),../checkpoints/ckpt_final.pt,9,256
8914946e64.jpg,photo_to_monet (B2A),../checkpoints/ckpt_final.pt,9,256
891913c343.jpg,photo_to_monet (B2A),../checkpoints/ckpt_final.pt,9,256
8936c9c89c.jpg,photo_to_monet (B2A),../checkpoints/ckpt_final.pt,9,256
893f5b62a6.jpg,photo_to_monet (B2A),../checkpoints/ckpt_final.pt,9,256
89578c6353.jpg,photo_to_monet (B2A),../checkpoints/ckpt_final.pt,9,256
8973eff964.jpg,photo_to_monet (B2A),../checkpoints/ckpt_final.pt,9,256
898a35149a.jpg,photo_to_monet (B2A),../checkpoints/ckpt_final.pt,9,256
899b7f7521.jpg,photo_to_monet (B2A),../checkpoints/ckpt_final.pt,9,256
899e306a16.jpg,photo_to_monet (B2A),../checkpoints/ckpt_final.pt,9,256
899f4a9c68.jpg,photo_to_monet (B2A),../checkpoints/ckpt_final.pt,9,256
89ab7af8ec.jpg,photo_to_monet (B2A),../checkpoints/ckpt_final.pt,9,256
89b5450ec4.jpg,photo_to_monet (B2A),../checkpoints/ckpt_final.pt,9,256
89c7dcd73a.jpg,photo_to_monet (B2A),../checkpoints/ckpt_final.pt,9,256
89ce60258b.jpg,photo_to_monet (B2A),../checkpoints/ckpt_final.pt,9,256
89deacf521.jpg,photo_to_monet (B2A),../checkpoints/ckpt_final.pt,9,256
8a01bb88d9.jpg,photo_to_monet (B2A),../checkpoints/ckpt_final.pt,9,256
8a09c3fbff.jpg,photo_to_monet (B2A),../checkpoints/ckpt_final.pt,9,256
8a0d049fdb.jpg,photo_to_monet (B2A),../checkpoints/ckpt_final.pt,9,256
8a38d33eb9.jpg,photo_to_monet (B2A),../checkpoints/ckpt_final.pt,9,256
8a4c8c7581.jpg,photo_to_monet (B2A),../checkpoints/ckpt_final.pt,9,256
8a68577ae9.jpg,photo_to_monet (B2A),../checkpoints/ckpt_final.pt,9,256
8a6a134b6e.jpg,photo_to_monet (B2A),../checkpoints/ckpt_final.pt,9,256
8a6a17661a.jpg,photo_to_monet (B2A),../checkpoints/ckpt_final.pt,9,256
8a6f40ebc6.jpg,photo_to_monet (B2A),../checkpoints/ckpt_final.pt,9,256
8a70493b60.jpg,photo_to_monet (B2A),../checkpoints/ckpt_final.pt,9,256
8a7c211597.jpg,photo_to_monet (B2A),../checkpoints/ckpt_final.pt,9,256
8a8801feb9.jpg,photo_to_monet (B2A),../checkpoints/ckpt_final.pt,9,256
8a935bef79.jpg,photo_to_monet (B2A),../checkpoints/ckpt_final.pt,9,256
8a987f711b.jpg,photo_to_monet (B2A),../checkpoints/ckpt_final.pt,9,256
8a9d3ff7fa.jpg,photo_to_monet (B2A),../checkpoints/ckpt_final.pt,9,256
8ab1eaa5f0.jpg,photo_to_monet (B2A),../checkpoints/ckpt_final.pt,9,256
8ae4265cd3.jpg,photo_to_monet (B2A),../checkpoints/ckpt_final.pt,9,256
8ae8564344.jpg,photo_to_monet (B2A),../checkpoints/ckpt_final.pt,9,256
8af0546eb3.jpg,photo_to_monet (B2A),../checkpoints/ckpt_final.pt,9,256
8af291a241.jpg,photo_to_monet (B2A),../checkpoints/ckpt_final.pt,9,256
8afd46824b.jpg,photo_to_monet (B2A),../checkpoints/ckpt_final.pt,9,256
8afd5933d9.jpg,photo_to_monet (B2A),../checkpoints/ckpt_final.pt,9,256
8b10c7ce5b.jpg,photo_to_monet (B2A),../checkpoints/ckpt_final.pt,9,256
8b34d93323.jpg,photo_to_monet (B2A),../checkpoints/ckpt_final.pt,9,256
8b3830949d.jpg,photo_to_monet (B2A),../checkpoints/ckpt_final.pt,9,256
8b3fb4a823.jpg,photo_to_monet (B2A),../checkpoints/ckpt_final.pt,9,256
8b41c19587.jpg,photo_to_monet (B2A),../checkpoints/ckpt_final.pt,9,256
8b4acbb780.jpg,photo_to_monet (B2A),../checkpoints/ckpt_final.pt,9,256
8b554cd034.jpg,photo_to_monet (B2A),../checkpoints/ckpt_final.pt,9,256
8b62a7dd7a.jpg,photo_to_monet (B2A),../checkpoints/ckpt_final.pt,9,256
8b641a3afe.jpg,photo_to_monet (B2A),../checkpoints/ckpt_final.pt,9,256
8b6a8bf9f6.jpg,photo_to_monet (B2A),../checkpoints/ckpt_final.pt,9,256
8b6dd12ee0.jpg,photo_to_monet (B2A),../checkpoints/ckpt_final.pt,9,256
8b6f332ed2.jpg,photo_to_monet (B2A),../checkpoints/ckpt_final.pt,9,256
8b85d214a5.jpg,photo_to_monet (B2A),../checkpoints/ckpt_final.pt,9,256
8b8987492f.jpg,photo_to_monet (B2A),../checkpoints/ckpt_final.pt,9,256
8b8fc600dc.jpg,photo_to_monet (B2A),../checkpoints/ckpt_final.pt,9,256
8b997cbee6.jpg,photo_to_monet (B2A),../checkpoints/ckpt_final.pt,9,256
8bb6428221.jpg,photo_to_monet (B2A),../checkpoints/ckpt_final.pt,9,256
8bb91472c8.jpg,photo_to_monet (B2A),../checkpoints/ckpt_final.pt,9,256
8be1dad77a.jpg,photo_to_monet (B2A),../checkpoints/ckpt_final.pt,9,256
8be3f02dae.jpg,photo_to_monet (B2A),../checkpoints/ckpt_final.pt,9,256
8be8d9c7fe.jpg,photo_to_monet (B2A),../checkpoints/ckpt_final.pt,9,256
8bf1c2db03.jpg,photo_to_monet (B2A),../checkpoints/ckpt_final.pt,9,256
8bfb3ef6f7.jpg,photo_to_monet (B2A),../checkpoints/ckpt_final.pt,9,256
8bfc8d6970.jpg,photo_to_monet (B2A),../checkpoints/ckpt_final.pt,9,256
8c03f9790e.jpg,photo_to_monet (B2A),../checkpoints/ckpt_final.pt,9,256
8c1f68d7c0.jpg,photo_to_monet (B2A),../checkpoints/ckpt_final.pt,9,256
8c2dcd04ce.jpg,photo_to_monet (B2A),../checkpoints/ckpt_final.pt,9,256
8c38df7eda.jpg,photo_to_monet (B2A),../checkpoints/ckpt_final.pt,9,256
8c39fccc0c.jpg,photo_to_monet (B2A),../checkpoints/ckpt_final.pt,9,256
8c3f71bb3d.jpg,photo_to_monet (B2A),../checkpoints/ckpt_final.pt,9,256
8c5385298d.jpg,photo_to_monet (B2A),../checkpoints/ckpt_final.pt,9,256
8c56566f1b.jpg,photo_to_monet (B2A),../checkpoints/ckpt_final.pt,9,256
8c58319212.jpg,photo_to_monet (B2A),../checkpoints/ckpt_final.pt,9,256
8c587af1d9.jpg,photo_to_monet (B2A),../checkpoints/ckpt_final.pt,9,256
8c59a24ec4.jpg,photo_to_monet (B2A),../checkpoints/ckpt_final.pt,9,256
8c69c81d62.jpg,photo_to_monet (B2A),../checkpoints/ckpt_final.pt,9,256
8c6fe9b698.jpg,photo_to_monet (B2A),../checkpoints/ckpt_final.pt,9,256
8c7de9cb64.jpg,photo_to_monet (B2A),../checkpoints/ckpt_final.pt,9,256
8c81e05b8b.jpg,photo_to_monet (B2A),../checkpoints/ckpt_final.pt,9,256
8c8961cabb.jpg,photo_to_monet (B2A),../checkpoints/ckpt_final.pt,9,256
8c967453de.jpg,photo_to_monet (B2A),../checkpoints/ckpt_final.pt,9,256
8c97b5d5f3.jpg,photo_to_monet (B2A),../checkpoints/ckpt_final.pt,9,256
8c98a42872.jpg,photo_to_monet (B2A),../checkpoints/ckpt_final.pt,9,256
8c9b7944d9.jpg,photo_to_monet (B2A),../checkpoints/ckpt_final.pt,9,256
8c9da54f5e.jpg,photo_to_monet (B2A),../checkpoints/ckpt_final.pt,9,256
8cbb7fead2.jpg,photo_to_monet (B2A),../checkpoints/ckpt_final.pt,9,256
8cc036746a.jpg,photo_to_monet (B2A),../checkpoints/ckpt_final.pt,9,256
8cc1fedf0f.jpg,photo_to_monet (B2A),../checkpoints/ckpt_final.pt,9,256
8ccb1f6067.jpg,photo_to_monet (B2A),../checkpoints/ckpt_final.pt,9,256
8cefb5476f.jpg,photo_to_monet (B2A),../checkpoints/ckpt_final.pt,9,256
8cf1ff221a.jpg,photo_to_monet (B2A),../checkpoints/ckpt_final.pt,9,256
8cf3dc8532.jpg,photo_to_monet (B2A),../checkpoints/ckpt_final.pt,9,256
8d05da85a2.jpg,photo_to_monet (B2A),../checkpoints/ckpt_final.pt,9,256
8d1d0c152a.jpg,photo_to_monet (B2A),../checkpoints/ckpt_final.pt,9,256
8d297a6fba.jpg,photo_to_monet (B2A),../checkpoints/ckpt_final.pt,9,256
8d373e4f08.jpg,photo_to_monet (B2A),../checkpoints/ckpt_final.pt,9,256
8d395f773d.jpg,photo_to_monet (B2A),../checkpoints/ckpt_final.pt,9,256
8d398d8077.jpg,photo_to_monet (B2A),../checkpoints/ckpt_final.pt,9,256
8d4d305053.jpg,photo_to_monet (B2A),../checkpoints/ckpt_final.pt,9,256
8d511d593a.jpg,photo_to_monet (B2A),../checkpoints/ckpt_final.pt,9,256
8d7cc55987.jpg,photo_to_monet (B2A),../checkpoints/ckpt_final.pt,9,256
8d8535b155.jpg,photo_to_monet (B2A),../checkpoints/ckpt_final.pt,9,256
8d868ee80d.jpg,photo_to_monet (B2A),../checkpoints/ckpt_final.pt,9,256
8d8cf10470.jpg,photo_to_monet (B2A),../checkpoints/ckpt_final.pt,9,256
8da436b074.jpg,photo_to_monet (B2A),../checkpoints/ckpt_final.pt,9,256
8dac996304.jpg,photo_to_monet (B2A),../checkpoints/ckpt_final.pt,9,256
8db1c9c782.jpg,photo_to_monet (B2A),../checkpoints/ckpt_final.pt,9,256
8de4267ea0.jpg,photo_to_monet (B2A),../checkpoints/ckpt_final.pt,9,256
8defb17876.jpg,photo_to_monet (B2A),../checkpoints/ckpt_final.pt,9,256
8dfd4b4562.jpg,photo_to_monet (B2A),../checkpoints/ckpt_final.pt,9,256
8e042bb3e6.jpg,photo_to_monet (B2A),../checkpoints/ckpt_final.pt,9,256
8e1472c0ac.jpg,photo_to_monet (B2A),../checkpoints/ckpt_final.pt,9,256
8e19cd143b.jpg,photo_to_monet (B2A),../checkpoints/ckpt_final.pt,9,256
8e218bbeee.jpg,photo_to_monet (B2A),../checkpoints/ckpt_final.pt,9,256
8e27c58e8b.jpg,photo_to_monet (B2A),../checkpoints/ckpt_final.pt,9,256
8e27cd8afb.jpg,photo_to_monet (B2A),../checkpoints/ckpt_final.pt,9,256
8e30baf5ae.jpg,photo_to_monet (B2A),../checkpoints/ckpt_final.pt,9,256
8e3b41a3a0.jpg,photo_to_monet (B2A),../checkpoints/ckpt_final.pt,9,256
8e3fd7ff09.jpg,photo_to_monet (B2A),../checkpoints/ckpt_final.pt,9,256
8e51d5867f.jpg,photo_to_monet (B2A),../checkpoints/ckpt_final.pt,9,256
8e6e5f8078.jpg,photo_to_monet (B2A),../checkpoints/ckpt_final.pt,9,256
8e79534b0c.jpg,photo_to_monet (B2A),../checkpoints/ckpt_final.pt,9,256
8e876bd586.jpg,photo_to_monet (B2A),../checkpoints/ckpt_final.pt,9,256
8e95ef6636.jpg,photo_to_monet (B2A),../checkpoints/ckpt_final.pt,9,256
8ea3121111.jpg,photo_to_monet (B2A),../checkpoints/ckpt_final.pt,9,256
8ea33353d8.jpg,photo_to_monet (B2A),../checkpoints/ckpt_final.pt,9,256
8eabde45df.jpg,photo_to_monet (B2A),../checkpoints/ckpt_final.pt,9,256
8eaf38146d.jpg,photo_to_monet (B2A),../checkpoints/ckpt_final.pt,9,256
8ebecab630.jpg,photo_to_monet (B2A),../checkpoints/ckpt_final.pt,9,256
8ec934ab7a.jpg,photo_to_monet (B2A),../checkpoints/ckpt_final.pt,9,256
8ed9adc2f8.jpg,photo_to_monet (B2A),../checkpoints/ckpt_final.pt,9,256
8edfe6d708.jpg,photo_to_monet (B2A),../checkpoints/ckpt_final.pt,9,256
8ee24544da.jpg,photo_to_monet (B2A),../checkpoints/ckpt_final.pt,9,256
8ef3c11446.jpg,photo_to_monet (B2A),../checkpoints/ckpt_final.pt,9,256
8ef6d21430.jpg,photo_to_monet (B2A),../checkpoints/ckpt_final.pt,9,256
8ef84910a6.jpg,photo_to_monet (B2A),../checkpoints/ckpt_final.pt,9,256
8f0403e2cf.jpg,photo_to_monet (B2A),../checkpoints/ckpt_final.pt,9,256
8f0aa160cb.jpg,photo_to_monet (B2A),../checkpoints/ckpt_final.pt,9,256
8f250ece01.jpg,photo_to_monet (B2A),../checkpoints/ckpt_final.pt,9,256
8f2af16e7b.jpg,photo_to_monet (B2A),../checkpoints/ckpt_final.pt,9,256
8f3be0fbeb.jpg,photo_to_monet (B2A),../checkpoints/ckpt_final.pt,9,256
8f564a0a48.jpg,photo_to_monet (B2A),../checkpoints/ckpt_final.pt,9,256
8f59672761.jpg,photo_to_monet (B2A),../checkpoints/ckpt_final.pt,9,256
8f62691292.jpg,photo_to_monet (B2A),../checkpoints/ckpt_final.pt,9,256
8f651ee326.jpg,photo_to_monet (B2A),../checkpoints/ckpt_final.pt,9,256
8f67825151.jpg,photo_to_monet (B2A),../checkpoints/ckpt_final.pt,9,256
8f6daedb85.jpg,photo_to_monet (B2A),../checkpoints/ckpt_final.pt,9,256
8f78274408.jpg,photo_to_monet (B2A),../checkpoints/ckpt_final.pt,9,256
8f7bb4da8c.jpg,photo_to_monet (B2A),../checkpoints/ckpt_final.pt,9,256
8f8bdab0d3.jpg,photo_to_monet (B2A),../checkpoints/ckpt_final.pt,9,256
8f9c1bf59c.jpg,photo_to_monet (B2A),../checkpoints/ckpt_final.pt,9,256
8f9cc89fc1.jpg,photo_to_monet (B2A),../checkpoints/ckpt_final.pt,9,256
8fa21cc3ae.jpg,photo_to_monet (B2A),../checkpoints/ckpt_final.pt,9,256
8fbd39a41f.jpg,photo_to_monet (B2A),../checkpoints/ckpt_final.pt,9,256
8fbfe7bc3e.jpg,photo_to_monet (B2A),../checkpoints/ckpt_final.pt,9,256
8fc153c94e.jpg,photo_to_monet (B2A),../checkpoints/ckpt_final.pt,9,256
8fc1a3d804.jpg,photo_to_monet (B2A),../checkpoints/ckpt_final.pt,9,256
8fc60f7bef.jpg,photo_to_monet (B2A),../checkpoints/ckpt_final.pt,9,256
8fc6680c4a.jpg,photo_to_monet (B2A),../checkpoints/ckpt_final.pt,9,256
8fc9fce9f2.jpg,photo_to_monet (B2A),../checkpoints/ckpt_final.pt,9,256
8fd6e74ab9.jpg,photo_to_monet (B2A),../checkpoints/ckpt_final.pt,9,256
8fdc8f747e.jpg,photo_to_monet (B2A),../checkpoints/ckpt_final.pt,9,256
8fe1fb621d.jpg,photo_to_monet (B2A),../checkpoints/ckpt_final.pt,9,256
8ff2ab81b2.jpg,photo_to_monet (B2A),../checkpoints/ckpt_final.pt,9,256
8ffa6382e9.jpg,photo_to_monet (B2A),../checkpoints/ckpt_final.pt,9,256
900c842af7.jpg,photo_to_monet (B2A),../checkpoints/ckpt_final.pt,9,256
9010105f3d.jpg,photo_to_monet (B2A),../checkpoints/ckpt_final.pt,9,256
90268e092b.jpg,photo_to_monet (B2A),../checkpoints/ckpt_final.pt,9,256
9028fc10c7.jpg,photo_to_monet (B2A),../checkpoints/ckpt_final.pt,9,256
9048e6e0d1.jpg,photo_to_monet (B2A),../checkpoints/ckpt_final.pt,9,256
904a21697e.jpg,photo_to_monet (B2A),../checkpoints/ckpt_final.pt,9,256
904f5a5276.jpg,photo_to_monet (B2A),../checkpoints/ckpt_final.pt,9,256
9050e1c0e6.jpg,photo_to_monet (B2A),../checkpoints/ckpt_final.pt,9,256
9071c99f67.jpg,photo_to_monet (B2A),../checkpoints/ckpt_final.pt,9,256
9079fe9d9c.jpg,photo_to_monet (B2A),../checkpoints/ckpt_final.pt,9,256
907cd5e630.jpg,photo_to_monet (B2A),../checkpoints/ckpt_final.pt,9,256
907d9cf180.jpg,photo_to_monet (B2A),../checkpoints/ckpt_final.pt,9,256
909ae89f4d.jpg,photo_to_monet (B2A),../checkpoints/ckpt_final.pt,9,256
90a6484491.jpg,photo_to_monet (B2A),../checkpoints/ckpt_final.pt,9,256
90aa881d59.jpg,photo_to_monet (B2A),../checkpoints/ckpt_final.pt,9,256
90b3c6c885.jpg,photo_to_monet (B2A),../checkpoints/ckpt_final.pt,9,256
90b9257df4.jpg,photo_to_monet (B2A),../checkpoints/ckpt_final.pt,9,256
90bc360c57.jpg,photo_to_monet (B2A),../checkpoints/ckpt_final.pt,9,256
90bdbd6631.jpg,photo_to_monet (B2A),../checkpoints/ckpt_final.pt,9,256
90c00b0a8c.jpg,photo_to_monet (B2A),../checkpoints/ckpt_final.pt,9,256
90c9cd3fe8.jpg,photo_to_monet (B2A),../checkpoints/ckpt_final.pt,9,256
90cbc5b0a2.jpg,photo_to_monet (B2A),../checkpoints/ckpt_final.pt,9,256
90d00e4130.jpg,photo_to_monet (B2A),../checkpoints/ckpt_final.pt,9,256
90d2b880b2.jpg,photo_to_monet (B2A),../checkpoints/ckpt_final.pt,9,256
90e072864e.jpg,photo_to_monet (B2A),../checkpoints/ckpt_final.pt,9,256
90e1c5d57a.jpg,photo_to_monet (B2A),../checkpoints/ckpt_final.pt,9,256
90e5ba5fe4.jpg,photo_to_monet (B2A),../checkpoints/ckpt_final.pt,9,256
90fa0a2900.jpg,photo_to_monet (B2A),../checkpoints/ckpt_final.pt,9,256
90fc280b72.jpg,photo_to_monet (B2A),../checkpoints/ckpt_final.pt,9,256
9105102bc4.jpg,photo_to_monet (B2A),../checkpoints/ckpt_final.pt,9,256
910e1f900e.jpg,photo_to_monet (B2A),../checkpoints/ckpt_final.pt,9,256
911af8c237.jpg,photo_to_monet (B2A),../checkpoints/ckpt_final.pt,9,256
9128a67589.jpg,photo_to_monet (B2A),../checkpoints/ckpt_final.pt,9,256
912f47efb6.jpg,photo_to_monet (B2A),../checkpoints/ckpt_final.pt,9,256
912f7c8917.jpg,photo_to_monet (B2A),../checkpoints/ckpt_final.pt,9,256
9138142611.jpg,photo_to_monet (B2A),../checkpoints/ckpt_final.pt,9,256
914d6701fb.jpg,photo_to_monet (B2A),../checkpoints/ckpt_final.pt,9,256
915666f75a.jpg,photo_to_monet (B2A),../checkpoints/ckpt_final.pt,9,256
915b936cdd.jpg,photo_to_monet (B2A),../checkpoints/ckpt_final.pt,9,256
91633d4951.jpg,photo_to_monet (B2A),../checkpoints/ckpt_final.pt,9,256
916ae3f734.jpg,photo_to_monet (B2A),../checkpoints/ckpt_final.pt,9,256
916ba9d722.jpg,photo_to_monet (B2A),../checkpoints/ckpt_final.pt,9,256
916caf5698.jpg,photo_to_monet (B2A),../checkpoints/ckpt_final.pt,9,256
917f384f27.jpg,photo_to_monet (B2A),../checkpoints/ckpt_final.pt,9,256
91847ec212.jpg,photo_to_monet (B2A),../checkpoints/ckpt_final.pt,9,256
9186f2f6bf.jpg,photo_to_monet (B2A),../checkpoints/ckpt_final.pt,9,256
91916e6337.jpg,photo_to_monet (B2A),../checkpoints/ckpt_final.pt,9,256
9194cac2c2.jpg,photo_to_monet (B2A),../checkpoints/ckpt_final.pt,9,256
91a6a513e8.jpg,photo_to_monet (B2A),../checkpoints/ckpt_final.pt,9,256
91bd17ebc1.jpg,photo_to_monet (B2A),../checkpoints/ckpt_final.pt,9,256
91c0fb330a.jpg,photo_to_monet (B2A),../checkpoints/ckpt_final.pt,9,256
91c4ec2938.jpg,photo_to_monet (B2A),../checkpoints/ckpt_final.pt,9,256
91caa42854.jpg,photo_to_monet (B2A),../checkpoints/ckpt_final.pt,9,256
91cdf3c9ec.jpg,photo_to_monet (B2A),../checkpoints/ckpt_final.pt,9,256
91cef72c5d.jpg,photo_to_monet (B2A),../checkpoints/ckpt_final.pt,9,256
91cf22742c.jpg,photo_to_monet (B2A),../checkpoints/ckpt_final.pt,9,256
91d1476220.jpg,photo_to_monet (B2A),../checkpoints/ckpt_final.pt,9,256
91dbb69203.jpg,photo_to_monet (B2A),../checkpoints/ckpt_final.pt,9,256
91e43a72c3.jpg,photo_to_monet (B2A),../checkpoints/ckpt_final.pt,9,256
91edaa90e8.jpg,photo_to_monet (B2A),../checkpoints/ckpt_final.pt,9,256
9203f9070e.jpg,photo_to_monet (B2A),../checkpoints/ckpt_final.pt,9,256
921e0c98a4.jpg,photo_to_monet (B2A),../checkpoints/ckpt_final.pt,9,256
922e075696.jpg,photo_to_monet (B2A),../checkpoints/ckpt_final.pt,9,256
924309267b.jpg,photo_to_monet (B2A),../checkpoints/ckpt_final.pt,9,256
9258ed4e17.jpg,photo_to_monet (B2A),../checkpoints/ckpt_final.pt,9,256
926fabe094.jpg,photo_to_monet (B2A),../checkpoints/ckpt_final.pt,9,256
92884da831.jpg,photo_to_monet (B2A),../checkpoints/ckpt_final.pt,9,256
9293bb3ab1.jpg,photo_to_monet (B2A),../checkpoints/ckpt_final.pt,9,256
9295c73f10.jpg,photo_to_monet (B2A),../checkpoints/ckpt_final.pt,9,256
92a4544fb1.jpg,photo_to_monet (B2A),../checkpoints/ckpt_final.pt,9,256
92a77e056a.jpg,photo_to_monet (B2A),../checkpoints/ckpt_final.pt,9,256
92ad835b19.jpg,photo_to_monet (B2A),../checkpoints/ckpt_final.pt,9,256
92b15f83a3.jpg,photo_to_monet (B2A),../checkpoints/ckpt_final.pt,9,256
92b4f542a8.jpg,photo_to_monet (B2A),../checkpoints/ckpt_final.pt,9,256
92c3fd59e9.jpg,photo_to_monet (B2A),../checkpoints/ckpt_final.pt,9,256
92c7aa40d9.jpg,photo_to_monet (B2A),../checkpoints/ckpt_final.pt,9,256
92cb1b612c.jpg,photo_to_monet (B2A),../checkpoints/ckpt_final.pt,9,256
92d2f773ea.jpg,photo_to_monet (B2A),../checkpoints/ckpt_final.pt,9,256
92d9a71a35.jpg,photo_to_monet (B2A),../checkpoints/ckpt_final.pt,9,256
92dacc55c5.jpg,photo_to_monet (B2A),../checkpoints/ckpt_final.pt,9,256
93132bc39a.jpg,photo_to_monet (B2A),../checkpoints/ckpt_final.pt,9,256
931e9f62be.jpg,photo_to_monet (B2A),../checkpoints/ckpt_final.pt,9,256
93228e23b7.jpg,photo_to_monet (B2A),../checkpoints/ckpt_final.pt,9,256
932f681182.jpg,photo_to_monet (B2A),../checkpoints/ckpt_final.pt,9,256
93404abb02.jpg,photo_to_monet (B2A),../checkpoints/ckpt_final.pt,9,256
935b664420.jpg,photo_to_monet (B2A),../checkpoints/ckpt_final.pt,9,256
935b850c7b.jpg,photo_to_monet (B2A),../checkpoints/ckpt_final.pt,9,256
936086c2fb.jpg,photo_to_monet (B2A),../checkpoints/ckpt_final.pt,9,256
9368bfbb0d.jpg,photo_to_monet (B2A),../checkpoints/ckpt_final.pt,9,256
9384f0381d.jpg,photo_to_monet (B2A),../checkpoints/ckpt_final.pt,9,256
938d0ba34c.jpg,photo_to_monet (B2A),../checkpoints/ckpt_final.pt,9,256
938fb66016.jpg,photo_to_monet (B2A),../checkpoints/ckpt_final.pt,9,256
9394218ff6.jpg,photo_to_monet (B2A),../checkpoints/ckpt_final.pt,9,256
9395512e4e.jpg,photo_to_monet (B2A),../checkpoints/ckpt_final.pt,9,256
939f31a928.jpg,photo_to_monet (B2A),../checkpoints/ckpt_final.pt,9,256
93a901666e.jpg,photo_to_monet (B2A),../checkpoints/ckpt_final.pt,9,256
93b37e6702.jpg,photo_to_monet (B2A),../checkpoints/ckpt_final.pt,9,256
93b7f31cb9.jpg,photo_to_monet (B2A),../checkpoints/ckpt_final.pt,9,256
93bd999d11.jpg,photo_to_monet (B2A),../checkpoints/ckpt_final.pt,9,256
93c641ad5b.jpg,photo_to_monet (B2A),../checkpoints/ckpt_final.pt,9,256
93d77f649a.jpg,photo_to_monet (B2A),../checkpoints/ckpt_final.pt,9,256
93fa7e2d2e.jpg,photo_to_monet (B2A),../checkpoints/ckpt_final.pt,9,256
93fd6bcbb4.jpg,photo_to_monet (B2A),../checkpoints/ckpt_final.pt,9,256
9404bff3b5.jpg,photo_to_monet (B2A),../checkpoints/ckpt_final.pt,9,256
9406f2a468.jpg,photo_to_monet (B2A),../checkpoints/ckpt_final.pt,9,256
940ebfcf33.jpg,photo_to_monet (B2A),../checkpoints/ckpt_final.pt,9,256
9412b74bf7.jpg,photo_to_monet (B2A),../checkpoints/ckpt_final.pt,9,256
941fe1adf7.jpg,photo_to_monet (B2A),../checkpoints/ckpt_final.pt,9,256
94224752b4.jpg,photo_to_monet (B2A),../checkpoints/ckpt_final.pt,9,256
94263d971f.jpg,photo_to_monet (B2A),../checkpoints/ckpt_final.pt,9,256
9427fc76b9.jpg,photo_to_monet (B2A),../checkpoints/ckpt_final.pt,9,256
944398f81d.jpg,photo_to_monet (B2A),../checkpoints/ckpt_final.pt,9,256
944bee3f77.jpg,photo_to_monet (B2A),../checkpoints/ckpt_final.pt,9,256
94502f184f.jpg,photo_to_monet (B2A),../checkpoints/ckpt_final.pt,9,256
946dd1bb4b.jpg,photo_to_monet (B2A),../checkpoints/ckpt_final.pt,9,256
946e0d3cf2.jpg,photo_to_monet (B2A),../checkpoints/ckpt_final.pt,9,256
9470dd8aac.jpg,photo_to_monet (B2A),../checkpoints/ckpt_final.pt,9,256
947ecf90b9.jpg,photo_to_monet (B2A),../checkpoints/ckpt_final.pt,9,256
94882d1992.jpg,photo_to_monet (B2A),../checkpoints/ckpt_final.pt,9,256
94979ec8c0.jpg,photo_to_monet (B2A),../checkpoints/ckpt_final.pt,9,256
949d934747.jpg,photo_to_monet (B2A),../checkpoints/ckpt_final.pt,9,256
94af688583.jpg,photo_to_monet (B2A),../checkpoints/ckpt_final.pt,9,256
94b20d92c2.jpg,photo_to_monet (B2A),../checkpoints/ckpt_final.pt,9,256
94b3dc2840.jpg,photo_to_monet (B2A),../checkpoints/ckpt_final.pt,9,256
94cc7a8697.jpg,photo_to_monet (B2A),../checkpoints/ckpt_final.pt,9,256
94cf38462b.jpg,photo_to_monet (B2A),../checkpoints/ckpt_final.pt,9,256
94e066f2b3.jpg,photo_to_monet (B2A),../checkpoints/ckpt_final.pt,9,256
94e1a09e64.jpg,photo_to_monet (B2A),../checkpoints/ckpt_final.pt,9,256
94ed902431.jpg,photo_to_monet (B2A),../checkpoints/ckpt_final.pt,9,256
94ef9bc8f4.jpg,photo_to_monet (B2A),../checkpoints/ckpt_final.pt,9,256
94f272fbc2.jpg,photo_to_monet (B2A),../checkpoints/ckpt_final.pt,9,256
94f6b65afa.jpg,photo_to_monet (B2A),../checkpoints/ckpt_final.pt,9,256
951804d699.jpg,photo_to_monet (B2A),../checkpoints/ckpt_final.pt,9,256
95186389f6.jpg,photo_to_monet (B2A),../checkpoints/ckpt_final.pt,9,256
9525ce824a.jpg,photo_to_monet (B2A),../checkpoints/ckpt_final.pt,9,256
952d99f5b0.jpg,photo_to_monet (B2A),../checkpoints/ckpt_final.pt,9,256
953b1317cb.jpg,photo_to_monet (B2A),../checkpoints/ckpt_final.pt,9,256
9549a2e85c.jpg,photo_to_monet (B2A),../checkpoints/ckpt_final.pt,9,256
954cbfbad6.jpg,photo_to_monet (B2A),../checkpoints/ckpt_final.pt,9,256
955d88b9a7.jpg,photo_to_monet (B2A),../checkpoints/ckpt_final.pt,9,256
9562727728.jpg,photo_to_monet (B2A),../checkpoints/ckpt_final.pt,9,256
957ae02f79.jpg,photo_to_monet (B2A),../checkpoints/ckpt_final.pt,9,256
957b22a3a7.jpg,photo_to_monet (B2A),../checkpoints/ckpt_final.pt,9,256
9588a52282.jpg,photo_to_monet (B2A),../checkpoints/ckpt_final.pt,9,256
95900a984f.jpg,photo_to_monet (B2A),../checkpoints/ckpt_final.pt,9,256
9593d730f2.jpg,photo_to_monet (B2A),../checkpoints/ckpt_final.pt,9,256
95a66b0d9b.jpg,photo_to_monet (B2A),../checkpoints/ckpt_final.pt,9,256
95a6bdb3bf.jpg,photo_to_monet (B2A),../checkpoints/ckpt_final.pt,9,256
95a7ed2155.jpg,photo_to_monet (B2A),../checkpoints/ckpt_final.pt,9,256
95a9fadd8f.jpg,photo_to_monet (B2A),../checkpoints/ckpt_final.pt,9,256
95aaf0fbbd.jpg,photo_to_monet (B2A),../checkpoints/ckpt_final.pt,9,256
95b2119fa9.jpg,photo_to_monet (B2A),../checkpoints/ckpt_final.pt,9,256
95b317a33d.jpg,photo_to_monet (B2A),../checkpoints/ckpt_final.pt,9,256
95b6abfcee.jpg,photo_to_monet (B2A),../checkpoints/ckpt_final.pt,9,256
95c438e906.jpg,photo_to_monet (B2A),../checkpoints/ckpt_final.pt,9,256
95d494f4ae.jpg,photo_to_monet (B2A),../checkpoints/ckpt_final.pt,9,256
95d4cb8eca.jpg,photo_to_monet (B2A),../checkpoints/ckpt_final.pt,9,256
95deeeec90.jpg,photo_to_monet (B2A),../checkpoints/ckpt_final.pt,9,256
95dff55b08.jpg,photo_to_monet (B2A),../checkpoints/ckpt_final.pt,9,256
95e33c18db.jpg,photo_to_monet (B2A),../checkpoints/ckpt_final.pt,9,256
95f5aeda51.jpg,photo_to_monet (B2A),../checkpoints/ckpt_final.pt,9,256
95f5d9ab48.jpg,photo_to_monet (B2A),../checkpoints/ckpt_final.pt,9,256
9606c7644b.jpg,photo_to_monet (B2A),../checkpoints/ckpt_final.pt,9,256
960b5fa7e8.jpg,photo_to_monet (B2A),../checkpoints/ckpt_final.pt,9,256
96183e38ec.jpg,photo_to_monet (B2A),../checkpoints/ckpt_final.pt,9,256
9622e7f973.jpg,photo_to_monet (B2A),../checkpoints/ckpt_final.pt,9,256
962d0ff537.jpg,photo_to_monet (B2A),../checkpoints/ckpt_final.pt,9,256
963134b323.jpg,photo_to_monet (B2A),../checkpoints/ckpt_final.pt,9,256
96324aa924.jpg,photo_to_monet (B2A),../checkpoints/ckpt_final.pt,9,256
963770bacd.jpg,photo_to_monet (B2A),../checkpoints/ckpt_final.pt,9,256
963c0eb500.jpg,photo_to_monet (B2A),../checkpoints/ckpt_final.pt,9,256
96486253fb.jpg,photo_to_monet (B2A),../checkpoints/ckpt_final.pt,9,256
9652937cf0.jpg,photo_to_monet (B2A),../checkpoints/ckpt_final.pt,9,256
965c4ddd61.jpg,photo_to_monet (B2A),../checkpoints/ckpt_final.pt,9,256
9670ea6664.jpg,photo_to_monet (B2A),../checkpoints/ckpt_final.pt,9,256
9681f39ae8.jpg,photo_to_monet (B2A),../checkpoints/ckpt_final.pt,9,256
9693678067.jpg,photo_to_monet (B2A),../checkpoints/ckpt_final.pt,9,256
9698946dfb.jpg,photo_to_monet (B2A),../checkpoints/ckpt_final.pt,9,256
969d45bb23.jpg,photo_to_monet (B2A),../checkpoints/ckpt_final.pt,9,256
96a933541d.jpg,photo_to_monet (B2A),../checkpoints/ckpt_final.pt,9,256
96ae66347a.jpg,photo_to_monet (B2A),../checkpoints/ckpt_final.pt,9,256
96b2ac1a1b.jpg,photo_to_monet (B2A),../checkpoints/ckpt_final.pt,9,256
96b9ee7ec4.jpg,photo_to_monet (B2A),../checkpoints/ckpt_final.pt,9,256
96baf57a50.jpg,photo_to_monet (B2A),../checkpoints/ckpt_final.pt,9,256
96c65e76e1.jpg,photo_to_monet (B2A),../checkpoints/ckpt_final.pt,9,256
96c686ddf6.jpg,photo_to_monet (B2A),../checkpoints/ckpt_final.pt,9,256
96cb35f032.jpg,photo_to_monet (B2A),../checkpoints/ckpt_final.pt,9,256
96cda40153.jpg,photo_to_monet (B2A),../checkpoints/ckpt_final.pt,9,256
96d223307c.jpg,photo_to_monet (B2A),../checkpoints/ckpt_final.pt,9,256
96d3517f11.jpg,photo_to_monet (B2A),../checkpoints/ckpt_final.pt,9,256
96da1fc826.jpg,photo_to_monet (B2A),../checkpoints/ckpt_final.pt,9,256
96e1bb4403.jpg,photo_to_monet (B2A),../checkpoints/ckpt_final.pt,9,256
96e42a29c9.jpg,photo_to_monet (B2A),../checkpoints/ckpt_final.pt,9,256
96e7b2c267.jpg,photo_to_monet (B2A),../checkpoints/ckpt_final.pt,9,256
96e860fd62.jpg,photo_to_monet (B2A),../checkpoints/ckpt_final.pt,9,256
970d8c0b4c.jpg,photo_to_monet (B2A),../checkpoints/ckpt_final.pt,9,256
97123776ca.jpg,photo_to_monet (B2A),../checkpoints/ckpt_final.pt,9,256
971c33b707.jpg,photo_to_monet (B2A),../checkpoints/ckpt_final.pt,9,256
971fcc6bcc.jpg,photo_to_monet (B2A),../checkpoints/ckpt_final.pt,9,256
97268dc895.jpg,photo_to_monet (B2A),../checkpoints/ckpt_final.pt,9,256
973372e3d0.jpg,photo_to_monet (B2A),../checkpoints/ckpt_final.pt,9,256
973dd4a928.jpg,photo_to_monet (B2A),../checkpoints/ckpt_final.pt,9,256
973f82a644.jpg,photo_to_monet (B2A),../checkpoints/ckpt_final.pt,9,256
9743bd2705.jpg,photo_to_monet (B2A),../checkpoints/ckpt_final.pt,9,256
975538e5c1.jpg,photo_to_monet (B2A),../checkpoints/ckpt_final.pt,9,256
976f6eafdd.jpg,photo_to_monet (B2A),../checkpoints/ckpt_final.pt,9,256
977938602b.jpg,photo_to_monet (B2A),../checkpoints/ckpt_final.pt,9,256
977b1bd3a2.jpg,photo_to_monet (B2A),../checkpoints/ckpt_final.pt,9,256
977bff16d4.jpg,photo_to_monet (B2A),../checkpoints/ckpt_final.pt,9,256
978424d552.jpg,photo_to_monet (B2A),../checkpoints/ckpt_final.pt,9,256
979103c46c.jpg,photo_to_monet (B2A),../checkpoints/ckpt_final.pt,9,256
979e42841f.jpg,photo_to_monet (B2A),../checkpoints/ckpt_final.pt,9,256
97a87bca91.jpg,photo_to_monet (B2A),../checkpoints/ckpt_final.pt,9,256
97b5d7b81c.jpg,photo_to_monet (B2A),../checkpoints/ckpt_final.pt,9,256
97bf9704b5.jpg,photo_to_monet (B2A),../checkpoints/ckpt_final.pt,9,256
97c6fda363.jpg,photo_to_monet (B2A),../checkpoints/ckpt_final.pt,9,256
97c8c523df.jpg,photo_to_monet (B2A),../checkpoints/ckpt_final.pt,9,256
97cef7f737.jpg,photo_to_monet (B2A),../checkpoints/ckpt_final.pt,9,256
97d4460077.jpg,photo_to_monet (B2A),../checkpoints/ckpt_final.pt,9,256
97d76023a7.jpg,photo_to_monet (B2A),../checkpoints/ckpt_final.pt,9,256
97dddb7cbb.jpg,photo_to_monet (B2A),../checkpoints/ckpt_final.pt,9,256
97e4b5f75c.jpg,photo_to_monet (B2A),../checkpoints/ckpt_final.pt,9,256
97e948fb9d.jpg,photo_to_monet (B2A),../checkpoints/ckpt_final.pt,9,256
9801846b65.jpg,photo_to_monet (B2A),../checkpoints/ckpt_final.pt,9,256
9806c55f8e.jpg,photo_to_monet (B2A),../checkpoints/ckpt_final.pt,9,256
9811ee90ac.jpg,photo_to_monet (B2A),../checkpoints/ckpt_final.pt,9,256
981f9ee7ce.jpg,photo_to_monet (B2A),../checkpoints/ckpt_final.pt,9,256
982068245a.jpg,photo_to_monet (B2A),../checkpoints/ckpt_final.pt,9,256
9820d446a4.jpg,photo_to_monet (B2A),../checkpoints/ckpt_final.pt,9,256
9827d36539.jpg,photo_to_monet (B2A),../checkpoints/ckpt_final.pt,9,256
982ca3c520.jpg,photo_to_monet (B2A),../checkpoints/ckpt_final.pt,9,256
9835ba0013.jpg,photo_to_monet (B2A),../checkpoints/ckpt_final.pt,9,256
983821c850.jpg,photo_to_monet (B2A),../checkpoints/ckpt_final.pt,9,256
98426ffd66.jpg,photo_to_monet (B2A),../checkpoints/ckpt_final.pt,9,256
984c6baa94.jpg,photo_to_monet (B2A),../checkpoints/ckpt_final.pt,9,256
98507e2f68.jpg,photo_to_monet (B2A),../checkpoints/ckpt_final.pt,9,256
9863a4aa56.jpg,photo_to_monet (B2A),../checkpoints/ckpt_final.pt,9,256
986d6d5bf9.jpg,photo_to_monet (B2A),../checkpoints/ckpt_final.pt,9,256
988ba0650a.jpg,photo_to_monet (B2A),../checkpoints/ckpt_final.pt,9,256
9894d1438d.jpg,photo_to_monet (B2A),../checkpoints/ckpt_final.pt,9,256
9895a5216b.jpg,photo_to_monet (B2A),../checkpoints/ckpt_final.pt,9,256
98a00fe3fc.jpg,photo_to_monet (B2A),../checkpoints/ckpt_final.pt,9,256
98af1d51cf.jpg,photo_to_monet (B2A),../checkpoints/ckpt_final.pt,9,256
98b9fbb3fb.jpg,photo_to_monet (B2A),../checkpoints/ckpt_final.pt,9,256
98c28eedfa.jpg,photo_to_monet (B2A),../checkpoints/ckpt_final.pt,9,256
98cbab58d6.jpg,photo_to_monet (B2A),../checkpoints/ckpt_final.pt,9,256
98d335025e.jpg,photo_to_monet (B2A),../checkpoints/ckpt_final.pt,9,256
98d4348692.jpg,photo_to_monet (B2A),../checkpoints/ckpt_final.pt,9,256
98de268fe8.jpg,photo_to_monet (B2A),../checkpoints/ckpt_final.pt,9,256
98e7d7b48a.jpg,photo_to_monet (B2A),../checkpoints/ckpt_final.pt,9,256
98ef46be31.jpg,photo_to_monet (B2A),../checkpoints/ckpt_final.pt,9,256
98fcc9f6fc.jpg,photo_to_monet (B2A),../checkpoints/ckpt_final.pt,9,256
98ff290926.jpg,photo_to_monet (B2A),../checkpoints/ckpt_final.pt,9,256
99038bde22.jpg,photo_to_monet (B2A),../checkpoints/ckpt_final.pt,9,256
99045d3f04.jpg,photo_to_monet (B2A),../checkpoints/ckpt_final.pt,9,256
9906756ae6.jpg,photo_to_monet (B2A),../checkpoints/ckpt_final.pt,9,256
990e8ef2f2.jpg,photo_to_monet (B2A),../checkpoints/ckpt_final.pt,9,256
9912bab8cf.jpg,photo_to_monet (B2A),../checkpoints/ckpt_final.pt,9,256
9912e8a5a3.jpg,photo_to_monet (B2A),../checkpoints/ckpt_final.pt,9,256
991eb1e448.jpg,photo_to_monet (B2A),../checkpoints/ckpt_final.pt,9,256
9921ef9e3c.jpg,photo_to_monet (B2A),../checkpoints/ckpt_final.pt,9,256
99283f98de.jpg,photo_to_monet (B2A),../checkpoints/ckpt_final.pt,9,256
99294cd9e3.jpg,photo_to_monet (B2A),../checkpoints/ckpt_final.pt,9,256
993fb1e69b.jpg,photo_to_monet (B2A),../checkpoints/ckpt_final.pt,9,256
9945957ec7.jpg,photo_to_monet (B2A),../checkpoints/ckpt_final.pt,9,256
994a54185f.jpg,photo_to_monet (B2A),../checkpoints/ckpt_final.pt,9,256
994b994977.jpg,photo_to_monet (B2A),../checkpoints/ckpt_final.pt,9,256
99676e0f39.jpg,photo_to_monet (B2A),../checkpoints/ckpt_final.pt,9,256
996de8f5ec.jpg,photo_to_monet (B2A),../checkpoints/ckpt_final.pt,9,256
997f0ed940.jpg,photo_to_monet (B2A),../checkpoints/ckpt_final.pt,9,256
9991f94f1d.jpg,photo_to_monet (B2A),../checkpoints/ckpt_final.pt,9,256
999985c001.jpg,photo_to_monet (B2A),../checkpoints/ckpt_final.pt,9,256
9999c76d32.jpg,photo_to_monet (B2A),../checkpoints/ckpt_final.pt,9,256
999e87f7a6.jpg,photo_to_monet (B2A),../checkpoints/ckpt_final.pt,9,256
99a109ea2b.jpg,photo_to_monet (B2A),../checkpoints/ckpt_final.pt,9,256
99a6c4d326.jpg,photo_to_monet (B2A),../checkpoints/ckpt_final.pt,9,256
99b3b1736b.jpg,photo_to_monet (B2A),../checkpoints/ckpt_final.pt,9,256
99baee78f2.jpg,photo_to_monet (B2A),../checkpoints/ckpt_final.pt,9,256
99c0ccba50.jpg,photo_to_monet (B2A),../checkpoints/ckpt_final.pt,9,256
99c9687c14.jpg,photo_to_monet (B2A),../checkpoints/ckpt_final.pt,9,256
99cbbc5052.jpg,photo_to_monet (B2A),../checkpoints/ckpt_final.pt,9,256
99d04bd95f.jpg,photo_to_monet (B2A),../checkpoints/ckpt_final.pt,9,256
99dacbf106.jpg,photo_to_monet (B2A),../checkpoints/ckpt_final.pt,9,256
99ed3dc7b2.jpg,photo_to_monet (B2A),../checkpoints/ckpt_final.pt,9,256
99f621bbdb.jpg,photo_to_monet (B2A),../checkpoints/ckpt_final.pt,9,256
99fb63fada.jpg,photo_to_monet (B2A),../checkpoints/ckpt_final.pt,9,256
99fc1c27b2.jpg,photo_to_monet (B2A),../checkpoints/ckpt_final.pt,9,256
99fcebb45b.jpg,photo_to_monet (B2A),../checkpoints/ckpt_final.pt,9,256
9a0bfe6c86.jpg,photo_to_monet (B2A),../checkpoints/ckpt_final.pt,9,256
9a2b9dec3a.jpg,photo_to_monet (B2A),../checkpoints/ckpt_final.pt,9,256
9a4b2f8bd8.jpg,photo_to_monet (B2A),../checkpoints/ckpt_final.pt,9,256
9a507f5ef4.jpg,photo_to_monet (B2A),../checkpoints/ckpt_final.pt,9,256
9a5477aaeb.jpg,photo_to_monet (B2A),../checkpoints/ckpt_final.pt,9,256
9a59323542.jpg,photo_to_monet (B2A),../checkpoints/ckpt_final.pt,9,256
9a780093c6.jpg,photo_to_monet (B2A),../checkpoints/ckpt_final.pt,9,256
9a9d4aeb7a.jpg,photo_to_monet (B2A),../checkpoints/ckpt_final.pt,9,256
9ab17ed33a.jpg,photo_to_monet (B2A),../checkpoints/ckpt_final.pt,9,256
9adf6d52d3.jpg,photo_to_monet (B2A),../checkpoints/ckpt_final.pt,9,256
9aeb8bd419.jpg,photo_to_monet (B2A),../checkpoints/ckpt_final.pt,9,256
9af5a24f65.jpg,photo_to_monet (B2A),../checkpoints/ckpt_final.pt,9,256
9afdeb8ed2.jpg,photo_to_monet (B2A),../checkpoints/ckpt_final.pt,9,256
9b048364b8.jpg,photo_to_monet (B2A),../checkpoints/ckpt_final.pt,9,256
9b186b8f81.jpg,photo_to_monet (B2A),../checkpoints/ckpt_final.pt,9,256
9b1b974368.jpg,photo_to_monet (B2A),../checkpoints/ckpt_final.pt,9,256
9b1c51d91c.jpg,photo_to_monet (B2A),../checkpoints/ckpt_final.pt,9,256
9b3053dc34.jpg,photo_to_monet (B2A),../checkpoints/ckpt_final.pt,9,256
9b3abf3a98.jpg,photo_to_monet (B2A),../checkpoints/ckpt_final.pt,9,256
9b513c7a1c.jpg,photo_to_monet (B2A),../checkpoints/ckpt_final.pt,9,256
9b5be07782.jpg,photo_to_monet (B2A),../checkpoints/ckpt_final.pt,9,256
9b5d6d5b9b.jpg,photo_to_monet (B2A),../checkpoints/ckpt_final.pt,9,256
9b5e41ac82.jpg,photo_to_monet (B2A),../checkpoints/ckpt_final.pt,9,256
9b6bec8314.jpg,photo_to_monet (B2A),../checkpoints/ckpt_final.pt,9,256
9b7d65decf.jpg,photo_to_monet (B2A),../checkpoints/ckpt_final.pt,9,256
9b85a6c570.jpg,photo_to_monet (B2A),../checkpoints/ckpt_final.pt,9,256
9b87bd9191.jpg,photo_to_monet (B2A),../checkpoints/ckpt_final.pt,9,256
9b95a6cc9b.jpg,photo_to_monet (B2A),../checkpoints/ckpt_final.pt,9,256
9b9cdde1ce.jpg,photo_to_monet (B2A),../checkpoints/ckpt_final.pt,9,256
9ba4ae09af.jpg,photo_to_monet (B2A),../checkpoints/ckpt_final.pt,9,256
9ba9376b9d.jpg,photo_to_monet (B2A),../checkpoints/ckpt_final.pt,9,256
9baca6d979.jpg,photo_to_monet (B2A),../checkpoints/ckpt_final.pt,9,256
9bd1b8c1be.jpg,photo_to_monet (B2A),../checkpoints/ckpt_final.pt,9,256
9bd28a56c1.jpg,photo_to_monet (B2A),../checkpoints/ckpt_final.pt,9,256
9be2b6c083.jpg,photo_to_monet (B2A),../checkpoints/ckpt_final.pt,9,256
9bf556f160.jpg,photo_to_monet (B2A),../checkpoints/ckpt_final.pt,9,256
9bf931ead4.jpg,photo_to_monet (B2A),../checkpoints/ckpt_final.pt,9,256
9bfcbc6fe3.jpg,photo_to_monet (B2A),../checkpoints/ckpt_final.pt,9,256
9c0c63914a.jpg,photo_to_monet (B2A),../checkpoints/ckpt_final.pt,9,256
9c0e343a29.jpg,photo_to_monet (B2A),../checkpoints/ckpt_final.pt,9,256
9c102e25d3.jpg,photo_to_monet (B2A),../checkpoints/ckpt_final.pt,9,256
9c10716ffd.jpg,photo_to_monet (B2A),../checkpoints/ckpt_final.pt,9,256
9c204faa1f.jpg,photo_to_monet (B2A),../checkpoints/ckpt_final.pt,9,256
9c25e78088.jpg,photo_to_monet (B2A),../checkpoints/ckpt_final.pt,9,256
9c2fed3088.jpg,photo_to_monet (B2A),../checkpoints/ckpt_final.pt,9,256
9c4050f532.jpg,photo_to_monet (B2A),../checkpoints/ckpt_final.pt,9,256
9c4dd0a48f.jpg,photo_to_monet (B2A),../checkpoints/ckpt_final.pt,9,256
9c564000e7.jpg,photo_to_monet (B2A),../checkpoints/ckpt_final.pt,9,256
9c70f10a5a.jpg,photo_to_monet (B2A),../checkpoints/ckpt_final.pt,9,256
9c77707e49.jpg,photo_to_monet (B2A),../checkpoints/ckpt_final.pt,9,256
9c92f8345f.jpg,photo_to_monet (B2A),../checkpoints/ckpt_final.pt,9,256
9ca436a170.jpg,photo_to_monet (B2A),../checkpoints/ckpt_final.pt,9,256
9caa11517e.jpg,photo_to_monet (B2A),../checkpoints/ckpt_final.pt,9,256
9cac2116d7.jpg,photo_to_monet (B2A),../checkpoints/ckpt_final.pt,9,256
9cb836306d.jpg,photo_to_monet (B2A),../checkpoints/ckpt_final.pt,9,256
9cbcbdcbb3.jpg,photo_to_monet (B2A),../checkpoints/ckpt_final.pt,9,256
9cc0e6163f.jpg,photo_to_monet (B2A),../checkpoints/ckpt_final.pt,9,256
9cc35ff83e.jpg,photo_to_monet (B2A),../checkpoints/ckpt_final.pt,9,256
9cc789cfef.jpg,photo_to_monet (B2A),../checkpoints/ckpt_final.pt,9,256
9ccca8eac7.jpg,photo_to_monet (B2A),../checkpoints/ckpt_final.pt,9,256
9ce382c263.jpg,photo_to_monet (B2A),../checkpoints/ckpt_final.pt,9,256
9cef1e6708.jpg,photo_to_monet (B2A),../checkpoints/ckpt_final.pt,9,256
9cf972ea28.jpg,photo_to_monet (B2A),../checkpoints/ckpt_final.pt,9,256
9cfb0b75ab.jpg,photo_to_monet (B2A),../checkpoints/ckpt_final.pt,9,256
9d09a34740.jpg,photo_to_monet (B2A),../checkpoints/ckpt_final.pt,9,256
9d3885ad89.jpg,photo_to_monet (B2A),../checkpoints/ckpt_final.pt,9,256
9d3c6b28c4.jpg,photo_to_monet (B2A),../checkpoints/ckpt_final.pt,9,256
9d438a0bb2.jpg,photo_to_monet (B2A),../checkpoints/ckpt_final.pt,9,256
9d4711f6ef.jpg,photo_to_monet (B2A),../checkpoints/ckpt_final.pt,9,256
9d59515745.jpg,photo_to_monet (B2A),../checkpoints/ckpt_final.pt,9,256
9d6df08287.jpg,photo_to_monet (B2A),../checkpoints/ckpt_final.pt,9,256
9d74f4e539.jpg,photo_to_monet (B2A),../checkpoints/ckpt_final.pt,9,256
9d766ffc5c.jpg,photo_to_monet (B2A),../checkpoints/ckpt_final.pt,9,256
9d7b548d1f.jpg,photo_to_monet (B2A),../checkpoints/ckpt_final.pt,9,256
9d7c3c3eea.jpg,photo_to_monet (B2A),../checkpoints/ckpt_final.pt,9,256
9d82fd9e98.jpg,photo_to_monet (B2A),../checkpoints/ckpt_final.pt,9,256
9d92ef2ffc.jpg,photo_to_monet (B2A),../checkpoints/ckpt_final.pt,9,256
9da065344d.jpg,photo_to_monet (B2A),../checkpoints/ckpt_final.pt,9,256
9dad30bdf5.jpg,photo_to_monet (B2A),../checkpoints/ckpt_final.pt,9,256
9dbc604a03.jpg,photo_to_monet (B2A),../checkpoints/ckpt_final.pt,9,256
9dc4a07f48.jpg,photo_to_monet (B2A),../checkpoints/ckpt_final.pt,9,256
9dc4a40f1a.jpg,photo_to_monet (B2A),../checkpoints/ckpt_final.pt,9,256
9dcebd8348.jpg,photo_to_monet (B2A),../checkpoints/ckpt_final.pt,9,256
9dd9044174.jpg,photo_to_monet (B2A),../checkpoints/ckpt_final.pt,9,256
9dfd1f8a09.jpg,photo_to_monet (B2A),../checkpoints/ckpt_final.pt,9,256
9e0a0d54b5.jpg,photo_to_monet (B2A),../checkpoints/ckpt_final.pt,9,256
9e13541480.jpg,photo_to_monet (B2A),../checkpoints/ckpt_final.pt,9,256
9e176db9cd.jpg,photo_to_monet (B2A),../checkpoints/ckpt_final.pt,9,256
9e1842231b.jpg,photo_to_monet (B2A),../checkpoints/ckpt_final.pt,9,256
9e2f4c39d2.jpg,photo_to_monet (B2A),../checkpoints/ckpt_final.pt,9,256
9e3b34bb13.jpg,photo_to_monet (B2A),../checkpoints/ckpt_final.pt,9,256
9e456ef2a7.jpg,photo_to_monet (B2A),../checkpoints/ckpt_final.pt,9,256
9e4b9f428b.jpg,photo_to_monet (B2A),../checkpoints/ckpt_final.pt,9,256
9e5dabe2b2.jpg,photo_to_monet (B2A),../checkpoints/ckpt_final.pt,9,256
9e65828ee9.jpg,photo_to_monet (B2A),../checkpoints/ckpt_final.pt,9,256
9e664ae2ef.jpg,photo_to_monet (B2A),../checkpoints/ckpt_final.pt,9,256
9e72cedb73.jpg,photo_to_monet (B2A),../checkpoints/ckpt_final.pt,9,256
9e7fcf4aaf.jpg,photo_to_monet (B2A),../checkpoints/ckpt_final.pt,9,256
9e81e8d2fe.jpg,photo_to_monet (B2A),../checkpoints/ckpt_final.pt,9,256
9e8554fade.jpg,photo_to_monet (B2A),../checkpoints/ckpt_final.pt,9,256
9e85d95d05.jpg,photo_to_monet (B2A),../checkpoints/ckpt_final.pt,9,256
9ea148fcc4.jpg,photo_to_monet (B2A),../checkpoints/ckpt_final.pt,9,256
9ea60e0936.jpg,photo_to_monet (B2A),../checkpoints/ckpt_final.pt,9,256
9eacea8aca.jpg,photo_to_monet (B2A),../checkpoints/ckpt_final.pt,9,256
9ebccc0a7d.jpg,photo_to_monet (B2A),../checkpoints/ckpt_final.pt,9,256
9ebcfa05af.jpg,photo_to_monet (B2A),../checkpoints/ckpt_final.pt,9,256
9ecf061dad.jpg,photo_to_monet (B2A),../checkpoints/ckpt_final.pt,9,256
9edf01ed43.jpg,photo_to_monet (B2A),../checkpoints/ckpt_final.pt,9,256
9ef7c05e0f.jpg,photo_to_monet (B2A),../checkpoints/ckpt_final.pt,9,256
9f0c9920f5.jpg,photo_to_monet (B2A),../checkpoints/ckpt_final.pt,9,256
9f15606758.jpg,photo_to_monet (B2A),../checkpoints/ckpt_final.pt,9,256
9f19e8f425.jpg,photo_to_monet (B2A),../checkpoints/ckpt_final.pt,9,256
9f24f894f6.jpg,photo_to_monet (B2A),../checkpoints/ckpt_final.pt,9,256
9f27c688cf.jpg,photo_to_monet (B2A),../checkpoints/ckpt_final.pt,9,256
9f29c11732.jpg,photo_to_monet (B2A),../checkpoints/ckpt_final.pt,9,256
9f335bade6.jpg,photo_to_monet (B2A),../checkpoints/ckpt_final.pt,9,256
9f34fc3c60.jpg,photo_to_monet (B2A),../checkpoints/ckpt_final.pt,9,256
9f37f0dae8.jpg,photo_to_monet (B2A),../checkpoints/ckpt_final.pt,9,256
9f41d8a922.jpg,photo_to_monet (B2A),../checkpoints/ckpt_final.pt,9,256
9f52b55c2b.jpg,photo_to_monet (B2A),../checkpoints/ckpt_final.pt,9,256
9f52dd1c0b.jpg,photo_to_monet (B2A),../checkpoints/ckpt_final.pt,9,256
9f56a6400d.jpg,photo_to_monet (B2A),../checkpoints/ckpt_final.pt,9,256
9f740de87d.jpg,photo_to_monet (B2A),../checkpoints/ckpt_final.pt,9,256
9f777a3144.jpg,photo_to_monet (B2A),../checkpoints/ckpt_final.pt,9,256
9f80b1bc48.jpg,photo_to_monet (B2A),../checkpoints/ckpt_final.pt,9,256
9f8ae5b166.jpg,photo_to_monet (B2A),../checkpoints/ckpt_final.pt,9,256
9f9796d6b3.jpg,photo_to_monet (B2A),../checkpoints/ckpt_final.pt,9,256
9f98b589a1.jpg,photo_to_monet (B2A),../checkpoints/ckpt_final.pt,9,256
9f9c46fa6b.jpg,photo_to_monet (B2A),../checkpoints/ckpt_final.pt,9,256
9fb63bf849.jpg,photo_to_monet (B2A),../checkpoints/ckpt_final.pt,9,256
9fbbbf4aec.jpg,photo_to_monet (B2A),../checkpoints/ckpt_final.pt,9,256
9fe12f7bca.jpg,photo_to_monet (B2A),../checkpoints/ckpt_final.pt,9,256
9ff0e57941.jpg,photo_to_monet (B2A),../checkpoints/ckpt_final.pt,9,256
9ff990e66c.jpg,photo_to_monet (B2A),../checkpoints/ckpt_final.pt,9,256
a0077f9248.jpg,photo_to_monet (B2A),../checkpoints/ckpt_final.pt,9,256
a01c871721.jpg,photo_to_monet (B2A),../checkpoints/ckpt_final.pt,9,256
a01ee31b6c.jpg,photo_to_monet (B2A),../checkpoints/ckpt_final.pt,9,256
a0227b5ace.jpg,photo_to_monet (B2A),../checkpoints/ckpt_final.pt,9,256
a0235aa7f0.jpg,photo_to_monet (B2A),../checkpoints/ckpt_final.pt,9,256
a03dd34359.jpg,photo_to_monet (B2A),../checkpoints/ckpt_final.pt,9,256
a0465f0aa6.jpg,photo_to_monet (B2A),../checkpoints/ckpt_final.pt,9,256
a04e9f4231.jpg,photo_to_monet (B2A),../checkpoints/ckpt_final.pt,9,256
a0522f278a.jpg,photo_to_monet (B2A),../checkpoints/ckpt_final.pt,9,256
a059321061.jpg,photo_to_monet (B2A),../checkpoints/ckpt_final.pt,9,256
a05aa88f6d.jpg,photo_to_monet (B2A),../checkpoints/ckpt_final.pt,9,256
a05e1485c1.jpg,photo_to_monet (B2A),../checkpoints/ckpt_final.pt,9,256
a0875579e8.jpg,photo_to_monet (B2A),../checkpoints/ckpt_final.pt,9,256
a095ec94a6.jpg,photo_to_monet (B2A),../checkpoints/ckpt_final.pt,9,256
a0cfc9ae82.jpg,photo_to_monet (B2A),../checkpoints/ckpt_final.pt,9,256
a0d15eb976.jpg,photo_to_monet (B2A),../checkpoints/ckpt_final.pt,9,256
a0d3357912.jpg,photo_to_monet (B2A),../checkpoints/ckpt_final.pt,9,256
a0d4bc2b72.jpg,photo_to_monet (B2A),../checkpoints/ckpt_final.pt,9,256
a0db0509a4.jpg,photo_to_monet (B2A),../checkpoints/ckpt_final.pt,9,256
a0e2fcf6d8.jpg,photo_to_monet (B2A),../checkpoints/ckpt_final.pt,9,256
a0ecda5d45.jpg,photo_to_monet (B2A),../checkpoints/ckpt_final.pt,9,256
a0f0dee611.jpg,photo_to_monet (B2A),../checkpoints/ckpt_final.pt,9,256
a0f2fad96f.jpg,photo_to_monet (B2A),../checkpoints/ckpt_final.pt,9,256
a1076aac63.jpg,photo_to_monet (B2A),../checkpoints/ckpt_final.pt,9,256
a1126aa060.jpg,photo_to_monet (B2A),../checkpoints/ckpt_final.pt,9,256
a114ee8b43.jpg,photo_to_monet (B2A),../checkpoints/ckpt_final.pt,9,256
a12235c7d1.jpg,photo_to_monet (B2A),../checkpoints/ckpt_final.pt,9,256
a13915ca96.jpg,photo_to_monet (B2A),../checkpoints/ckpt_final.pt,9,256
a13aca724a.jpg,photo_to_monet (B2A),../checkpoints/ckpt_final.pt,9,256
a146cdb74b.jpg,photo_to_monet (B2A),../checkpoints/ckpt_final.pt,9,256
a157f8c6e2.jpg,photo_to_monet (B2A),../checkpoints/ckpt_final.pt,9,256
a15ecd5efe.jpg,photo_to_monet (B2A),../checkpoints/ckpt_final.pt,9,256
a16537d464.jpg,photo_to_monet (B2A),../checkpoints/ckpt_final.pt,9,256
a177641de7.jpg,photo_to_monet (B2A),../checkpoints/ckpt_final.pt,9,256
a179e79a0c.jpg,photo_to_monet (B2A),../checkpoints/ckpt_final.pt,9,256
a17e7e49b0.jpg,photo_to_monet (B2A),../checkpoints/ckpt_final.pt,9,256
a181b6250e.jpg,photo_to_monet (B2A),../checkpoints/ckpt_final.pt,9,256
a1885fbac2.jpg,photo_to_monet (B2A),../checkpoints/ckpt_final.pt,9,256
a18cb10e08.jpg,photo_to_monet (B2A),../checkpoints/ckpt_final.pt,9,256
a18e92742a.jpg,photo_to_monet (B2A),../checkpoints/ckpt_final.pt,9,256
a197fed5c3.jpg,photo_to_monet (B2A),../checkpoints/ckpt_final.pt,9,256
a19962fefc.jpg,photo_to_monet (B2A),../checkpoints/ckpt_final.pt,9,256
a19cf2cdbb.jpg,photo_to_monet (B2A),../checkpoints/ckpt_final.pt,9,256
a1a84d3eda.jpg,photo_to_monet (B2A),../checkpoints/ckpt_final.pt,9,256
a1c54d6c61.jpg,photo_to_monet (B2A),../checkpoints/ckpt_final.pt,9,256
a1c88d3e35.jpg,photo_to_monet (B2A),../checkpoints/ckpt_final.pt,9,256
a1cc606af8.jpg,photo_to_monet (B2A),../checkpoints/ckpt_final.pt,9,256
a1e45dc986.jpg,photo_to_monet (B2A),../checkpoints/ckpt_final.pt,9,256
a1faf9de15.jpg,photo_to_monet (B2A),../checkpoints/ckpt_final.pt,9,256
a1fc123777.jpg,photo_to_monet (B2A),../checkpoints/ckpt_final.pt,9,256
a20a19b515.jpg,photo_to_monet (B2A),../checkpoints/ckpt_final.pt,9,256
a229109704.jpg,photo_to_monet (B2A),../checkpoints/ckpt_final.pt,9,256
a2307719e1.jpg,photo_to_monet (B2A),../checkpoints/ckpt_final.pt,9,256
a23e7dfef5.jpg,photo_to_monet (B2A),../checkpoints/ckpt_final.pt,9,256
a25b63eadf.jpg,photo_to_monet (B2A),../checkpoints/ckpt_final.pt,9,256
a25eb81721.jpg,photo_to_monet (B2A),../checkpoints/ckpt_final.pt,9,256
a263521820.jpg,photo_to_monet (B2A),../checkpoints/ckpt_final.pt,9,256
a2635ee772.jpg,photo_to_monet (B2A),../checkpoints/ckpt_final.pt,9,256
a26b0f2735.jpg,photo_to_monet (B2A),../checkpoints/ckpt_final.pt,9,256
a2711f0830.jpg,photo_to_monet (B2A),../checkpoints/ckpt_final.pt,9,256
a2820db109.jpg,photo_to_monet (B2A),../checkpoints/ckpt_final.pt,9,256
a283654df3.jpg,photo_to_monet (B2A),../checkpoints/ckpt_final.pt,9,256
a290773de7.jpg,photo_to_monet (B2A),../checkpoints/ckpt_final.pt,9,256
a2bc2b83eb.jpg,photo_to_monet (B2A),../checkpoints/ckpt_final.pt,9,256
a2c884fda1.jpg,photo_to_monet (B2A),../checkpoints/ckpt_final.pt,9,256
a2ccf1f748.jpg,photo_to_monet (B2A),../checkpoints/ckpt_final.pt,9,256
a2cfeba0e4.jpg,photo_to_monet (B2A),../checkpoints/ckpt_final.pt,9,256
a301643a27.jpg,photo_to_monet (B2A),../checkpoints/ckpt_final.pt,9,256
a31e04cec3.jpg,photo_to_monet (B2A),../checkpoints/ckpt_final.pt,9,256
a32b552866.jpg,photo_to_monet (B2A),../checkpoints/ckpt_final.pt,9,256
a32d4ea5ac.jpg,photo_to_monet (B2A),../checkpoints/ckpt_final.pt,9,256
a32e116556.jpg,photo_to_monet (B2A),../checkpoints/ckpt_final.pt,9,256
a32f6b942f.jpg,photo_to_monet (B2A),../checkpoints/ckpt_final.pt,9,256
a359bc69a6.jpg,photo_to_monet (B2A),../checkpoints/ckpt_final.pt,9,256
a362f89cd1.jpg,photo_to_monet (B2A),../checkpoints/ckpt_final.pt,9,256
a366accb3c.jpg,photo_to_monet (B2A),../checkpoints/ckpt_final.pt,9,256
a37515911a.jpg,photo_to_monet (B2A),../checkpoints/ckpt_final.pt,9,256
a37b1c52f2.jpg,photo_to_monet (B2A),../checkpoints/ckpt_final.pt,9,256
a38abc41c8.jpg,photo_to_monet (B2A),../checkpoints/ckpt_final.pt,9,256
a3a4e42632.jpg,photo_to_monet (B2A),../checkpoints/ckpt_final.pt,9,256
a3ac3b8f7e.jpg,photo_to_monet (B2A),../checkpoints/ckpt_final.pt,9,256
a3b40d246d.jpg,photo_to_monet (B2A),../checkpoints/ckpt_final.pt,9,256
a3bc08b40b.jpg,photo_to_monet (B2A),../checkpoints/ckpt_final.pt,9,256
a3d3b5d93a.jpg,photo_to_monet (B2A),../checkpoints/ckpt_final.pt,9,256
a3d574e6e3.jpg,photo_to_monet (B2A),../checkpoints/ckpt_final.pt,9,256
a3df896182.jpg,photo_to_monet (B2A),../checkpoints/ckpt_final.pt,9,256
a3e41f7a46.jpg,photo_to_monet (B2A),../checkpoints/ckpt_final.pt,9,256
a3e4a4c73b.jpg,photo_to_monet (B2A),../checkpoints/ckpt_final.pt,9,256
a3f8364c10.jpg,photo_to_monet (B2A),../checkpoints/ckpt_final.pt,9,256
a3fba584f9.jpg,photo_to_monet (B2A),../checkpoints/ckpt_final.pt,9,256
a40511031a.jpg,photo_to_monet (B2A),../checkpoints/ckpt_final.pt,9,256
a40db75ec2.jpg,photo_to_monet (B2A),../checkpoints/ckpt_final.pt,9,256
a40ec56a84.jpg,photo_to_monet (B2A),../checkpoints/ckpt_final.pt,9,256
a412f13a5b.jpg,photo_to_monet (B2A),../checkpoints/ckpt_final.pt,9,256
a42d5a72ff.jpg,photo_to_monet (B2A),../checkpoints/ckpt_final.pt,9,256
a4314f85dd.jpg,photo_to_monet (B2A),../checkpoints/ckpt_final.pt,9,256
a43c11f6e4.jpg,photo_to_monet (B2A),../checkpoints/ckpt_final.pt,9,256
a43e096ce5.jpg,photo_to_monet (B2A),../checkpoints/ckpt_final.pt,9,256
a4418037c4.jpg,photo_to_monet (B2A),../checkpoints/ckpt_final.pt,9,256
a448539aa0.jpg,photo_to_monet (B2A),../checkpoints/ckpt_final.pt,9,256
a4490bd462.jpg,photo_to_monet (B2A),../checkpoints/ckpt_final.pt,9,256
a456fc158f.jpg,photo_to_monet (B2A),../checkpoints/ckpt_final.pt,9,256
a45c5b6869.jpg,photo_to_monet (B2A),../checkpoints/ckpt_final.pt,9,256
a467ebbd05.jpg,photo_to_monet (B2A),../checkpoints/ckpt_final.pt,9,256
a485cebc5d.jpg,photo_to_monet (B2A),../checkpoints/ckpt_final.pt,9,256
a48886307d.jpg,photo_to_monet (B2A),../checkpoints/ckpt_final.pt,9,256
a4963511f4.jpg,photo_to_monet (B2A),../checkpoints/ckpt_final.pt,9,256
a49bfc7f31.jpg,photo_to_monet (B2A),../checkpoints/ckpt_final.pt,9,256
a49df48149.jpg,photo_to_monet (B2A),../checkpoints/ckpt_final.pt,9,256
a4a867e38f.jpg,photo_to_monet (B2A),../checkpoints/ckpt_final.pt,9,256
a4b3c66449.jpg,photo_to_monet (B2A),../checkpoints/ckpt_final.pt,9,256
a4ba621177.jpg,photo_to_monet (B2A),../checkpoints/ckpt_final.pt,9,256
a4ba843961.jpg,photo_to_monet (B2A),../checkpoints/ckpt_final.pt,9,256
a4cd276f26.jpg,photo_to_monet (B2A),../checkpoints/ckpt_final.pt,9,256
a4e346e887.jpg,photo_to_monet (B2A),../checkpoints/ckpt_final.pt,9,256
a4e3e280d9.jpg,photo_to_monet (B2A),../checkpoints/ckpt_final.pt,9,256
a4f4d25e61.jpg,photo_to_monet (B2A),../checkpoints/ckpt_final.pt,9,256
a4f8537cd9.jpg,photo_to_monet (B2A),../checkpoints/ckpt_final.pt,9,256
a50aba1d24.jpg,photo_to_monet (B2A),../checkpoints/ckpt_final.pt,9,256
a5181cd01f.jpg,photo_to_monet (B2A),../checkpoints/ckpt_final.pt,9,256
a519ab666c.jpg,photo_to_monet (B2A),../checkpoints/ckpt_final.pt,9,256
a51b62995b.jpg,photo_to_monet (B2A),../checkpoints/ckpt_final.pt,9,256
a51c7b2303.jpg,photo_to_monet (B2A),../checkpoints/ckpt_final.pt,9,256
a53008cac1.jpg,photo_to_monet (B2A),../checkpoints/ckpt_final.pt,9,256
a53383dc25.jpg,photo_to_monet (B2A),../checkpoints/ckpt_final.pt,9,256
a53affbb0b.jpg,photo_to_monet (B2A),../checkpoints/ckpt_final.pt,9,256
a542e05538.jpg,photo_to_monet (B2A),../checkpoints/ckpt_final.pt,9,256
a54454c5ea.jpg,photo_to_monet (B2A),../checkpoints/ckpt_final.pt,9,256
a546e53fbe.jpg,photo_to_monet (B2A),../checkpoints/ckpt_final.pt,9,256
a552d6a455.jpg,photo_to_monet (B2A),../checkpoints/ckpt_final.pt,9,256
a55a1a091c.jpg,photo_to_monet (B2A),../checkpoints/ckpt_final.pt,9,256
a562192a23.jpg,photo_to_monet (B2A),../checkpoints/ckpt_final.pt,9,256
a577c91fc1.jpg,photo_to_monet (B2A),../checkpoints/ckpt_final.pt,9,256
a57c43fffc.jpg,photo_to_monet (B2A),../checkpoints/ckpt_final.pt,9,256
a588de330c.jpg,photo_to_monet (B2A),../checkpoints/ckpt_final.pt,9,256
a590f768fe.jpg,photo_to_monet (B2A),../checkpoints/ckpt_final.pt,9,256
a595719ef9.jpg,photo_to_monet (B2A),../checkpoints/ckpt_final.pt,9,256
a598e08f68.jpg,photo_to_monet (B2A),../checkpoints/ckpt_final.pt,9,256
a598e5aef5.jpg,photo_to_monet (B2A),../checkpoints/ckpt_final.pt,9,256
a59c317767.jpg,photo_to_monet (B2A),../checkpoints/ckpt_final.pt,9,256
a5a55a6605.jpg,photo_to_monet (B2A),../checkpoints/ckpt_final.pt,9,256
a5af8b893b.jpg,photo_to_monet (B2A),../checkpoints/ckpt_final.pt,9,256
a5b1cfbcfd.jpg,photo_to_monet (B2A),../checkpoints/ckpt_final.pt,9,256
a5bc67adcd.jpg,photo_to_monet (B2A),../checkpoints/ckpt_final.pt,9,256
a5d272747e.jpg,photo_to_monet (B2A),../checkpoints/ckpt_final.pt,9,256
a5da7f96c4.jpg,photo_to_monet (B2A),../checkpoints/ckpt_final.pt,9,256
a604002e2a.jpg,photo_to_monet (B2A),../checkpoints/ckpt_final.pt,9,256
a617bbf356.jpg,photo_to_monet (B2A),../checkpoints/ckpt_final.pt,9,256
a61beb8d14.jpg,photo_to_monet (B2A),../checkpoints/ckpt_final.pt,9,256
a61d366d2d.jpg,photo_to_monet (B2A),../checkpoints/ckpt_final.pt,9,256
a62e7a5101.jpg,photo_to_monet (B2A),../checkpoints/ckpt_final.pt,9,256
a62ea8db0f.jpg,photo_to_monet (B2A),../checkpoints/ckpt_final.pt,9,256
a6323ca7f3.jpg,photo_to_monet (B2A),../checkpoints/ckpt_final.pt,9,256
a632e5523e.jpg,photo_to_monet (B2A),../checkpoints/ckpt_final.pt,9,256
a638326b1d.jpg,photo_to_monet (B2A),../checkpoints/ckpt_final.pt,9,256
a63a202a57.jpg,photo_to_monet (B2A),../checkpoints/ckpt_final.pt,9,256
a63a32e180.jpg,photo_to_monet (B2A),../checkpoints/ckpt_final.pt,9,256
a63d70c4a3.jpg,photo_to_monet (B2A),../checkpoints/ckpt_final.pt,9,256
a64fb4de85.jpg,photo_to_monet (B2A),../checkpoints/ckpt_final.pt,9,256
a6561cf2e0.jpg,photo_to_monet (B2A),../checkpoints/ckpt_final.pt,9,256
a658eef56c.jpg,photo_to_monet (B2A),../checkpoints/ckpt_final.pt,9,256
a65bfd0e43.jpg,photo_to_monet (B2A),../checkpoints/ckpt_final.pt,9,256
a65e118960.jpg,photo_to_monet (B2A),../checkpoints/ckpt_final.pt,9,256
a67feba233.jpg,photo_to_monet (B2A),../checkpoints/ckpt_final.pt,9,256
a682ce11f5.jpg,photo_to_monet (B2A),../checkpoints/ckpt_final.pt,9,256
a6838bdf94.jpg,photo_to_monet (B2A),../checkpoints/ckpt_final.pt,9,256
a68efb6c07.jpg,photo_to_monet (B2A),../checkpoints/ckpt_final.pt,9,256
a694999074.jpg,photo_to_monet (B2A),../checkpoints/ckpt_final.pt,9,256
a6959d7c87.jpg,photo_to_monet (B2A),../checkpoints/ckpt_final.pt,9,256
a6a316bffd.jpg,photo_to_monet (B2A),../checkpoints/ckpt_final.pt,9,256
a6c9c35a31.jpg,photo_to_monet (B2A),../checkpoints/ckpt_final.pt,9,256
a6cc5973c2.jpg,photo_to_monet (B2A),../checkpoints/ckpt_final.pt,9,256
a6d026b823.jpg,photo_to_monet (B2A),../checkpoints/ckpt_final.pt,9,256
a6df272807.jpg,photo_to_monet (B2A),../checkpoints/ckpt_final.pt,9,256
a6e2dd35f8.jpg,photo_to_monet (B2A),../checkpoints/ckpt_final.pt,9,256
a6e519d471.jpg,photo_to_monet (B2A),../checkpoints/ckpt_final.pt,9,256
a708982f02.jpg,photo_to_monet (B2A),../checkpoints/ckpt_final.pt,9,256
a70ea207cc.jpg,photo_to_monet (B2A),../checkpoints/ckpt_final.pt,9,256
a71799de73.jpg,photo_to_monet (B2A),../checkpoints/ckpt_final.pt,9,256
a71f15712f.jpg,photo_to_monet (B2A),../checkpoints/ckpt_final.pt,9,256
a739ea92ae.jpg,photo_to_monet (B2A),../checkpoints/ckpt_final.pt,9,256
a74f4e06aa.jpg,photo_to_monet (B2A),../checkpoints/ckpt_final.pt,9,256
a75469e52f.jpg,photo_to_monet (B2A),../checkpoints/ckpt_final.pt,9,256
a7594e87fd.jpg,photo_to_monet (B2A),../checkpoints/ckpt_final.pt,9,256
a76093c3dd.jpg,photo_to_monet (B2A),../checkpoints/ckpt_final.pt,9,256
a760bc4309.jpg,photo_to_monet (B2A),../checkpoints/ckpt_final.pt,9,256
a777303bee.jpg,photo_to_monet (B2A),../checkpoints/ckpt_final.pt,9,256
a786ecfabb.jpg,photo_to_monet (B2A),../checkpoints/ckpt_final.pt,9,256
a7883bc50e.jpg,photo_to_monet (B2A),../checkpoints/ckpt_final.pt,9,256
a7976448c0.jpg,photo_to_monet (B2A),../checkpoints/ckpt_final.pt,9,256
a798e840cc.jpg,photo_to_monet (B2A),../checkpoints/ckpt_final.pt,9,256
a79f8d5a7d.jpg,photo_to_monet (B2A),../checkpoints/ckpt_final.pt,9,256
a7a21f3ccd.jpg,photo_to_monet (B2A),../checkpoints/ckpt_final.pt,9,256
a7a2534308.jpg,photo_to_monet (B2A),../checkpoints/ckpt_final.pt,9,256
a7ae4aab24.jpg,photo_to_monet (B2A),../checkpoints/ckpt_final.pt,9,256
a7b11a83ba.jpg,photo_to_monet (B2A),../checkpoints/ckpt_final.pt,9,256
a7b5f480d3.jpg,photo_to_monet (B2A),../checkpoints/ckpt_final.pt,9,256
a7ba1fdb8d.jpg,photo_to_monet (B2A),../checkpoints/ckpt_final.pt,9,256
a7c3243254.jpg,photo_to_monet (B2A),../checkpoints/ckpt_final.pt,9,256
a7c5642b9b.jpg,photo_to_monet (B2A),../checkpoints/ckpt_final.pt,9,256
a7c972a651.jpg,photo_to_monet (B2A),../checkpoints/ckpt_final.pt,9,256
a7e09af64a.jpg,photo_to_monet (B2A),../checkpoints/ckpt_final.pt,9,256
a7e86fbe21.jpg,photo_to_monet (B2A),../checkpoints/ckpt_final.pt,9,256
a7fb6b9ffa.jpg,photo_to_monet (B2A),../checkpoints/ckpt_final.pt,9,256
a7ffac0edb.jpg,photo_to_monet (B2A),../checkpoints/ckpt_final.pt,9,256
a80594f85b.jpg,photo_to_monet (B2A),../checkpoints/ckpt_final.pt,9,256
a8089a9f66.jpg,photo_to_monet (B2A),../checkpoints/ckpt_final.pt,9,256
a8095aa2f5.jpg,photo_to_monet (B2A),../checkpoints/ckpt_final.pt,9,256
a80c7ee69a.jpg,photo_to_monet (B2A),../checkpoints/ckpt_final.pt,9,256
a828255ebc.jpg,photo_to_monet (B2A),../checkpoints/ckpt_final.pt,9,256
a82a9c378a.jpg,photo_to_monet (B2A),../checkpoints/ckpt_final.pt,9,256
a82c3afbbd.jpg,photo_to_monet (B2A),../checkpoints/ckpt_final.pt,9,256
a84921e7be.jpg,photo_to_monet (B2A),../checkpoints/ckpt_final.pt,9,256
a84f3fbf3f.jpg,photo_to_monet (B2A),../checkpoints/ckpt_final.pt,9,256
a85633910c.jpg,photo_to_monet (B2A),../checkpoints/ckpt_final.pt,9,256
a85a8cee92.jpg,photo_to_monet (B2A),../checkpoints/ckpt_final.pt,9,256
a8686f237c.jpg,photo_to_monet (B2A),../checkpoints/ckpt_final.pt,9,256
a86f13ae99.jpg,photo_to_monet (B2A),../checkpoints/ckpt_final.pt,9,256
a876481147.jpg,photo_to_monet (B2A),../checkpoints/ckpt_final.pt,9,256
a88e5ab869.jpg,photo_to_monet (B2A),../checkpoints/ckpt_final.pt,9,256
a8911b1283.jpg,photo_to_monet (B2A),../checkpoints/ckpt_final.pt,9,256
a89631a70e.jpg,photo_to_monet (B2A),../checkpoints/ckpt_final.pt,9,256
a89c8773ae.jpg,photo_to_monet (B2A),../checkpoints/ckpt_final.pt,9,256
a8a27b4e1a.jpg,photo_to_monet (B2A),../checkpoints/ckpt_final.pt,9,256
a8a4ee4f79.jpg,photo_to_monet (B2A),../checkpoints/ckpt_final.pt,9,256
a8b7358e0e.jpg,photo_to_monet (B2A),../checkpoints/ckpt_final.pt,9,256
a8c04e4f33.jpg,photo_to_monet (B2A),../checkpoints/ckpt_final.pt,9,256
a8d022d99c.jpg,photo_to_monet (B2A),../checkpoints/ckpt_final.pt,9,256
a8d3c5c2d3.jpg,photo_to_monet (B2A),../checkpoints/ckpt_final.pt,9,256
a8d61b91a4.jpg,photo_to_monet (B2A),../checkpoints/ckpt_final.pt,9,256
a8e351db00.jpg,photo_to_monet (B2A),../checkpoints/ckpt_final.pt,9,256
a8e62405d3.jpg,photo_to_monet (B2A),../checkpoints/ckpt_final.pt,9,256
a908f29569.jpg,photo_to_monet (B2A),../checkpoints/ckpt_final.pt,9,256
a90b8ea6ed.jpg,photo_to_monet (B2A),../checkpoints/ckpt_final.pt,9,256
a91402ed9b.jpg,photo_to_monet (B2A),../checkpoints/ckpt_final.pt,9,256
a917afed2a.jpg,photo_to_monet (B2A),../checkpoints/ckpt_final.pt,9,256
a92d0cde38.jpg,photo_to_monet (B2A),../checkpoints/ckpt_final.pt,9,256
a92eed65ce.jpg,photo_to_monet (B2A),../checkpoints/ckpt_final.pt,9,256
a93e11ed37.jpg,photo_to_monet (B2A),../checkpoints/ckpt_final.pt,9,256
a945149eb0.jpg,photo_to_monet (B2A),../checkpoints/ckpt_final.pt,9,256
a9460f4e16.jpg,photo_to_monet (B2A),../checkpoints/ckpt_final.pt,9,256
a946a049f9.jpg,photo_to_monet (B2A),../checkpoints/ckpt_final.pt,9,256
a9542998ad.jpg,photo_to_monet (B2A),../checkpoints/ckpt_final.pt,9,256
a95a086609.jpg,photo_to_monet (B2A),../checkpoints/ckpt_final.pt,9,256
a962271585.jpg,photo_to_monet (B2A),../checkpoints/ckpt_final.pt,9,256
a963d0573b.jpg,photo_to_monet (B2A),../checkpoints/ckpt_final.pt,9,256
a965ac5835.jpg,photo_to_monet (B2A),../checkpoints/ckpt_final.pt,9,256
a97237c4b1.jpg,photo_to_monet (B2A),../checkpoints/ckpt_final.pt,9,256
a97e50a8d4.jpg,photo_to_monet (B2A),../checkpoints/ckpt_final.pt,9,256
a98179e505.jpg,photo_to_monet (B2A),../checkpoints/ckpt_final.pt,9,256
a99dbf6b17.jpg,photo_to_monet (B2A),../checkpoints/ckpt_final.pt,9,256
a99f495968.jpg,photo_to_monet (B2A),../checkpoints/ckpt_final.pt,9,256
a9a61131fc.jpg,photo_to_monet (B2A),../checkpoints/ckpt_final.pt,9,256
a9a7cc1b1c.jpg,photo_to_monet (B2A),../checkpoints/ckpt_final.pt,9,256
a9a881577b.jpg,photo_to_monet (B2A),../checkpoints/ckpt_final.pt,9,256
a9d597ca20.jpg,photo_to_monet (B2A),../checkpoints/ckpt_final.pt,9,256
a9d902fc38.jpg,photo_to_monet (B2A),../checkpoints/ckpt_final.pt,9,256
a9de4c4d69.jpg,photo_to_monet (B2A),../checkpoints/ckpt_final.pt,9,256
a9ef8c2bcd.jpg,photo_to_monet (B2A),../checkpoints/ckpt_final.pt,9,256
a9efa619e0.jpg,photo_to_monet (B2A),../checkpoints/ckpt_final.pt,9,256
a9faa93d67.jpg,photo_to_monet (B2A),../checkpoints/ckpt_final.pt,9,256
a9fe1f88ab.jpg,photo_to_monet (B2A),../checkpoints/ckpt_final.pt,9,256
a9ff892ea7.jpg,photo_to_monet (B2A),../checkpoints/ckpt_final.pt,9,256
aa0485a59f.jpg,photo_to_monet (B2A),../checkpoints/ckpt_final.pt,9,256
aa09a96ed1.jpg,photo_to_monet (B2A),../checkpoints/ckpt_final.pt,9,256
aa102a3ea1.jpg,photo_to_monet (B2A),../checkpoints/ckpt_final.pt,9,256
aa108bb6da.jpg,photo_to_monet (B2A),../checkpoints/ckpt_final.pt,9,256
aa238a7170.jpg,photo_to_monet (B2A),../checkpoints/ckpt_final.pt,9,256
aa26ff7c15.jpg,photo_to_monet (B2A),../checkpoints/ckpt_final.pt,9,256
aa2afa7cfe.jpg,photo_to_monet (B2A),../checkpoints/ckpt_final.pt,9,256
aa2b315b55.jpg,photo_to_monet (B2A),../checkpoints/ckpt_final.pt,9,256
aa387dcb3e.jpg,photo_to_monet (B2A),../checkpoints/ckpt_final.pt,9,256
aa3f9768ff.jpg,photo_to_monet (B2A),../checkpoints/ckpt_final.pt,9,256
aa44603744.jpg,photo_to_monet (B2A),../checkpoints/ckpt_final.pt,9,256
aa4c6e40e5.jpg,photo_to_monet (B2A),../checkpoints/ckpt_final.pt,9,256
aa64f54007.jpg,photo_to_monet (B2A),../checkpoints/ckpt_final.pt,9,256
aa72b9cc61.jpg,photo_to_monet (B2A),../checkpoints/ckpt_final.pt,9,256
aa778409e9.jpg,photo_to_monet (B2A),../checkpoints/ckpt_final.pt,9,256
aa8e5f3af4.jpg,photo_to_monet (B2A),../checkpoints/ckpt_final.pt,9,256
aa99d68834.jpg,photo_to_monet (B2A),../checkpoints/ckpt_final.pt,9,256
aa9acfe3e7.jpg,photo_to_monet (B2A),../checkpoints/ckpt_final.pt,9,256
aaaffcb550.jpg,photo_to_monet (B2A),../checkpoints/ckpt_final.pt,9,256
aab0eaf7cd.jpg,photo_to_monet (B2A),../checkpoints/ckpt_final.pt,9,256
aab746580f.jpg,photo_to_monet (B2A),../checkpoints/ckpt_final.pt,9,256
aabffc2182.jpg,photo_to_monet (B2A),../checkpoints/ckpt_final.pt,9,256
aac1f31a2d.jpg,photo_to_monet (B2A),../checkpoints/ckpt_final.pt,9,256
aaca9f8d52.jpg,photo_to_monet (B2A),../checkpoints/ckpt_final.pt,9,256
aacc4a4e82.jpg,photo_to_monet (B2A),../checkpoints/ckpt_final.pt,9,256
aadee76463.jpg,photo_to_monet (B2A),../checkpoints/ckpt_final.pt,9,256
aaeb9e1228.jpg,photo_to_monet (B2A),../checkpoints/ckpt_final.pt,9,256
ab001a0dce.jpg,photo_to_monet (B2A),../checkpoints/ckpt_final.pt,9,256
ab04be8f33.jpg,photo_to_monet (B2A),../checkpoints/ckpt_final.pt,9,256
ab0917a3f9.jpg,photo_to_monet (B2A),../checkpoints/ckpt_final.pt,9,256
ab0d0dfe08.jpg,photo_to_monet (B2A),../checkpoints/ckpt_final.pt,9,256
ab1141671d.jpg,photo_to_monet (B2A),../checkpoints/ckpt_final.pt,9,256
ab3576b164.jpg,photo_to_monet (B2A),../checkpoints/ckpt_final.pt,9,256
ab36e4f5d7.jpg,photo_to_monet (B2A),../checkpoints/ckpt_final.pt,9,256
ab4450580b.jpg,photo_to_monet (B2A),../checkpoints/ckpt_final.pt,9,256
ab45414f0a.jpg,photo_to_monet (B2A),../checkpoints/ckpt_final.pt,9,256
ab808be34d.jpg,photo_to_monet (B2A),../checkpoints/ckpt_final.pt,9,256
ab8999b3d4.jpg,photo_to_monet (B2A),../checkpoints/ckpt_final.pt,9,256
abaa2d0caf.jpg,photo_to_monet (B2A),../checkpoints/ckpt_final.pt,9,256
abaf585ce0.jpg,photo_to_monet (B2A),../checkpoints/ckpt_final.pt,9,256
abb7c92cd2.jpg,photo_to_monet (B2A),../checkpoints/ckpt_final.pt,9,256
abc2244ad0.jpg,photo_to_monet (B2A),../checkpoints/ckpt_final.pt,9,256
abc26dd865.jpg,photo_to_monet (B2A),../checkpoints/ckpt_final.pt,9,256
abc76b33c5.jpg,photo_to_monet (B2A),../checkpoints/ckpt_final.pt,9,256
abd58494e7.jpg,photo_to_monet (B2A),../checkpoints/ckpt_final.pt,9,256
abe159882d.jpg,photo_to_monet (B2A),../checkpoints/ckpt_final.pt,9,256
abe813f1cb.jpg,photo_to_monet (B2A),../checkpoints/ckpt_final.pt,9,256
abeca4498a.jpg,photo_to_monet (B2A),../checkpoints/ckpt_final.pt,9,256
abee44db3e.jpg,photo_to_monet (B2A),../checkpoints/ckpt_final.pt,9,256
abfbbbd0ca.jpg,photo_to_monet (B2A),../checkpoints/ckpt_final.pt,9,256
ac049a3c0d.jpg,photo_to_monet (B2A),../checkpoints/ckpt_final.pt,9,256
ac22f8134b.jpg,photo_to_monet (B2A),../checkpoints/ckpt_final.pt,9,256
ac36bd24bb.jpg,photo_to_monet (B2A),../checkpoints/ckpt_final.pt,9,256
ac50e0ca26.jpg,photo_to_monet (B2A),../checkpoints/ckpt_final.pt,9,256
ac5181086c.jpg,photo_to_monet (B2A),../checkpoints/ckpt_final.pt,9,256
ac5b1ab8f0.jpg,photo_to_monet (B2A),../checkpoints/ckpt_final.pt,9,256
ac5d1dd7a1.jpg,photo_to_monet (B2A),../checkpoints/ckpt_final.pt,9,256
ac91124a63.jpg,photo_to_monet (B2A),../checkpoints/ckpt_final.pt,9,256
ac91ac81c3.jpg,photo_to_monet (B2A),../checkpoints/ckpt_final.pt,9,256
ac932a461b.jpg,photo_to_monet (B2A),../checkpoints/ckpt_final.pt,9,256
ac9afdb0a8.jpg,photo_to_monet (B2A),../checkpoints/ckpt_final.pt,9,256
ac9c8211cb.jpg,photo_to_monet (B2A),../checkpoints/ckpt_final.pt,9,256
aca32eb466.jpg,photo_to_monet (B2A),../checkpoints/ckpt_final.pt,9,256
aca45f78be.jpg,photo_to_monet (B2A),../checkpoints/ckpt_final.pt,9,256
acab996be8.jpg,photo_to_monet (B2A),../checkpoints/ckpt_final.pt,9,256
acae006873.jpg,photo_to_monet (B2A),../checkpoints/ckpt_final.pt,9,256
acaf4ef81e.jpg,photo_to_monet (B2A),../checkpoints/ckpt_final.pt,9,256
acbede97b1.jpg,photo_to_monet (B2A),../checkpoints/ckpt_final.pt,9,256
acc787b868.jpg,photo_to_monet (B2A),../checkpoints/ckpt_final.pt,9,256
acc8b354fc.jpg,photo_to_monet (B2A),../checkpoints/ckpt_final.pt,9,256
acccbeb5a3.jpg,photo_to_monet (B2A),../checkpoints/ckpt_final.pt,9,256
accfade258.jpg,photo_to_monet (B2A),../checkpoints/ckpt_final.pt,9,256
acda36155d.jpg,photo_to_monet (B2A),../checkpoints/ckpt_final.pt,9,256
ace63e2d37.jpg,photo_to_monet (B2A),../checkpoints/ckpt_final.pt,9,256
acf0aeda10.jpg,photo_to_monet (B2A),../checkpoints/ckpt_final.pt,9,256
acf43bbda9.jpg,photo_to_monet (B2A),../checkpoints/ckpt_final.pt,9,256
ad08c8c439.jpg,photo_to_monet (B2A),../checkpoints/ckpt_final.pt,9,256
ad122b9a0c.jpg,photo_to_monet (B2A),../checkpoints/ckpt_final.pt,9,256
ad1819b0e6.jpg,photo_to_monet (B2A),../checkpoints/ckpt_final.pt,9,256
ad1a8669c9.jpg,photo_to_monet (B2A),../checkpoints/ckpt_final.pt,9,256
ad24506f8b.jpg,photo_to_monet (B2A),../checkpoints/ckpt_final.pt,9,256
ad31237f7b.jpg,photo_to_monet (B2A),../checkpoints/ckpt_final.pt,9,256
ad3d8eb941.jpg,photo_to_monet (B2A),../checkpoints/ckpt_final.pt,9,256
ad4208f91f.jpg,photo_to_monet (B2A),../checkpoints/ckpt_final.pt,9,256
ad5065585a.jpg,photo_to_monet (B2A),../checkpoints/ckpt_final.pt,9,256
ad5385ebb1.jpg,photo_to_monet (B2A),../checkpoints/ckpt_final.pt,9,256
ad5c6dd37f.jpg,photo_to_monet (B2A),../checkpoints/ckpt_final.pt,9,256
ad673d759f.jpg,photo_to_monet (B2A),../checkpoints/ckpt_final.pt,9,256
ad67e71b94.jpg,photo_to_monet (B2A),../checkpoints/ckpt_final.pt,9,256
ad7d5b8945.jpg,photo_to_monet (B2A),../checkpoints/ckpt_final.pt,9,256
ad8139d30e.jpg,photo_to_monet (B2A),../checkpoints/ckpt_final.pt,9,256
ad8f6db4da.jpg,photo_to_monet (B2A),../checkpoints/ckpt_final.pt,9,256
ad8fca5a81.jpg,photo_to_monet (B2A),../checkpoints/ckpt_final.pt,9,256
ad95d06611.jpg,photo_to_monet (B2A),../checkpoints/ckpt_final.pt,9,256
ada37edd54.jpg,photo_to_monet (B2A),../checkpoints/ckpt_final.pt,9,256
ada576bcf5.jpg,photo_to_monet (B2A),../checkpoints/ckpt_final.pt,9,256
ada64f6f98.jpg,photo_to_monet (B2A),../checkpoints/ckpt_final.pt,9,256
adb5589a4a.jpg,photo_to_monet (B2A),../checkpoints/ckpt_final.pt,9,256
adbb6706f4.jpg,photo_to_monet (B2A),../checkpoints/ckpt_final.pt,9,256
adc015d394.jpg,photo_to_monet (B2A),../checkpoints/ckpt_final.pt,9,256
adc7df4c09.jpg,photo_to_monet (B2A),../checkpoints/ckpt_final.pt,9,256
adc8bca42b.jpg,photo_to_monet (B2A),../checkpoints/ckpt_final.pt,9,256
add673f629.jpg,photo_to_monet (B2A),../checkpoints/ckpt_final.pt,9,256
addb9e11be.jpg,photo_to_monet (B2A),../checkpoints/ckpt_final.pt,9,256
addf00ca3f.jpg,photo_to_monet (B2A),../checkpoints/ckpt_final.pt,9,256
ade0f46a3f.jpg,photo_to_monet (B2A),../checkpoints/ckpt_final.pt,9,256
adee0e7444.jpg,photo_to_monet (B2A),../checkpoints/ckpt_final.pt,9,256
adf0ac7938.jpg,photo_to_monet (B2A),../checkpoints/ckpt_final.pt,9,256
adf316819b.jpg,photo_to_monet (B2A),../checkpoints/ckpt_final.pt,9,256
adf3ad1301.jpg,photo_to_monet (B2A),../checkpoints/ckpt_final.pt,9,256
ae073bf16d.jpg,photo_to_monet (B2A),../checkpoints/ckpt_final.pt,9,256
ae15831d3a.jpg,photo_to_monet (B2A),../checkpoints/ckpt_final.pt,9,256
ae16d6d012.jpg,photo_to_monet (B2A),../checkpoints/ckpt_final.pt,9,256
ae1951459d.jpg,photo_to_monet (B2A),../checkpoints/ckpt_final.pt,9,256
ae1ee21b01.jpg,photo_to_monet (B2A),../checkpoints/ckpt_final.pt,9,256
ae2923b68c.jpg,photo_to_monet (B2A),../checkpoints/ckpt_final.pt,9,256
ae2c1ea2d6.jpg,photo_to_monet (B2A),../checkpoints/ckpt_final.pt,9,256
ae32973f1b.jpg,photo_to_monet (B2A),../checkpoints/ckpt_final.pt,9,256
ae33f34419.jpg,photo_to_monet (B2A),../checkpoints/ckpt_final.pt,9,256
ae3bb4751d.jpg,photo_to_monet (B2A),../checkpoints/ckpt_final.pt,9,256
ae48a41403.jpg,photo_to_monet (B2A),../checkpoints/ckpt_final.pt,9,256
ae56d20cb9.jpg,photo_to_monet (B2A),../checkpoints/ckpt_final.pt,9,256
ae5ac0bf8a.jpg,photo_to_monet (B2A),../checkpoints/ckpt_final.pt,9,256
ae667757b8.jpg,photo_to_monet (B2A),../checkpoints/ckpt_final.pt,9,256
ae7f0cf2c7.jpg,photo_to_monet (B2A),../checkpoints/ckpt_final.pt,9,256
ae91238c7d.jpg,photo_to_monet (B2A),../checkpoints/ckpt_final.pt,9,256
ae97673634.jpg,photo_to_monet (B2A),../checkpoints/ckpt_final.pt,9,256
aea3c83ebe.jpg,photo_to_monet (B2A),../checkpoints/ckpt_final.pt,9,256
aea4a60c4e.jpg,photo_to_monet (B2A),../checkpoints/ckpt_final.pt,9,256
aea6b06ea6.jpg,photo_to_monet (B2A),../checkpoints/ckpt_final.pt,9,256
aed2032c56.jpg,photo_to_monet (B2A),../checkpoints/ckpt_final.pt,9,256
aedf554224.jpg,photo_to_monet (B2A),../checkpoints/ckpt_final.pt,9,256
aee36ebffb.jpg,photo_to_monet (B2A),../checkpoints/ckpt_final.pt,9,256
aeff6a1ad9.jpg,photo_to_monet (B2A),../checkpoints/ckpt_final.pt,9,256
af2075bcf5.jpg,photo_to_monet (B2A),../checkpoints/ckpt_final.pt,9,256
af24d79cda.jpg,photo_to_monet (B2A),../checkpoints/ckpt_final.pt,9,256
af2acf5f58.jpg,photo_to_monet (B2A),../checkpoints/ckpt_final.pt,9,256
af4232e4ad.jpg,photo_to_monet (B2A),../checkpoints/ckpt_final.pt,9,256
af4456d9ce.jpg,photo_to_monet (B2A),../checkpoints/ckpt_final.pt,9,256
af51aca135.jpg,photo_to_monet (B2A),../checkpoints/ckpt_final.pt,9,256
af5f718ec0.jpg,photo_to_monet (B2A),../checkpoints/ckpt_final.pt,9,256
af672cd7de.jpg,photo_to_monet (B2A),../checkpoints/ckpt_final.pt,9,256
af6af0e073.jpg,photo_to_monet (B2A),../checkpoints/ckpt_final.pt,9,256
af87640174.jpg,photo_to_monet (B2A),../checkpoints/ckpt_final.pt,9,256
af890fdb8b.jpg,photo_to_monet (B2A),../checkpoints/ckpt_final.pt,9,256
af899de250.jpg,photo_to_monet (B2A),../checkpoints/ckpt_final.pt,9,256
af8b38d918.jpg,photo_to_monet (B2A),../checkpoints/ckpt_final.pt,9,256
af97db63a5.jpg,photo_to_monet (B2A),../checkpoints/ckpt_final.pt,9,256
af98779f2f.jpg,photo_to_monet (B2A),../checkpoints/ckpt_final.pt,9,256
af9f206c68.jpg,photo_to_monet (B2A),../checkpoints/ckpt_final.pt,9,256
afa167a1a5.jpg,photo_to_monet (B2A),../checkpoints/ckpt_final.pt,9,256
afa1a71c3d.jpg,photo_to_monet (B2A),../checkpoints/ckpt_final.pt,9,256
afa576e383.jpg,photo_to_monet (B2A),../checkpoints/ckpt_final.pt,9,256
afabae968b.jpg,photo_to_monet (B2A),../checkpoints/ckpt_final.pt,9,256
afaf808be0.jpg,photo_to_monet (B2A),../checkpoints/ckpt_final.pt,9,256
afb21c0a01.jpg,photo_to_monet (B2A),../checkpoints/ckpt_final.pt,9,256
afb5f05573.jpg,photo_to_monet (B2A),../checkpoints/ckpt_final.pt,9,256
afb5fd0067.jpg,photo_to_monet (B2A),../checkpoints/ckpt_final.pt,9,256
afd6a4c506.jpg,photo_to_monet (B2A),../checkpoints/ckpt_final.pt,9,256
afe09342a4.jpg,photo_to_monet (B2A),../checkpoints/ckpt_final.pt,9,256
afec9d2ce5.jpg,photo_to_monet (B2A),../checkpoints/ckpt_final.pt,9,256
afee15fa99.jpg,photo_to_monet (B2A),../checkpoints/ckpt_final.pt,9,256
aff47b8492.jpg,photo_to_monet (B2A),../checkpoints/ckpt_final.pt,9,256
aff8f6d136.jpg,photo_to_monet (B2A),../checkpoints/ckpt_final.pt,9,256
b003895ce9.jpg,photo_to_monet (B2A),../checkpoints/ckpt_final.pt,9,256
b01acadfd9.jpg,photo_to_monet (B2A),../checkpoints/ckpt_final.pt,9,256
b0238fb4d6.jpg,photo_to_monet (B2A),../checkpoints/ckpt_final.pt,9,256
b023dae26b.jpg,photo_to_monet (B2A),../checkpoints/ckpt_final.pt,9,256
b02697eec9.jpg,photo_to_monet (B2A),../checkpoints/ckpt_final.pt,9,256
b027a80904.jpg,photo_to_monet (B2A),../checkpoints/ckpt_final.pt,9,256
b028f604ed.jpg,photo_to_monet (B2A),../checkpoints/ckpt_final.pt,9,256
b03262df8a.jpg,photo_to_monet (B2A),../checkpoints/ckpt_final.pt,9,256
b03646ab9d.jpg,photo_to_monet (B2A),../checkpoints/ckpt_final.pt,9,256
b036b0bd6e.jpg,photo_to_monet (B2A),../checkpoints/ckpt_final.pt,9,256
b043e97f3c.jpg,photo_to_monet (B2A),../checkpoints/ckpt_final.pt,9,256
b048d6b4a6.jpg,photo_to_monet (B2A),../checkpoints/ckpt_final.pt,9,256
b04af1a7a5.jpg,photo_to_monet (B2A),../checkpoints/ckpt_final.pt,9,256
b04b5604c4.jpg,photo_to_monet (B2A),../checkpoints/ckpt_final.pt,9,256
b05f08496f.jpg,photo_to_monet (B2A),../checkpoints/ckpt_final.pt,9,256
b069343f1c.jpg,photo_to_monet (B2A),../checkpoints/ckpt_final.pt,9,256
b06a3053e1.jpg,photo_to_monet (B2A),../checkpoints/ckpt_final.pt,9,256
b07115bda9.jpg,photo_to_monet (B2A),../checkpoints/ckpt_final.pt,9,256
b0771d4c61.jpg,photo_to_monet (B2A),../checkpoints/ckpt_final.pt,9,256
b07a462689.jpg,photo_to_monet (B2A),../checkpoints/ckpt_final.pt,9,256
b08e49c7b8.jpg,photo_to_monet (B2A),../checkpoints/ckpt_final.pt,9,256
b09cf0dffc.jpg,photo_to_monet (B2A),../checkpoints/ckpt_final.pt,9,256
b0a4fcb39d.jpg,photo_to_monet (B2A),../checkpoints/ckpt_final.pt,9,256
b0b01c67cb.jpg,photo_to_monet (B2A),../checkpoints/ckpt_final.pt,9,256
b0bc5786a5.jpg,photo_to_monet (B2A),../checkpoints/ckpt_final.pt,9,256
b0c59def26.jpg,photo_to_monet (B2A),../checkpoints/ckpt_final.pt,9,256
b0c99529c9.jpg,photo_to_monet (B2A),../checkpoints/ckpt_final.pt,9,256
b0ccf80417.jpg,photo_to_monet (B2A),../checkpoints/ckpt_final.pt,9,256
b0dc34e8e6.jpg,photo_to_monet (B2A),../checkpoints/ckpt_final.pt,9,256
b0e936e41b.jpg,photo_to_monet (B2A),../checkpoints/ckpt_final.pt,9,256
b0f66caebb.jpg,photo_to_monet (B2A),../checkpoints/ckpt_final.pt,9,256
b10839181d.jpg,photo_to_monet (B2A),../checkpoints/ckpt_final.pt,9,256
b10dabf94e.jpg,photo_to_monet (B2A),../checkpoints/ckpt_final.pt,9,256
b112237bbf.jpg,photo_to_monet (B2A),../checkpoints/ckpt_final.pt,9,256
b11afb309d.jpg,photo_to_monet (B2A),../checkpoints/ckpt_final.pt,9,256
b128c9759f.jpg,photo_to_monet (B2A),../checkpoints/ckpt_final.pt,9,256
b12bf44d38.jpg,photo_to_monet (B2A),../checkpoints/ckpt_final.pt,9,256
b12d6de1d9.jpg,photo_to_monet (B2A),../checkpoints/ckpt_final.pt,9,256
b13aecdf79.jpg,photo_to_monet (B2A),../checkpoints/ckpt_final.pt,9,256
b140da8120.jpg,photo_to_monet (B2A),../checkpoints/ckpt_final.pt,9,256
b150248c5b.jpg,photo_to_monet (B2A),../checkpoints/ckpt_final.pt,9,256
b1512c76c7.jpg,photo_to_monet (B2A),../checkpoints/ckpt_final.pt,9,256
b15cbb80b4.jpg,photo_to_monet (B2A),../checkpoints/ckpt_final.pt,9,256
b161a5d3cb.jpg,photo_to_monet (B2A),../checkpoints/ckpt_final.pt,9,256
b164b7525c.jpg,photo_to_monet (B2A),../checkpoints/ckpt_final.pt,9,256
b1654bdb7e.jpg,photo_to_monet (B2A),../checkpoints/ckpt_final.pt,9,256
b16bafe652.jpg,photo_to_monet (B2A),../checkpoints/ckpt_final.pt,9,256
b16dcdc688.jpg,photo_to_monet (B2A),../checkpoints/ckpt_final.pt,9,256
b16e9f4263.jpg,photo_to_monet (B2A),../checkpoints/ckpt_final.pt,9,256
b17c40b1ea.jpg,photo_to_monet (B2A),../checkpoints/ckpt_final.pt,9,256
b181897b98.jpg,photo_to_monet (B2A),../checkpoints/ckpt_final.pt,9,256
b18beb6d72.jpg,photo_to_monet (B2A),../checkpoints/ckpt_final.pt,9,256
b1e3ea9ca5.jpg,photo_to_monet (B2A),../checkpoints/ckpt_final.pt,9,256
b1eb87490e.jpg,photo_to_monet (B2A),../checkpoints/ckpt_final.pt,9,256
b20d1d38d7.jpg,photo_to_monet (B2A),../checkpoints/ckpt_final.pt,9,256
b21a369bbd.jpg,photo_to_monet (B2A),../checkpoints/ckpt_final.pt,9,256
b21c4fc9bd.jpg,photo_to_monet (B2A),../checkpoints/ckpt_final.pt,9,256
b220f59b09.jpg,photo_to_monet (B2A),../checkpoints/ckpt_final.pt,9,256
b23933adf6.jpg,photo_to_monet (B2A),../checkpoints/ckpt_final.pt,9,256
b23ae1573f.jpg,photo_to_monet (B2A),../checkpoints/ckpt_final.pt,9,256
b2400fe0a5.jpg,photo_to_monet (B2A),../checkpoints/ckpt_final.pt,9,256
b242ae6db1.jpg,photo_to_monet (B2A),../checkpoints/ckpt_final.pt,9,256
b2442c013f.jpg,photo_to_monet (B2A),../checkpoints/ckpt_final.pt,9,256
b244d049e3.jpg,photo_to_monet (B2A),../checkpoints/ckpt_final.pt,9,256
b245d8b8ff.jpg,photo_to_monet (B2A),../checkpoints/ckpt_final.pt,9,256
b2633e0b11.jpg,photo_to_monet (B2A),../checkpoints/ckpt_final.pt,9,256
b263b335f4.jpg,photo_to_monet (B2A),../checkpoints/ckpt_final.pt,9,256
b265520a3d.jpg,photo_to_monet (B2A),../checkpoints/ckpt_final.pt,9,256
b275f883d7.jpg,photo_to_monet (B2A),../checkpoints/ckpt_final.pt,9,256
b27811638c.jpg,photo_to_monet (B2A),../checkpoints/ckpt_final.pt,9,256
b2883a87cb.jpg,photo_to_monet (B2A),../checkpoints/ckpt_final.pt,9,256
b288896b0a.jpg,photo_to_monet (B2A),../checkpoints/ckpt_final.pt,9,256
b29034b730.jpg,photo_to_monet (B2A),../checkpoints/ckpt_final.pt,9,256
b29d413ab1.jpg,photo_to_monet (B2A),../checkpoints/ckpt_final.pt,9,256
b2a7070656.jpg,photo_to_monet (B2A),../checkpoints/ckpt_final.pt,9,256
b2a9652a6f.jpg,photo_to_monet (B2A),../checkpoints/ckpt_final.pt,9,256
b2abb2ae39.jpg,photo_to_monet (B2A),../checkpoints/ckpt_final.pt,9,256
b2bb2119a9.jpg,photo_to_monet (B2A),../checkpoints/ckpt_final.pt,9,256
b2cb0fe346.jpg,photo_to_monet (B2A),../checkpoints/ckpt_final.pt,9,256
b2cbeec8f9.jpg,photo_to_monet (B2A),../checkpoints/ckpt_final.pt,9,256
b2cbf1cf7a.jpg,photo_to_monet (B2A),../checkpoints/ckpt_final.pt,9,256
b2de093e02.jpg,photo_to_monet (B2A),../checkpoints/ckpt_final.pt,9,256
b2e2ffcd0a.jpg,photo_to_monet (B2A),../checkpoints/ckpt_final.pt,9,256
b2ee6d8bc5.jpg,photo_to_monet (B2A),../checkpoints/ckpt_final.pt,9,256
b2f7fa511e.jpg,photo_to_monet (B2A),../checkpoints/ckpt_final.pt,9,256
b2fd16828f.jpg,photo_to_monet (B2A),../checkpoints/ckpt_final.pt,9,256
b2fe82b23e.jpg,photo_to_monet (B2A),../checkpoints/ckpt_final.pt,9,256
b30876c470.jpg,photo_to_monet (B2A),../checkpoints/ckpt_final.pt,9,256
b31c7ff3e0.jpg,photo_to_monet (B2A),../checkpoints/ckpt_final.pt,9,256
b326ea0088.jpg,photo_to_monet (B2A),../checkpoints/ckpt_final.pt,9,256
b34c11aa77.jpg,photo_to_monet (B2A),../checkpoints/ckpt_final.pt,9,256
b3544a41dd.jpg,photo_to_monet (B2A),../checkpoints/ckpt_final.pt,9,256
b398a41374.jpg,photo_to_monet (B2A),../checkpoints/ckpt_final.pt,9,256
b39ad63238.jpg,photo_to_monet (B2A),../checkpoints/ckpt_final.pt,9,256
b3a246218c.jpg,photo_to_monet (B2A),../checkpoints/ckpt_final.pt,9,256
b3ad362dc3.jpg,photo_to_monet (B2A),../checkpoints/ckpt_final.pt,9,256
b3bfca1f8b.jpg,photo_to_monet (B2A),../checkpoints/ckpt_final.pt,9,256
b3c28798bd.jpg,photo_to_monet (B2A),../checkpoints/ckpt_final.pt,9,256
b3c422ffa6.jpg,photo_to_monet (B2A),../checkpoints/ckpt_final.pt,9,256
b3cc0df141.jpg,photo_to_monet (B2A),../checkpoints/ckpt_final.pt,9,256
b3d3d9921d.jpg,photo_to_monet (B2A),../checkpoints/ckpt_final.pt,9,256
b3d83e557e.jpg,photo_to_monet (B2A),../checkpoints/ckpt_final.pt,9,256
b3daba3e38.jpg,photo_to_monet (B2A),../checkpoints/ckpt_final.pt,9,256
b3db7e6aae.jpg,photo_to_monet (B2A),../checkpoints/ckpt_final.pt,9,256
b3e5c31249.jpg,photo_to_monet (B2A),../checkpoints/ckpt_final.pt,9,256
b3e9f5d03a.jpg,photo_to_monet (B2A),../checkpoints/ckpt_final.pt,9,256
b3efa6f13f.jpg,photo_to_monet (B2A),../checkpoints/ckpt_final.pt,9,256
b404fb513f.jpg,photo_to_monet (B2A),../checkpoints/ckpt_final.pt,9,256
b4166bd020.jpg,photo_to_monet (B2A),../checkpoints/ckpt_final.pt,9,256
b41d24db10.jpg,photo_to_monet (B2A),../checkpoints/ckpt_final.pt,9,256
b4217286ca.jpg,photo_to_monet (B2A),../checkpoints/ckpt_final.pt,9,256
b43d7dcae4.jpg,photo_to_monet (B2A),../checkpoints/ckpt_final.pt,9,256
b44289846b.jpg,photo_to_monet (B2A),../checkpoints/ckpt_final.pt,9,256
b443916aa7.jpg,photo_to_monet (B2A),../checkpoints/ckpt_final.pt,9,256
b46106fd89.jpg,photo_to_monet (B2A),../checkpoints/ckpt_final.pt,9,256
b461cd6b95.jpg,photo_to_monet (B2A),../checkpoints/ckpt_final.pt,9,256
b463392033.jpg,photo_to_monet (B2A),../checkpoints/ckpt_final.pt,9,256
b469541ab9.jpg,photo_to_monet (B2A),../checkpoints/ckpt_final.pt,9,256
b475f64439.jpg,photo_to_monet (B2A),../checkpoints/ckpt_final.pt,9,256
b47834dd52.jpg,photo_to_monet (B2A),../checkpoints/ckpt_final.pt,9,256
b47b2f88c3.jpg,photo_to_monet (B2A),../checkpoints/ckpt_final.pt,9,256
b482bd55c5.jpg,photo_to_monet (B2A),../checkpoints/ckpt_final.pt,9,256
b489bdec64.jpg,photo_to_monet (B2A),../checkpoints/ckpt_final.pt,9,256
b492a7d919.jpg,photo_to_monet (B2A),../checkpoints/ckpt_final.pt,9,256
b4a1b33eae.jpg,photo_to_monet (B2A),../checkpoints/ckpt_final.pt,9,256
b4ba4bd4b0.jpg,photo_to_monet (B2A),../checkpoints/ckpt_final.pt,9,256
b4c752721a.jpg,photo_to_monet (B2A),../checkpoints/ckpt_final.pt,9,256
b4c7f33b35.jpg,photo_to_monet (B2A),../checkpoints/ckpt_final.pt,9,256
b4c8e36705.jpg,photo_to_monet (B2A),../checkpoints/ckpt_final.pt,9,256
b4cc9f5870.jpg,photo_to_monet (B2A),../checkpoints/ckpt_final.pt,9,256
b4d64206dd.jpg,photo_to_monet (B2A),../checkpoints/ckpt_final.pt,9,256
b4ef669e4d.jpg,photo_to_monet (B2A),../checkpoints/ckpt_final.pt,9,256
b4f2211991.jpg,photo_to_monet (B2A),../checkpoints/ckpt_final.pt,9,256
b4f9b0e86b.jpg,photo_to_monet (B2A),../checkpoints/ckpt_final.pt,9,256
b5237c39a7.jpg,photo_to_monet (B2A),../checkpoints/ckpt_final.pt,9,256
b5268447c0.jpg,photo_to_monet (B2A),../checkpoints/ckpt_final.pt,9,256
b544e584f6.jpg,photo_to_monet (B2A),../checkpoints/ckpt_final.pt,9,256
b54c9ff9f0.jpg,photo_to_monet (B2A),../checkpoints/ckpt_final.pt,9,256
b54ecfe1d1.jpg,photo_to_monet (B2A),../checkpoints/ckpt_final.pt,9,256
b55174c53d.jpg,photo_to_monet (B2A),../checkpoints/ckpt_final.pt,9,256
b553a553a4.jpg,photo_to_monet (B2A),../checkpoints/ckpt_final.pt,9,256
b56100a754.jpg,photo_to_monet (B2A),../checkpoints/ckpt_final.pt,9,256
b56f780872.jpg,photo_to_monet (B2A),../checkpoints/ckpt_final.pt,9,256
b571fc78d5.jpg,photo_to_monet (B2A),../checkpoints/ckpt_final.pt,9,256
b58bdc0c7f.jpg,photo_to_monet (B2A),../checkpoints/ckpt_final.pt,9,256
b597d0c58b.jpg,photo_to_monet (B2A),../checkpoints/ckpt_final.pt,9,256
b5a144143b.jpg,photo_to_monet (B2A),../checkpoints/ckpt_final.pt,9,256
b5ae36d4c7.jpg,photo_to_monet (B2A),../checkpoints/ckpt_final.pt,9,256
b5b93e7f12.jpg,photo_to_monet (B2A),../checkpoints/ckpt_final.pt,9,256
b5bd2caebc.jpg,photo_to_monet (B2A),../checkpoints/ckpt_final.pt,9,256
b5bdb76769.jpg,photo_to_monet (B2A),../checkpoints/ckpt_final.pt,9,256
b5d3195dc8.jpg,photo_to_monet (B2A),../checkpoints/ckpt_final.pt,9,256
b5d87c828d.jpg,photo_to_monet (B2A),../checkpoints/ckpt_final.pt,9,256
b5d90eb11d.jpg,photo_to_monet (B2A),../checkpoints/ckpt_final.pt,9,256
b5d995b5d8.jpg,photo_to_monet (B2A),../checkpoints/ckpt_final.pt,9,256
b5f2c61061.jpg,photo_to_monet (B2A),../checkpoints/ckpt_final.pt,9,256
b60488d40f.jpg,photo_to_monet (B2A),../checkpoints/ckpt_final.pt,9,256
b60f74cca9.jpg,photo_to_monet (B2A),../checkpoints/ckpt_final.pt,9,256
b60fa62c00.jpg,photo_to_monet (B2A),../checkpoints/ckpt_final.pt,9,256
b612a7c29e.jpg,photo_to_monet (B2A),../checkpoints/ckpt_final.pt,9,256
b612ea84b8.jpg,photo_to_monet (B2A),../checkpoints/ckpt_final.pt,9,256
b61461c172.jpg,photo_to_monet (B2A),../checkpoints/ckpt_final.pt,9,256
b61731a239.jpg,photo_to_monet (B2A),../checkpoints/ckpt_final.pt,9,256
b61b89590d.jpg,photo_to_monet (B2A),../checkpoints/ckpt_final.pt,9,256
b61e2b3b0d.jpg,photo_to_monet (B2A),../checkpoints/ckpt_final.pt,9,256
b62b0c6d0c.jpg,photo_to_monet (B2A),../checkpoints/ckpt_final.pt,9,256
b62f2cfc5d.jpg,photo_to_monet (B2A),../checkpoints/ckpt_final.pt,9,256
b631fa3f71.jpg,photo_to_monet (B2A),../checkpoints/ckpt_final.pt,9,256
b635c95844.jpg,photo_to_monet (B2A),../checkpoints/ckpt_final.pt,9,256
b6398ab782.jpg,photo_to_monet (B2A),../checkpoints/ckpt_final.pt,9,256
b6429002b9.jpg,photo_to_monet (B2A),../checkpoints/ckpt_final.pt,9,256
b64bb5b36d.jpg,photo_to_monet (B2A),../checkpoints/ckpt_final.pt,9,256
b660902f57.jpg,photo_to_monet (B2A),../checkpoints/ckpt_final.pt,9,256
b664354223.jpg,photo_to_monet (B2A),../checkpoints/ckpt_final.pt,9,256
b665863dfb.jpg,photo_to_monet (B2A),../checkpoints/ckpt_final.pt,9,256
b66913e00b.jpg,photo_to_monet (B2A),../checkpoints/ckpt_final.pt,9,256
b66c734954.jpg,photo_to_monet (B2A),../checkpoints/ckpt_final.pt,9,256
b66c82cf2a.jpg,photo_to_monet (B2A),../checkpoints/ckpt_final.pt,9,256
b66f508c68.jpg,photo_to_monet (B2A),../checkpoints/ckpt_final.pt,9,256
b678b74dae.jpg,photo_to_monet (B2A),../checkpoints/ckpt_final.pt,9,256
b679bcea19.jpg,photo_to_monet (B2A),../checkpoints/ckpt_final.pt,9,256
b67c9613c8.jpg,photo_to_monet (B2A),../checkpoints/ckpt_final.pt,9,256
b697267bfb.jpg,photo_to_monet (B2A),../checkpoints/ckpt_final.pt,9,256
b69f383965.jpg,photo_to_monet (B2A),../checkpoints/ckpt_final.pt,9,256
b69fe86234.jpg,photo_to_monet (B2A),../checkpoints/ckpt_final.pt,9,256
b6c8f98eaf.jpg,photo_to_monet (B2A),../checkpoints/ckpt_final.pt,9,256
b6ccadba44.jpg,photo_to_monet (B2A),../checkpoints/ckpt_final.pt,9,256
b6d52caca3.jpg,photo_to_monet (B2A),../checkpoints/ckpt_final.pt,9,256
b6d84ce05d.jpg,photo_to_monet (B2A),../checkpoints/ckpt_final.pt,9,256
b6dd6a5484.jpg,photo_to_monet (B2A),../checkpoints/ckpt_final.pt,9,256
b6e02f524c.jpg,photo_to_monet (B2A),../checkpoints/ckpt_final.pt,9,256
b6ebb5febd.jpg,photo_to_monet (B2A),../checkpoints/ckpt_final.pt,9,256
b6f00064cc.jpg,photo_to_monet (B2A),../checkpoints/ckpt_final.pt,9,256
b70c20c5bb.jpg,photo_to_monet (B2A),../checkpoints/ckpt_final.pt,9,256
b70ec20b75.jpg,photo_to_monet (B2A),../checkpoints/ckpt_final.pt,9,256
b7126e52cb.jpg,photo_to_monet (B2A),../checkpoints/ckpt_final.pt,9,256
b7139c915b.jpg,photo_to_monet (B2A),../checkpoints/ckpt_final.pt,9,256
b734350f7a.jpg,photo_to_monet (B2A),../checkpoints/ckpt_final.pt,9,256
b743015621.jpg,photo_to_monet (B2A),../checkpoints/ckpt_final.pt,9,256
b74ada0d43.jpg,photo_to_monet (B2A),../checkpoints/ckpt_final.pt,9,256
b74cab8840.jpg,photo_to_monet (B2A),../checkpoints/ckpt_final.pt,9,256
b76253bc63.jpg,photo_to_monet (B2A),../checkpoints/ckpt_final.pt,9,256
b7634902cd.jpg,photo_to_monet (B2A),../checkpoints/ckpt_final.pt,9,256
b763d10895.jpg,photo_to_monet (B2A),../checkpoints/ckpt_final.pt,9,256
b76490cea4.jpg,photo_to_monet (B2A),../checkpoints/ckpt_final.pt,9,256
b76838eaa3.jpg,photo_to_monet (B2A),../checkpoints/ckpt_final.pt,9,256
b76eca8315.jpg,photo_to_monet (B2A),../checkpoints/ckpt_final.pt,9,256
b7771cc3a7.jpg,photo_to_monet (B2A),../checkpoints/ckpt_final.pt,9,256
b78443d274.jpg,photo_to_monet (B2A),../checkpoints/ckpt_final.pt,9,256
b7907e76c4.jpg,photo_to_monet (B2A),../checkpoints/ckpt_final.pt,9,256
b79198e3b3.jpg,photo_to_monet (B2A),../checkpoints/ckpt_final.pt,9,256
b79628b2db.jpg,photo_to_monet (B2A),../checkpoints/ckpt_final.pt,9,256
b79649047f.jpg,photo_to_monet (B2A),../checkpoints/ckpt_final.pt,9,256
b79a2b6c99.jpg,photo_to_monet (B2A),../checkpoints/ckpt_final.pt,9,256
b7a7a7cc17.jpg,photo_to_monet (B2A),../checkpoints/ckpt_final.pt,9,256
b7cb7f4110.jpg,photo_to_monet (B2A),../checkpoints/ckpt_final.pt,9,256
b7d05fd7dc.jpg,photo_to_monet (B2A),../checkpoints/ckpt_final.pt,9,256
b7f7aaeb71.jpg,photo_to_monet (B2A),../checkpoints/ckpt_final.pt,9,256
b8009cb56d.jpg,photo_to_monet (B2A),../checkpoints/ckpt_final.pt,9,256
b804d8ffff.jpg,photo_to_monet (B2A),../checkpoints/ckpt_final.pt,9,256
b81a0b8027.jpg,photo_to_monet (B2A),../checkpoints/ckpt_final.pt,9,256
b81b0d4833.jpg,photo_to_monet (B2A),../checkpoints/ckpt_final.pt,9,256
b82c2d7664.jpg,photo_to_monet (B2A),../checkpoints/ckpt_final.pt,9,256
b8513f2cc6.jpg,photo_to_monet (B2A),../checkpoints/ckpt_final.pt,9,256
b85242ba7b.jpg,photo_to_monet (B2A),../checkpoints/ckpt_final.pt,9,256
b85d1ea25e.jpg,photo_to_monet (B2A),../checkpoints/ckpt_final.pt,9,256
b87678f817.jpg,photo_to_monet (B2A),../checkpoints/ckpt_final.pt,9,256
b877c006b7.jpg,photo_to_monet (B2A),../checkpoints/ckpt_final.pt,9,256
b879c75442.jpg,photo_to_monet (B2A),../checkpoints/ckpt_final.pt,9,256
b87f267ffd.jpg,photo_to_monet (B2A),../checkpoints/ckpt_final.pt,9,256
b8800075ea.jpg,photo_to_monet (B2A),../checkpoints/ckpt_final.pt,9,256
b8846a57ce.jpg,photo_to_monet (B2A),../checkpoints/ckpt_final.pt,9,256
b885222b39.jpg,photo_to_monet (B2A),../checkpoints/ckpt_final.pt,9,256
b88710452e.jpg,photo_to_monet (B2A),../checkpoints/ckpt_final.pt,9,256
b88fa19b4b.jpg,photo_to_monet (B2A),../checkpoints/ckpt_final.pt,9,256
b88fd25d37.jpg,photo_to_monet (B2A),../checkpoints/ckpt_final.pt,9,256
b892e182db.jpg,photo_to_monet (B2A),../checkpoints/ckpt_final.pt,9,256
b893e3aa24.jpg,photo_to_monet (B2A),../checkpoints/ckpt_final.pt,9,256
b89aa727f4.jpg,photo_to_monet (B2A),../checkpoints/ckpt_final.pt,9,256
b89d1cc4f1.jpg,photo_to_monet (B2A),../checkpoints/ckpt_final.pt,9,256
b8b21378ef.jpg,photo_to_monet (B2A),../checkpoints/ckpt_final.pt,9,256
b8b5848caa.jpg,photo_to_monet (B2A),../checkpoints/ckpt_final.pt,9,256
b8c23eb503.jpg,photo_to_monet (B2A),../checkpoints/ckpt_final.pt,9,256
b8c6874f96.jpg,photo_to_monet (B2A),../checkpoints/ckpt_final.pt,9,256
b8d30c2ede.jpg,photo_to_monet (B2A),../checkpoints/ckpt_final.pt,9,256
b8dda4b0ed.jpg,photo_to_monet (B2A),../checkpoints/ckpt_final.pt,9,256
b8e1eafdef.jpg,photo_to_monet (B2A),../checkpoints/ckpt_final.pt,9,256
b8e7658517.jpg,photo_to_monet (B2A),../checkpoints/ckpt_final.pt,9,256
b8eb81d31d.jpg,photo_to_monet (B2A),../checkpoints/ckpt_final.pt,9,256
b8f7816f6b.jpg,photo_to_monet (B2A),../checkpoints/ckpt_final.pt,9,256
b90dc41d5d.jpg,photo_to_monet (B2A),../checkpoints/ckpt_final.pt,9,256
b91926eb90.jpg,photo_to_monet (B2A),../checkpoints/ckpt_final.pt,9,256
b924b090f7.jpg,photo_to_monet (B2A),../checkpoints/ckpt_final.pt,9,256
b938642e78.jpg,photo_to_monet (B2A),../checkpoints/ckpt_final.pt,9,256
b939486166.jpg,photo_to_monet (B2A),../checkpoints/ckpt_final.pt,9,256
b952bd214e.jpg,photo_to_monet (B2A),../checkpoints/ckpt_final.pt,9,256
b955e39acf.jpg,photo_to_monet (B2A),../checkpoints/ckpt_final.pt,9,256
b9768c7e52.jpg,photo_to_monet (B2A),../checkpoints/ckpt_final.pt,9,256
b983599509.jpg,photo_to_monet (B2A),../checkpoints/ckpt_final.pt,9,256
b985c8d0f9.jpg,photo_to_monet (B2A),../checkpoints/ckpt_final.pt,9,256
b989430548.jpg,photo_to_monet (B2A),../checkpoints/ckpt_final.pt,9,256
b9902d5a97.jpg,photo_to_monet (B2A),../checkpoints/ckpt_final.pt,9,256
b99379d9e0.jpg,photo_to_monet (B2A),../checkpoints/ckpt_final.pt,9,256
b9973b92ba.jpg,photo_to_monet (B2A),../checkpoints/ckpt_final.pt,9,256
b99824d883.jpg,photo_to_monet (B2A),../checkpoints/ckpt_final.pt,9,256
b9a991202d.jpg,photo_to_monet (B2A),../checkpoints/ckpt_final.pt,9,256
b9bc2a225e.jpg,photo_to_monet (B2A),../checkpoints/ckpt_final.pt,9,256
b9cad6e8c0.jpg,photo_to_monet (B2A),../checkpoints/ckpt_final.pt,9,256
b9cd30a1eb.jpg,photo_to_monet (B2A),../checkpoints/ckpt_final.pt,9,256
b9d2ba2502.jpg,photo_to_monet (B2A),../checkpoints/ckpt_final.pt,9,256
b9d441588e.jpg,photo_to_monet (B2A),../checkpoints/ckpt_final.pt,9,256
b9d6b906b5.jpg,photo_to_monet (B2A),../checkpoints/ckpt_final.pt,9,256
b9de8e1e60.jpg,photo_to_monet (B2A),../checkpoints/ckpt_final.pt,9,256
b9ea51b317.jpg,photo_to_monet (B2A),../checkpoints/ckpt_final.pt,9,256
b9eb4c4e23.jpg,photo_to_monet (B2A),../checkpoints/ckpt_final.pt,9,256
b9f955e5da.jpg,photo_to_monet (B2A),../checkpoints/ckpt_final.pt,9,256
ba3fc5aaf6.jpg,photo_to_monet (B2A),../checkpoints/ckpt_final.pt,9,256
ba4f07f939.jpg,photo_to_monet (B2A),../checkpoints/ckpt_final.pt,9,256
ba57ad5d60.jpg,photo_to_monet (B2A),../checkpoints/ckpt_final.pt,9,256
ba6cdd170e.jpg,photo_to_monet (B2A),../checkpoints/ckpt_final.pt,9,256
ba7c346ee6.jpg,photo_to_monet (B2A),../checkpoints/ckpt_final.pt,9,256
ba7d2f82f3.jpg,photo_to_monet (B2A),../checkpoints/ckpt_final.pt,9,256
ba8511d50b.jpg,photo_to_monet (B2A),../checkpoints/ckpt_final.pt,9,256
ba861fc7fc.jpg,photo_to_monet (B2A),../checkpoints/ckpt_final.pt,9,256
ba900f7b05.jpg,photo_to_monet (B2A),../checkpoints/ckpt_final.pt,9,256
ba93309fda.jpg,photo_to_monet (B2A),../checkpoints/ckpt_final.pt,9,256
baa1ec6741.jpg,photo_to_monet (B2A),../checkpoints/ckpt_final.pt,9,256
baa5eaf58a.jpg,photo_to_monet (B2A),../checkpoints/ckpt_final.pt,9,256
baa60c9bed.jpg,photo_to_monet (B2A),../checkpoints/ckpt_final.pt,9,256
baac2fc0d9.jpg,photo_to_monet (B2A),../checkpoints/ckpt_final.pt,9,256
bab560daee.jpg,photo_to_monet (B2A),../checkpoints/ckpt_final.pt,9,256
bac7bbda07.jpg,photo_to_monet (B2A),../checkpoints/ckpt_final.pt,9,256
baca7c1baf.jpg,photo_to_monet (B2A),../checkpoints/ckpt_final.pt,9,256
bad95e0688.jpg,photo_to_monet (B2A),../checkpoints/ckpt_final.pt,9,256
bae17c2143.jpg,photo_to_monet (B2A),../checkpoints/ckpt_final.pt,9,256
bae6056ca8.jpg,photo_to_monet (B2A),../checkpoints/ckpt_final.pt,9,256
baef9a3993.jpg,photo_to_monet (B2A),../checkpoints/ckpt_final.pt,9,256
bafb1adc1f.jpg,photo_to_monet (B2A),../checkpoints/ckpt_final.pt,9,256
bb017d43a9.jpg,photo_to_monet (B2A),../checkpoints/ckpt_final.pt,9,256
bb15fcc4ff.jpg,photo_to_monet (B2A),../checkpoints/ckpt_final.pt,9,256
bb313a5e16.jpg,photo_to_monet (B2A),../checkpoints/ckpt_final.pt,9,256
bb3377f200.jpg,photo_to_monet (B2A),../checkpoints/ckpt_final.pt,9,256
bb38cedde5.jpg,photo_to_monet (B2A),../checkpoints/ckpt_final.pt,9,256
bb3ef64acd.jpg,photo_to_monet (B2A),../checkpoints/ckpt_final.pt,9,256
bb40b8dd7f.jpg,photo_to_monet (B2A),../checkpoints/ckpt_final.pt,9,256
bb5faf30e9.jpg,photo_to_monet (B2A),../checkpoints/ckpt_final.pt,9,256
bb64125bc2.jpg,photo_to_monet (B2A),../checkpoints/ckpt_final.pt,9,256
bb77850a04.jpg,photo_to_monet (B2A),../checkpoints/ckpt_final.pt,9,256
bb8552f1b5.jpg,photo_to_monet (B2A),../checkpoints/ckpt_final.pt,9,256
bb9d316b1a.jpg,photo_to_monet (B2A),../checkpoints/ckpt_final.pt,9,256
bba5052be8.jpg,photo_to_monet (B2A),../checkpoints/ckpt_final.pt,9,256
bbac847eec.jpg,photo_to_monet (B2A),../checkpoints/ckpt_final.pt,9,256
bbaff218f3.jpg,photo_to_monet (B2A),../checkpoints/ckpt_final.pt,9,256
bbbfda6b8f.jpg,photo_to_monet (B2A),../checkpoints/ckpt_final.pt,9,256
bbc433fec1.jpg,photo_to_monet (B2A),../checkpoints/ckpt_final.pt,9,256
bbc5447377.jpg,photo_to_monet (B2A),../checkpoints/ckpt_final.pt,9,256
bbc6c20473.jpg,photo_to_monet (B2A),../checkpoints/ckpt_final.pt,9,256
bbca95e065.jpg,photo_to_monet (B2A),../checkpoints/ckpt_final.pt,9,256
bbd1178911.jpg,photo_to_monet (B2A),../checkpoints/ckpt_final.pt,9,256
bbe716a5ba.jpg,photo_to_monet (B2A),../checkpoints/ckpt_final.pt,9,256
bbf7c36959.jpg,photo_to_monet (B2A),../checkpoints/ckpt_final.pt,9,256
bbfe762240.jpg,photo_to_monet (B2A),../checkpoints/ckpt_final.pt,9,256
bc00b49aa2.jpg,photo_to_monet (B2A),../checkpoints/ckpt_final.pt,9,256
bc05774cb8.jpg,photo_to_monet (B2A),../checkpoints/ckpt_final.pt,9,256
bc1296f186.jpg,photo_to_monet (B2A),../checkpoints/ckpt_final.pt,9,256
bc1fa09301.jpg,photo_to_monet (B2A),../checkpoints/ckpt_final.pt,9,256
bc320f44ee.jpg,photo_to_monet (B2A),../checkpoints/ckpt_final.pt,9,256
bc34a98e62.jpg,photo_to_monet (B2A),../checkpoints/ckpt_final.pt,9,256
bc3f932980.jpg,photo_to_monet (B2A),../checkpoints/ckpt_final.pt,9,256
bc47393bbe.jpg,photo_to_monet (B2A),../checkpoints/ckpt_final.pt,9,256
bc4cc5e31c.jpg,photo_to_monet (B2A),../checkpoints/ckpt_final.pt,9,256
bc57ed5fda.jpg,photo_to_monet (B2A),../checkpoints/ckpt_final.pt,9,256
bc59db0454.jpg,photo_to_monet (B2A),../checkpoints/ckpt_final.pt,9,256
bc76a34f9d.jpg,photo_to_monet (B2A),../checkpoints/ckpt_final.pt,9,256
bc8579edc4.jpg,photo_to_monet (B2A),../checkpoints/ckpt_final.pt,9,256
bc89a879fd.jpg,photo_to_monet (B2A),../checkpoints/ckpt_final.pt,9,256
bc8e187f4f.jpg,photo_to_monet (B2A),../checkpoints/ckpt_final.pt,9,256
bc97e28ac0.jpg,photo_to_monet (B2A),../checkpoints/ckpt_final.pt,9,256
bc9defc927.jpg,photo_to_monet (B2A),../checkpoints/ckpt_final.pt,9,256
bca6fd9039.jpg,photo_to_monet (B2A),../checkpoints/ckpt_final.pt,9,256
bcad190025.jpg,photo_to_monet (B2A),../checkpoints/ckpt_final.pt,9,256
bcade75bec.jpg,photo_to_monet (B2A),../checkpoints/ckpt_final.pt,9,256
bcae56fbed.jpg,photo_to_monet (B2A),../checkpoints/ckpt_final.pt,9,256
bcc1a87147.jpg,photo_to_monet (B2A),../checkpoints/ckpt_final.pt,9,256
bcc29192c1.jpg,photo_to_monet (B2A),../checkpoints/ckpt_final.pt,9,256
bcde913d1d.jpg,photo_to_monet (B2A),../checkpoints/ckpt_final.pt,9,256
bce46c265e.jpg,photo_to_monet (B2A),../checkpoints/ckpt_final.pt,9,256
bceb077f5d.jpg,photo_to_monet (B2A),../checkpoints/ckpt_final.pt,9,256
bcef4b66e6.jpg,photo_to_monet (B2A),../checkpoints/ckpt_final.pt,9,256
bcf39bcec2.jpg,photo_to_monet (B2A),../checkpoints/ckpt_final.pt,9,256
bcf3ab621b.jpg,photo_to_monet (B2A),../checkpoints/ckpt_final.pt,9,256
bcf3af118c.jpg,photo_to_monet (B2A),../checkpoints/ckpt_final.pt,9,256
bd2893da68.jpg,photo_to_monet (B2A),../checkpoints/ckpt_final.pt,9,256
bd2be5968a.jpg,photo_to_monet (B2A),../checkpoints/ckpt_final.pt,9,256
bd4ff109f0.jpg,photo_to_monet (B2A),../checkpoints/ckpt_final.pt,9,256
bd5056d32e.jpg,photo_to_monet (B2A),../checkpoints/ckpt_final.pt,9,256
bd58f14f67.jpg,photo_to_monet (B2A),../checkpoints/ckpt_final.pt,9,256
bd6006597f.jpg,photo_to_monet (B2A),../checkpoints/ckpt_final.pt,9,256
bd6261963a.jpg,photo_to_monet (B2A),../checkpoints/ckpt_final.pt,9,256
bd6550715b.jpg,photo_to_monet (B2A),../checkpoints/ckpt_final.pt,9,256
bd6902ee43.jpg,photo_to_monet (B2A),../checkpoints/ckpt_final.pt,9,256
bd6a7ec51e.jpg,photo_to_monet (B2A),../checkpoints/ckpt_final.pt,9,256
bd7003b6b6.jpg,photo_to_monet (B2A),../checkpoints/ckpt_final.pt,9,256
bd76d694d4.jpg,photo_to_monet (B2A),../checkpoints/ckpt_final.pt,9,256
bd7e521e90.jpg,photo_to_monet (B2A),../checkpoints/ckpt_final.pt,9,256
bd7e852fb1.jpg,photo_to_monet (B2A),../checkpoints/ckpt_final.pt,9,256
bd81e32444.jpg,photo_to_monet (B2A),../checkpoints/ckpt_final.pt,9,256
bd856bd7d2.jpg,photo_to_monet (B2A),../checkpoints/ckpt_final.pt,9,256
bd9dbd110c.jpg,photo_to_monet (B2A),../checkpoints/ckpt_final.pt,9,256
bda011a946.jpg,photo_to_monet (B2A),../checkpoints/ckpt_final.pt,9,256
bda7612626.jpg,photo_to_monet (B2A),../checkpoints/ckpt_final.pt,9,256
bda7b5b92a.jpg,photo_to_monet (B2A),../checkpoints/ckpt_final.pt,9,256
bda920ef3a.jpg,photo_to_monet (B2A),../checkpoints/ckpt_final.pt,9,256
bdb71b5252.jpg,photo_to_monet (B2A),../checkpoints/ckpt_final.pt,9,256
bdb764be42.jpg,photo_to_monet (B2A),../checkpoints/ckpt_final.pt,9,256
bdb80159b3.jpg,photo_to_monet (B2A),../checkpoints/ckpt_final.pt,9,256
bdcfea4c8d.jpg,photo_to_monet (B2A),../checkpoints/ckpt_final.pt,9,256
bdd2bc2e77.jpg,photo_to_monet (B2A),../checkpoints/ckpt_final.pt,9,256
bdd6cb73e5.jpg,photo_to_monet (B2A),../checkpoints/ckpt_final.pt,9,256
bde2a9e1fa.jpg,photo_to_monet (B2A),../checkpoints/ckpt_final.pt,9,256
bdf3d3a8e5.jpg,photo_to_monet (B2A),../checkpoints/ckpt_final.pt,9,256
bdf8b0c5ad.jpg,photo_to_monet (B2A),../checkpoints/ckpt_final.pt,9,256
be0140dde6.jpg,photo_to_monet (B2A),../checkpoints/ckpt_final.pt,9,256
be17aa711c.jpg,photo_to_monet (B2A),../checkpoints/ckpt_final.pt,9,256
be19b2eac9.jpg,photo_to_monet (B2A),../checkpoints/ckpt_final.pt,9,256
be307d9b2d.jpg,photo_to_monet (B2A),../checkpoints/ckpt_final.pt,9,256
be30ee9635.jpg,photo_to_monet (B2A),../checkpoints/ckpt_final.pt,9,256
be58cca5c2.jpg,photo_to_monet (B2A),../checkpoints/ckpt_final.pt,9,256
be5a727d8a.jpg,photo_to_monet (B2A),../checkpoints/ckpt_final.pt,9,256
be5e1ffaf7.jpg,photo_to_monet (B2A),../checkpoints/ckpt_final.pt,9,256
be66a96894.jpg,photo_to_monet (B2A),../checkpoints/ckpt_final.pt,9,256
be6d9981a3.jpg,photo_to_monet (B2A),../checkpoints/ckpt_final.pt,9,256
be74caa0c9.jpg,photo_to_monet (B2A),../checkpoints/ckpt_final.pt,9,256
be76e135d1.jpg,photo_to_monet (B2A),../checkpoints/ckpt_final.pt,9,256
be7c00594f.jpg,photo_to_monet (B2A),../checkpoints/ckpt_final.pt,9,256
be8015beea.jpg,photo_to_monet (B2A),../checkpoints/ckpt_final.pt,9,256
be87bba931.jpg,photo_to_monet (B2A),../checkpoints/ckpt_final.pt,9,256
be9710f956.jpg,photo_to_monet (B2A),../checkpoints/ckpt_final.pt,9,256
beb00f6bd4.jpg,photo_to_monet (B2A),../checkpoints/ckpt_final.pt,9,256
beb8830662.jpg,photo_to_monet (B2A),../checkpoints/ckpt_final.pt,9,256
bebbb8b76e.jpg,photo_to_monet (B2A),../checkpoints/ckpt_final.pt,9,256
bec2bc2d65.jpg,photo_to_monet (B2A),../checkpoints/ckpt_final.pt,9,256
bec49b01dd.jpg,photo_to_monet (B2A),../checkpoints/ckpt_final.pt,9,256
bec4efcf0e.jpg,photo_to_monet (B2A),../checkpoints/ckpt_final.pt,9,256
becea1ec0d.jpg,photo_to_monet (B2A),../checkpoints/ckpt_final.pt,9,256
bed5847c27.jpg,photo_to_monet (B2A),../checkpoints/ckpt_final.pt,9,256
bed803c046.jpg,photo_to_monet (B2A),../checkpoints/ckpt_final.pt,9,256
bedb0b8e17.jpg,photo_to_monet (B2A),../checkpoints/ckpt_final.pt,9,256
bee0d00197.jpg,photo_to_monet (B2A),../checkpoints/ckpt_final.pt,9,256
bee8605fcd.jpg,photo_to_monet (B2A),../checkpoints/ckpt_final.pt,9,256
bee867c967.jpg,photo_to_monet (B2A),../checkpoints/ckpt_final.pt,9,256
beebd3d7ff.jpg,photo_to_monet (B2A),../checkpoints/ckpt_final.pt,9,256
beec4e482c.jpg,photo_to_monet (B2A),../checkpoints/ckpt_final.pt,9,256
bf07ab5c4a.jpg,photo_to_monet (B2A),../checkpoints/ckpt_final.pt,9,256
bf0e0a58a4.jpg,photo_to_monet (B2A),../checkpoints/ckpt_final.pt,9,256
bf2216d133.jpg,photo_to_monet (B2A),../checkpoints/ckpt_final.pt,9,256
bf28de635c.jpg,photo_to_monet (B2A),../checkpoints/ckpt_final.pt,9,256
bf36a527ab.jpg,photo_to_monet (B2A),../checkpoints/ckpt_final.pt,9,256
bf3ece26c1.jpg,photo_to_monet (B2A),../checkpoints/ckpt_final.pt,9,256
bf6062190e.jpg,photo_to_monet (B2A),../checkpoints/ckpt_final.pt,9,256
bf61f9adb1.jpg,photo_to_monet (B2A),../checkpoints/ckpt_final.pt,9,256
bf6ed52f2c.jpg,photo_to_monet (B2A),../checkpoints/ckpt_final.pt,9,256
bf72b298bc.jpg,photo_to_monet (B2A),../checkpoints/ckpt_final.pt,9,256
bf7b0e4b1f.jpg,photo_to_monet (B2A),../checkpoints/ckpt_final.pt,9,256
bf8f3d28ae.jpg,photo_to_monet (B2A),../checkpoints/ckpt_final.pt,9,256
bf918a456c.jpg,photo_to_monet (B2A),../checkpoints/ckpt_final.pt,9,256
bf94cca435.jpg,photo_to_monet (B2A),../checkpoints/ckpt_final.pt,9,256
bf964262b6.jpg,photo_to_monet (B2A),../checkpoints/ckpt_final.pt,9,256
bfc6144838.jpg,photo_to_monet (B2A),../checkpoints/ckpt_final.pt,9,256
bfc622bb44.jpg,photo_to_monet (B2A),../checkpoints/ckpt_final.pt,9,256
c006c643f8.jpg,photo_to_monet (B2A),../checkpoints/ckpt_final.pt,9,256
c009f9904a.jpg,photo_to_monet (B2A),../checkpoints/ckpt_final.pt,9,256
c013680118.jpg,photo_to_monet (B2A),../checkpoints/ckpt_final.pt,9,256
c015570ab7.jpg,photo_to_monet (B2A),../checkpoints/ckpt_final.pt,9,256
c017fac753.jpg,photo_to_monet (B2A),../checkpoints/ckpt_final.pt,9,256
c018d5dbf7.jpg,photo_to_monet (B2A),../checkpoints/ckpt_final.pt,9,256
c0287a48f4.jpg,photo_to_monet (B2A),../checkpoints/ckpt_final.pt,9,256
c02e89c4d3.jpg,photo_to_monet (B2A),../checkpoints/ckpt_final.pt,9,256
c0301eeaaf.jpg,photo_to_monet (B2A),../checkpoints/ckpt_final.pt,9,256
c031d1622c.jpg,photo_to_monet (B2A),../checkpoints/ckpt_final.pt,9,256
c03cf43784.jpg,photo_to_monet (B2A),../checkpoints/ckpt_final.pt,9,256
c0511e5414.jpg,photo_to_monet (B2A),../checkpoints/ckpt_final.pt,9,256
c06ff30cd5.jpg,photo_to_monet (B2A),../checkpoints/ckpt_final.pt,9,256
c0757c90f9.jpg,photo_to_monet (B2A),../checkpoints/ckpt_final.pt,9,256
c081f34667.jpg,photo_to_monet (B2A),../checkpoints/ckpt_final.pt,9,256
c0876f3b2b.jpg,photo_to_monet (B2A),../checkpoints/ckpt_final.pt,9,256
c08ee1f5aa.jpg,photo_to_monet (B2A),../checkpoints/ckpt_final.pt,9,256
c09421b98c.jpg,photo_to_monet (B2A),../checkpoints/ckpt_final.pt,9,256
c09cd67282.jpg,photo_to_monet (B2A),../checkpoints/ckpt_final.pt,9,256
c0a3fb3571.jpg,photo_to_monet (B2A),../checkpoints/ckpt_final.pt,9,256
c0a72ce31e.jpg,photo_to_monet (B2A),../checkpoints/ckpt_final.pt,9,256
c0b55c941e.jpg,photo_to_monet (B2A),../checkpoints/ckpt_final.pt,9,256
c0b977acfb.jpg,photo_to_monet (B2A),../checkpoints/ckpt_final.pt,9,256
c0be01b9c9.jpg,photo_to_monet (B2A),../checkpoints/ckpt_final.pt,9,256
c0c0e3575b.jpg,photo_to_monet (B2A),../checkpoints/ckpt_final.pt,9,256
c0e7dfa5ed.jpg,photo_to_monet (B2A),../checkpoints/ckpt_final.pt,9,256
c0f19d6031.jpg,photo_to_monet (B2A),../checkpoints/ckpt_final.pt,9,256
c0fe7fd0a7.jpg,photo_to_monet (B2A),../checkpoints/ckpt_final.pt,9,256
c10183721e.jpg,photo_to_monet (B2A),../checkpoints/ckpt_final.pt,9,256
c1114abb60.jpg,photo_to_monet (B2A),../checkpoints/ckpt_final.pt,9,256
c123f051ca.jpg,photo_to_monet (B2A),../checkpoints/ckpt_final.pt,9,256
c125e1a1f6.jpg,photo_to_monet (B2A),../checkpoints/ckpt_final.pt,9,256
c1294c7cd9.jpg,photo_to_monet (B2A),../checkpoints/ckpt_final.pt,9,256
c12c1c978e.jpg,photo_to_monet (B2A),../checkpoints/ckpt_final.pt,9,256
c12e14b962.jpg,photo_to_monet (B2A),../checkpoints/ckpt_final.pt,9,256
c1339587e8.jpg,photo_to_monet (B2A),../checkpoints/ckpt_final.pt,9,256
c137e13300.jpg,photo_to_monet (B2A),../checkpoints/ckpt_final.pt,9,256
c14426ebfc.jpg,photo_to_monet (B2A),../checkpoints/ckpt_final.pt,9,256
c15a72a99a.jpg,photo_to_monet (B2A),../checkpoints/ckpt_final.pt,9,256
c16ed7863f.jpg,photo_to_monet (B2A),../checkpoints/ckpt_final.pt,9,256
c190aa34f8.jpg,photo_to_monet (B2A),../checkpoints/ckpt_final.pt,9,256
c19312ad74.jpg,photo_to_monet (B2A),../checkpoints/ckpt_final.pt,9,256
c1972547d1.jpg,photo_to_monet (B2A),../checkpoints/ckpt_final.pt,9,256
c1a8c428f6.jpg,photo_to_monet (B2A),../checkpoints/ckpt_final.pt,9,256
c1b1ad3d68.jpg,photo_to_monet (B2A),../checkpoints/ckpt_final.pt,9,256
c1b2b47959.jpg,photo_to_monet (B2A),../checkpoints/ckpt_final.pt,9,256
c1b7f78159.jpg,photo_to_monet (B2A),../checkpoints/ckpt_final.pt,9,256
c1c634b4eb.jpg,photo_to_monet (B2A),../checkpoints/ckpt_final.pt,9,256
c1d0fe9abe.jpg,photo_to_monet (B2A),../checkpoints/ckpt_final.pt,9,256
c1d5a31a74.jpg,photo_to_monet (B2A),../checkpoints/ckpt_final.pt,9,256
c1e5b119c4.jpg,photo_to_monet (B2A),../checkpoints/ckpt_final.pt,9,256
c1f932fee3.jpg,photo_to_monet (B2A),../checkpoints/ckpt_final.pt,9,256
c1f9da41e1.jpg,photo_to_monet (B2A),../checkpoints/ckpt_final.pt,9,256
c1fb81bcfa.jpg,photo_to_monet (B2A),../checkpoints/ckpt_final.pt,9,256
c2266bed41.jpg,photo_to_monet (B2A),../checkpoints/ckpt_final.pt,9,256
c2307e363e.jpg,photo_to_monet (B2A),../checkpoints/ckpt_final.pt,9,256
c236cbe5eb.jpg,photo_to_monet (B2A),../checkpoints/ckpt_final.pt,9,256
c236d99e18.jpg,photo_to_monet (B2A),../checkpoints/ckpt_final.pt,9,256
c23e040ff8.jpg,photo_to_monet (B2A),../checkpoints/ckpt_final.pt,9,256
c2607646ad.jpg,photo_to_monet (B2A),../checkpoints/ckpt_final.pt,9,256
c262fe08f9.jpg,photo_to_monet (B2A),../checkpoints/ckpt_final.pt,9,256
c2656884dd.jpg,photo_to_monet (B2A),../checkpoints/ckpt_final.pt,9,256
c26e1a3dea.jpg,photo_to_monet (B2A),../checkpoints/ckpt_final.pt,9,256
c2708f8a47.jpg,photo_to_monet (B2A),../checkpoints/ckpt_final.pt,9,256
c27ca11d75.jpg,photo_to_monet (B2A),../checkpoints/ckpt_final.pt,9,256
c280ccdd9b.jpg,photo_to_monet (B2A),../checkpoints/ckpt_final.pt,9,256
c284ce5f6f.jpg,photo_to_monet (B2A),../checkpoints/ckpt_final.pt,9,256
c2869dc39f.jpg,photo_to_monet (B2A),../checkpoints/ckpt_final.pt,9,256
c287068c8b.jpg,photo_to_monet (B2A),../checkpoints/ckpt_final.pt,9,256
c29a81a99d.jpg,photo_to_monet (B2A),../checkpoints/ckpt_final.pt,9,256
c2acbc2675.jpg,photo_to_monet (B2A),../checkpoints/ckpt_final.pt,9,256
c2b79f204d.jpg,photo_to_monet (B2A),../checkpoints/ckpt_final.pt,9,256
c2c2cd230b.jpg,photo_to_monet (B2A),../checkpoints/ckpt_final.pt,9,256
c2d01b1977.jpg,photo_to_monet (B2A),../checkpoints/ckpt_final.pt,9,256
c2d909e551.jpg,photo_to_monet (B2A),../checkpoints/ckpt_final.pt,9,256
c2dfec8e9a.jpg,photo_to_monet (B2A),../checkpoints/ckpt_final.pt,9,256
c2e0f637ed.jpg,photo_to_monet (B2A),../checkpoints/ckpt_final.pt,9,256
c2f49209fa.jpg,photo_to_monet (B2A),../checkpoints/ckpt_final.pt,9,256
c2fe4fa436.jpg,photo_to_monet (B2A),../checkpoints/ckpt_final.pt,9,256
c303744625.jpg,photo_to_monet (B2A),../checkpoints/ckpt_final.pt,9,256
c315adb658.jpg,photo_to_monet (B2A),../checkpoints/ckpt_final.pt,9,256
c31cad8dc1.jpg,photo_to_monet (B2A),../checkpoints/ckpt_final.pt,9,256
c329a43ef8.jpg,photo_to_monet (B2A),../checkpoints/ckpt_final.pt,9,256
c362a50b71.jpg,photo_to_monet (B2A),../checkpoints/ckpt_final.pt,9,256
c36ee485ab.jpg,photo_to_monet (B2A),../checkpoints/ckpt_final.pt,9,256
c373467807.jpg,photo_to_monet (B2A),../checkpoints/ckpt_final.pt,9,256
c37e6749d1.jpg,photo_to_monet (B2A),../checkpoints/ckpt_final.pt,9,256
c38cd66489.jpg,photo_to_monet (B2A),../checkpoints/ckpt_final.pt,9,256
c398543807.jpg,photo_to_monet (B2A),../checkpoints/ckpt_final.pt,9,256
c39ac686c7.jpg,photo_to_monet (B2A),../checkpoints/ckpt_final.pt,9,256
c3ae8d9885.jpg,photo_to_monet (B2A),../checkpoints/ckpt_final.pt,9,256
c3b0c7adb5.jpg,photo_to_monet (B2A),../checkpoints/ckpt_final.pt,9,256
c3b262e6c5.jpg,photo_to_monet (B2A),../checkpoints/ckpt_final.pt,9,256
c3b45ccdf0.jpg,photo_to_monet (B2A),../checkpoints/ckpt_final.pt,9,256
c3c8443027.jpg,photo_to_monet (B2A),../checkpoints/ckpt_final.pt,9,256
c3d7a24d73.jpg,photo_to_monet (B2A),../checkpoints/ckpt_final.pt,9,256
c3e565166e.jpg,photo_to_monet (B2A),../checkpoints/ckpt_final.pt,9,256
c3e6b45f00.jpg,photo_to_monet (B2A),../checkpoints/ckpt_final.pt,9,256
c3f82846fa.jpg,photo_to_monet (B2A),../checkpoints/ckpt_final.pt,9,256
c40157edb5.jpg,photo_to_monet (B2A),../checkpoints/ckpt_final.pt,9,256
c419f70dc7.jpg,photo_to_monet (B2A),../checkpoints/ckpt_final.pt,9,256
c41d11bc49.jpg,photo_to_monet (B2A),../checkpoints/ckpt_final.pt,9,256
c428c52f81.jpg,photo_to_monet (B2A),../checkpoints/ckpt_final.pt,9,256
c456016d2d.jpg,photo_to_monet (B2A),../checkpoints/ckpt_final.pt,9,256
c458ed7411.jpg,photo_to_monet (B2A),../checkpoints/ckpt_final.pt,9,256
c45ddef2b3.jpg,photo_to_monet (B2A),../checkpoints/ckpt_final.pt,9,256
c46fcd1a80.jpg,photo_to_monet (B2A),../checkpoints/ckpt_final.pt,9,256
c470eb30ef.jpg,photo_to_monet (B2A),../checkpoints/ckpt_final.pt,9,256
c47e602b0b.jpg,photo_to_monet (B2A),../checkpoints/ckpt_final.pt,9,256
c47e788e86.jpg,photo_to_monet (B2A),../checkpoints/ckpt_final.pt,9,256
c4808eb22d.jpg,photo_to_monet (B2A),../checkpoints/ckpt_final.pt,9,256
c48dd873be.jpg,photo_to_monet (B2A),../checkpoints/ckpt_final.pt,9,256
c4bdcb6dd9.jpg,photo_to_monet (B2A),../checkpoints/ckpt_final.pt,9,256
c4c39ac3f9.jpg,photo_to_monet (B2A),../checkpoints/ckpt_final.pt,9,256
c4ced9cad1.jpg,photo_to_monet (B2A),../checkpoints/ckpt_final.pt,9,256
c4d6a7c8a9.jpg,photo_to_monet (B2A),../checkpoints/ckpt_final.pt,9,256
c4d73047e1.jpg,photo_to_monet (B2A),../checkpoints/ckpt_final.pt,9,256
c4d8884b3c.jpg,photo_to_monet (B2A),../checkpoints/ckpt_final.pt,9,256
c4d8c03cf8.jpg,photo_to_monet (B2A),../checkpoints/ckpt_final.pt,9,256
c4d9fbfb1f.jpg,photo_to_monet (B2A),../checkpoints/ckpt_final.pt,9,256
c4db21f52d.jpg,photo_to_monet (B2A),../checkpoints/ckpt_final.pt,9,256
c4e15cdce1.jpg,photo_to_monet (B2A),../checkpoints/ckpt_final.pt,9,256
c4e6130960.jpg,photo_to_monet (B2A),../checkpoints/ckpt_final.pt,9,256
c4f7170246.jpg,photo_to_monet (B2A),../checkpoints/ckpt_final.pt,9,256
c4fd20f2ce.jpg,photo_to_monet (B2A),../checkpoints/ckpt_final.pt,9,256
c50547f5fc.jpg,photo_to_monet (B2A),../checkpoints/ckpt_final.pt,9,256
c50837aa54.jpg,photo_to_monet (B2A),../checkpoints/ckpt_final.pt,9,256
c52044fdd2.jpg,photo_to_monet (B2A),../checkpoints/ckpt_final.pt,9,256
c524c49931.jpg,photo_to_monet (B2A),../checkpoints/ckpt_final.pt,9,256
c525d82983.jpg,photo_to_monet (B2A),../checkpoints/ckpt_final.pt,9,256
c525dc1668.jpg,photo_to_monet (B2A),../checkpoints/ckpt_final.pt,9,256
c526e4cab7.jpg,photo_to_monet (B2A),../checkpoints/ckpt_final.pt,9,256
c52cb8c926.jpg,photo_to_monet (B2A),../checkpoints/ckpt_final.pt,9,256
c531391a54.jpg,photo_to_monet (B2A),../checkpoints/ckpt_final.pt,9,256
c5440d3858.jpg,photo_to_monet (B2A),../checkpoints/ckpt_final.pt,9,256
c5496898d9.jpg,photo_to_monet (B2A),../checkpoints/ckpt_final.pt,9,256
c54c5368af.jpg,photo_to_monet (B2A),../checkpoints/ckpt_final.pt,9,256
c5656a3bc2.jpg,photo_to_monet (B2A),../checkpoints/ckpt_final.pt,9,256
c570a774e2.jpg,photo_to_monet (B2A),../checkpoints/ckpt_final.pt,9,256
c57cb4cc7d.jpg,photo_to_monet (B2A),../checkpoints/ckpt_final.pt,9,256
c57ecc2387.jpg,photo_to_monet (B2A),../checkpoints/ckpt_final.pt,9,256
c58fea646b.jpg,photo_to_monet (B2A),../checkpoints/ckpt_final.pt,9,256
c5921d07d4.jpg,photo_to_monet (B2A),../checkpoints/ckpt_final.pt,9,256
c595a52c39.jpg,photo_to_monet (B2A),../checkpoints/ckpt_final.pt,9,256
c598a0b020.jpg,photo_to_monet (B2A),../checkpoints/ckpt_final.pt,9,256
c59d7d374c.jpg,photo_to_monet (B2A),../checkpoints/ckpt_final.pt,9,256
c5a2b9c91c.jpg,photo_to_monet (B2A),../checkpoints/ckpt_final.pt,9,256
c5acb37086.jpg,photo_to_monet (B2A),../checkpoints/ckpt_final.pt,9,256
c5b7abcf1a.jpg,photo_to_monet (B2A),../checkpoints/ckpt_final.pt,9,256
c5c1ce91be.jpg,photo_to_monet (B2A),../checkpoints/ckpt_final.pt,9,256
c5c637557c.jpg,photo_to_monet (B2A),../checkpoints/ckpt_final.pt,9,256
c5df072a87.jpg,photo_to_monet (B2A),../checkpoints/ckpt_final.pt,9,256
c5e14d505f.jpg,photo_to_monet (B2A),../checkpoints/ckpt_final.pt,9,256
c5e6a04538.jpg,photo_to_monet (B2A),../checkpoints/ckpt_final.pt,9,256
c5ec21dc91.jpg,photo_to_monet (B2A),../checkpoints/ckpt_final.pt,9,256
c5edeee0c7.jpg,photo_to_monet (B2A),../checkpoints/ckpt_final.pt,9,256
c5f84dbc49.jpg,photo_to_monet (B2A),../checkpoints/ckpt_final.pt,9,256
c6023eafa9.jpg,photo_to_monet (B2A),../checkpoints/ckpt_final.pt,9,256
c602fe2139.jpg,photo_to_monet (B2A),../checkpoints/ckpt_final.pt,9,256
c60ce9a7c7.jpg,photo_to_monet (B2A),../checkpoints/ckpt_final.pt,9,256
c6145ae196.jpg,photo_to_monet (B2A),../checkpoints/ckpt_final.pt,9,256
c61687bbf7.jpg,photo_to_monet (B2A),../checkpoints/ckpt_final.pt,9,256
c61c78d0ca.jpg,photo_to_monet (B2A),../checkpoints/ckpt_final.pt,9,256
c62219be8a.jpg,photo_to_monet (B2A),../checkpoints/ckpt_final.pt,9,256
c63612e996.jpg,photo_to_monet (B2A),../checkpoints/ckpt_final.pt,9,256
c6500baba8.jpg,photo_to_monet (B2A),../checkpoints/ckpt_final.pt,9,256
c65d66d192.jpg,photo_to_monet (B2A),../checkpoints/ckpt_final.pt,9,256
c6677c412d.jpg,photo_to_monet (B2A),../checkpoints/ckpt_final.pt,9,256
c673cb8573.jpg,photo_to_monet (B2A),../checkpoints/ckpt_final.pt,9,256
c67451f208.jpg,photo_to_monet (B2A),../checkpoints/ckpt_final.pt,9,256
c68341c3b7.jpg,photo_to_monet (B2A),../checkpoints/ckpt_final.pt,9,256
c686b36f96.jpg,photo_to_monet (B2A),../checkpoints/ckpt_final.pt,9,256
c6881f63ec.jpg,photo_to_monet (B2A),../checkpoints/ckpt_final.pt,9,256
c6a2fbabf7.jpg,photo_to_monet (B2A),../checkpoints/ckpt_final.pt,9,256
c6a4a9aeb2.jpg,photo_to_monet (B2A),../checkpoints/ckpt_final.pt,9,256
c6a58d81ef.jpg,photo_to_monet (B2A),../checkpoints/ckpt_final.pt,9,256
c6ad8bd40d.jpg,photo_to_monet (B2A),../checkpoints/ckpt_final.pt,9,256
c6aea7cf4f.jpg,photo_to_monet (B2A),../checkpoints/ckpt_final.pt,9,256
c6af326883.jpg,photo_to_monet (B2A),../checkpoints/ckpt_final.pt,9,256
c6b10318be.jpg,photo_to_monet (B2A),../checkpoints/ckpt_final.pt,9,256
c6c4b33994.jpg,photo_to_monet (B2A),../checkpoints/ckpt_final.pt,9,256
c6d9ef38ee.jpg,photo_to_monet (B2A),../checkpoints/ckpt_final.pt,9,256
c6e35b7a8e.jpg,photo_to_monet (B2A),../checkpoints/ckpt_final.pt,9,256
c6f400cade.jpg,photo_to_monet (B2A),../checkpoints/ckpt_final.pt,9,256
c6f871bb47.jpg,photo_to_monet (B2A),../checkpoints/ckpt_final.pt,9,256
c7043864d2.jpg,photo_to_monet (B2A),../checkpoints/ckpt_final.pt,9,256
c72720ffb0.jpg,photo_to_monet (B2A),../checkpoints/ckpt_final.pt,9,256
c736950d4e.jpg,photo_to_monet (B2A),../checkpoints/ckpt_final.pt,9,256
c7380a0fa2.jpg,photo_to_monet (B2A),../checkpoints/ckpt_final.pt,9,256
c73d060b7f.jpg,photo_to_monet (B2A),../checkpoints/ckpt_final.pt,9,256
c7427a066e.jpg,photo_to_monet (B2A),../checkpoints/ckpt_final.pt,9,256
c74314fb5c.jpg,photo_to_monet (B2A),../checkpoints/ckpt_final.pt,9,256
c748dcc2c7.jpg,photo_to_monet (B2A),../checkpoints/ckpt_final.pt,9,256
c74ae24a89.jpg,photo_to_monet (B2A),../checkpoints/ckpt_final.pt,9,256
c7608e5539.jpg,photo_to_monet (B2A),../checkpoints/ckpt_final.pt,9,256
c7622b657d.jpg,photo_to_monet (B2A),../checkpoints/ckpt_final.pt,9,256
c76acdaaa5.jpg,photo_to_monet (B2A),../checkpoints/ckpt_final.pt,9,256
c7736d8864.jpg,photo_to_monet (B2A),../checkpoints/ckpt_final.pt,9,256
c7736e2c50.jpg,photo_to_monet (B2A),../checkpoints/ckpt_final.pt,9,256
c77ecc882a.jpg,photo_to_monet (B2A),../checkpoints/ckpt_final.pt,9,256
c78308fb1e.jpg,photo_to_monet (B2A),../checkpoints/ckpt_final.pt,9,256
c7880ba0c2.jpg,photo_to_monet (B2A),../checkpoints/ckpt_final.pt,9,256
c788baf225.jpg,photo_to_monet (B2A),../checkpoints/ckpt_final.pt,9,256
c78a6e867e.jpg,photo_to_monet (B2A),../checkpoints/ckpt_final.pt,9,256
c78bc2db57.jpg,photo_to_monet (B2A),../checkpoints/ckpt_final.pt,9,256
c793220e43.jpg,photo_to_monet (B2A),../checkpoints/ckpt_final.pt,9,256
c7bf31ca58.jpg,photo_to_monet (B2A),../checkpoints/ckpt_final.pt,9,256
c7cc509a06.jpg,photo_to_monet (B2A),../checkpoints/ckpt_final.pt,9,256
c7d0dc1d10.jpg,photo_to_monet (B2A),../checkpoints/ckpt_final.pt,9,256
c7eaf9c07a.jpg,photo_to_monet (B2A),../checkpoints/ckpt_final.pt,9,256
c7f524e16e.jpg,photo_to_monet (B2A),../checkpoints/ckpt_final.pt,9,256
c7f9e63db6.jpg,photo_to_monet (B2A),../checkpoints/ckpt_final.pt,9,256
c80007786e.jpg,photo_to_monet (B2A),../checkpoints/ckpt_final.pt,9,256
c81299eae0.jpg,photo_to_monet (B2A),../checkpoints/ckpt_final.pt,9,256
c8185b191d.jpg,photo_to_monet (B2A),../checkpoints/ckpt_final.pt,9,256
c81b6373f2.jpg,photo_to_monet (B2A),../checkpoints/ckpt_final.pt,9,256
c81c856677.jpg,photo_to_monet (B2A),../checkpoints/ckpt_final.pt,9,256
c82080c8de.jpg,photo_to_monet (B2A),../checkpoints/ckpt_final.pt,9,256
c82b51e41e.jpg,photo_to_monet (B2A),../checkpoints/ckpt_final.pt,9,256
c840700a72.jpg,photo_to_monet (B2A),../checkpoints/ckpt_final.pt,9,256
c84627330d.jpg,photo_to_monet (B2A),../checkpoints/ckpt_final.pt,9,256
c84660744f.jpg,photo_to_monet (B2A),../checkpoints/ckpt_final.pt,9,256
c851e6f6e0.jpg,photo_to_monet (B2A),../checkpoints/ckpt_final.pt,9,256
c8549dd38b.jpg,photo_to_monet (B2A),../checkpoints/ckpt_final.pt,9,256
c86587b1e8.jpg,photo_to_monet (B2A),../checkpoints/ckpt_final.pt,9,256
c8694cefc7.jpg,photo_to_monet (B2A),../checkpoints/ckpt_final.pt,9,256
c86a62e6d2.jpg,photo_to_monet (B2A),../checkpoints/ckpt_final.pt,9,256
c86f9ec4f7.jpg,photo_to_monet (B2A),../checkpoints/ckpt_final.pt,9,256
c87264d97f.jpg,photo_to_monet (B2A),../checkpoints/ckpt_final.pt,9,256
c88254adbe.jpg,photo_to_monet (B2A),../checkpoints/ckpt_final.pt,9,256
c882d8abac.jpg,photo_to_monet (B2A),../checkpoints/ckpt_final.pt,9,256
c8840a2e27.jpg,photo_to_monet (B2A),../checkpoints/ckpt_final.pt,9,256
c889794bf7.jpg,photo_to_monet (B2A),../checkpoints/ckpt_final.pt,9,256
c891a570bb.jpg,photo_to_monet (B2A),../checkpoints/ckpt_final.pt,9,256
c893f6e167.jpg,photo_to_monet (B2A),../checkpoints/ckpt_final.pt,9,256
c898f3300d.jpg,photo_to_monet (B2A),../checkpoints/ckpt_final.pt,9,256
c89c107b5b.jpg,photo_to_monet (B2A),../checkpoints/ckpt_final.pt,9,256
c8a8274cb3.jpg,photo_to_monet (B2A),../checkpoints/ckpt_final.pt,9,256
c8a9cfa14c.jpg,photo_to_monet (B2A),../checkpoints/ckpt_final.pt,9,256
c8baedacff.jpg,photo_to_monet (B2A),../checkpoints/ckpt_final.pt,9,256
c8bd9caef0.jpg,photo_to_monet (B2A),../checkpoints/ckpt_final.pt,9,256
c8c45ad5f1.jpg,photo_to_monet (B2A),../checkpoints/ckpt_final.pt,9,256
c8cb8e85e7.jpg,photo_to_monet (B2A),../checkpoints/ckpt_final.pt,9,256
c8d05086f2.jpg,photo_to_monet (B2A),../checkpoints/ckpt_final.pt,9,256
c8d6f98b20.jpg,photo_to_monet (B2A),../checkpoints/ckpt_final.pt,9,256
c8da3631bf.jpg,photo_to_monet (B2A),../checkpoints/ckpt_final.pt,9,256
c8ea1e9ef3.jpg,photo_to_monet (B2A),../checkpoints/ckpt_final.pt,9,256
c8ed12953b.jpg,photo_to_monet (B2A),../checkpoints/ckpt_final.pt,9,256
c8f1b865ca.jpg,photo_to_monet (B2A),../checkpoints/ckpt_final.pt,9,256
c8f7e3f9ee.jpg,photo_to_monet (B2A),../checkpoints/ckpt_final.pt,9,256
c9020a4441.jpg,photo_to_monet (B2A),../checkpoints/ckpt_final.pt,9,256
c90b0c1ad5.jpg,photo_to_monet (B2A),../checkpoints/ckpt_final.pt,9,256
c91473f497.jpg,photo_to_monet (B2A),../checkpoints/ckpt_final.pt,9,256
c91c752661.jpg,photo_to_monet (B2A),../checkpoints/ckpt_final.pt,9,256
c925172e83.jpg,photo_to_monet (B2A),../checkpoints/ckpt_final.pt,9,256
c9347e1e7b.jpg,photo_to_monet (B2A),../checkpoints/ckpt_final.pt,9,256
c936589fe5.jpg,photo_to_monet (B2A),../checkpoints/ckpt_final.pt,9,256
c9377ac739.jpg,photo_to_monet (B2A),../checkpoints/ckpt_final.pt,9,256
c943d77639.jpg,photo_to_monet (B2A),../checkpoints/ckpt_final.pt,9,256
c950a3f6af.jpg,photo_to_monet (B2A),../checkpoints/ckpt_final.pt,9,256
c9596992ba.jpg,photo_to_monet (B2A),../checkpoints/ckpt_final.pt,9,256
c963de7b44.jpg,photo_to_monet (B2A),../checkpoints/ckpt_final.pt,9,256
c965459a49.jpg,photo_to_monet (B2A),../checkpoints/ckpt_final.pt,9,256
c9677c2983.jpg,photo_to_monet (B2A),../checkpoints/ckpt_final.pt,9,256
c96ca42d91.jpg,photo_to_monet (B2A),../checkpoints/ckpt_final.pt,9,256
c974562e36.jpg,photo_to_monet (B2A),../checkpoints/ckpt_final.pt,9,256
c97cfcba7e.jpg,photo_to_monet (B2A),../checkpoints/ckpt_final.pt,9,256
c9823e7ce1.jpg,photo_to_monet (B2A),../checkpoints/ckpt_final.pt,9,256
c983c41dd9.jpg,photo_to_monet (B2A),../checkpoints/ckpt_final.pt,9,256
c986b6924c.jpg,photo_to_monet (B2A),../checkpoints/ckpt_final.pt,9,256
c98a568b5d.jpg,photo_to_monet (B2A),../checkpoints/ckpt_final.pt,9,256
c9aea3d9d6.jpg,photo_to_monet (B2A),../checkpoints/ckpt_final.pt,9,256
c9afde6424.jpg,photo_to_monet (B2A),../checkpoints/ckpt_final.pt,9,256
c9bca1b8ea.jpg,photo_to_monet (B2A),../checkpoints/ckpt_final.pt,9,256
c9bdf7e5df.jpg,photo_to_monet (B2A),../checkpoints/ckpt_final.pt,9,256
c9c007ddc3.jpg,photo_to_monet (B2A),../checkpoints/ckpt_final.pt,9,256
c9c6d6eb3a.jpg,photo_to_monet (B2A),../checkpoints/ckpt_final.pt,9,256
c9cba4bd0e.jpg,photo_to_monet (B2A),../checkpoints/ckpt_final.pt,9,256
c9d20d84df.jpg,photo_to_monet (B2A),../checkpoints/ckpt_final.pt,9,256
c9d61587a2.jpg,photo_to_monet (B2A),../checkpoints/ckpt_final.pt,9,256
c9e242367f.jpg,photo_to_monet (B2A),../checkpoints/ckpt_final.pt,9,256
c9e589eb2d.jpg,photo_to_monet (B2A),../checkpoints/ckpt_final.pt,9,256
c9ff68f5a2.jpg,photo_to_monet (B2A),../checkpoints/ckpt_final.pt,9,256
ca048034a1.jpg,photo_to_monet (B2A),../checkpoints/ckpt_final.pt,9,256
ca1c1e0ab4.jpg,photo_to_monet (B2A),../checkpoints/ckpt_final.pt,9,256
ca2d56ade5.jpg,photo_to_monet (B2A),../checkpoints/ckpt_final.pt,9,256
ca350be337.jpg,photo_to_monet (B2A),../checkpoints/ckpt_final.pt,9,256
ca386d38d2.jpg,photo_to_monet (B2A),../checkpoints/ckpt_final.pt,9,256
ca4170de40.jpg,photo_to_monet (B2A),../checkpoints/ckpt_final.pt,9,256
ca4a5b1d15.jpg,photo_to_monet (B2A),../checkpoints/ckpt_final.pt,9,256
ca6254d8af.jpg,photo_to_monet (B2A),../checkpoints/ckpt_final.pt,9,256
ca62c55ebe.jpg,photo_to_monet (B2A),../checkpoints/ckpt_final.pt,9,256
ca66e77e70.jpg,photo_to_monet (B2A),../checkpoints/ckpt_final.pt,9,256
ca6833900f.jpg,photo_to_monet (B2A),../checkpoints/ckpt_final.pt,9,256
ca772b116e.jpg,photo_to_monet (B2A),../checkpoints/ckpt_final.pt,9,256
ca7b9ae1dd.jpg,photo_to_monet (B2A),../checkpoints/ckpt_final.pt,9,256
ca7ef68a39.jpg,photo_to_monet (B2A),../checkpoints/ckpt_final.pt,9,256
ca989796e8.jpg,photo_to_monet (B2A),../checkpoints/ckpt_final.pt,9,256
caa1dcc886.jpg,photo_to_monet (B2A),../checkpoints/ckpt_final.pt,9,256
caa6d72fa5.jpg,photo_to_monet (B2A),../checkpoints/ckpt_final.pt,9,256
cac056399a.jpg,photo_to_monet (B2A),../checkpoints/ckpt_final.pt,9,256
cac112db80.jpg,photo_to_monet (B2A),../checkpoints/ckpt_final.pt,9,256
cacfe238bb.jpg,photo_to_monet (B2A),../checkpoints/ckpt_final.pt,9,256
cae6f0d5e8.jpg,photo_to_monet (B2A),../checkpoints/ckpt_final.pt,9,256
caf18820a4.jpg,photo_to_monet (B2A),../checkpoints/ckpt_final.pt,9,256
cafbfecee1.jpg,photo_to_monet (B2A),../checkpoints/ckpt_final.pt,9,256
cafe98985e.jpg,photo_to_monet (B2A),../checkpoints/ckpt_final.pt,9,256
caff162d50.jpg,photo_to_monet (B2A),../checkpoints/ckpt_final.pt,9,256
cb07b1bb83.jpg,photo_to_monet (B2A),../checkpoints/ckpt_final.pt,9,256
cb09a699d1.jpg,photo_to_monet (B2A),../checkpoints/ckpt_final.pt,9,256
cb0fc9a127.jpg,photo_to_monet (B2A),../checkpoints/ckpt_final.pt,9,256
cb15285d36.jpg,photo_to_monet (B2A),../checkpoints/ckpt_final.pt,9,256
cb165748bf.jpg,photo_to_monet (B2A),../checkpoints/ckpt_final.pt,9,256
cb324a9122.jpg,photo_to_monet (B2A),../checkpoints/ckpt_final.pt,9,256
cb4aa83692.jpg,photo_to_monet (B2A),../checkpoints/ckpt_final.pt,9,256
cb706347dd.jpg,photo_to_monet (B2A),../checkpoints/ckpt_final.pt,9,256
cb767cd641.jpg,photo_to_monet (B2A),../checkpoints/ckpt_final.pt,9,256
cb845e6db5.jpg,photo_to_monet (B2A),../checkpoints/ckpt_final.pt,9,256
cb88754eed.jpg,photo_to_monet (B2A),../checkpoints/ckpt_final.pt,9,256
cb91ecbdda.jpg,photo_to_monet (B2A),../checkpoints/ckpt_final.pt,9,256
cb9d6af792.jpg,photo_to_monet (B2A),../checkpoints/ckpt_final.pt,9,256
cb9dbaeffd.jpg,photo_to_monet (B2A),../checkpoints/ckpt_final.pt,9,256
cba38c093b.jpg,photo_to_monet (B2A),../checkpoints/ckpt_final.pt,9,256
cbafaf9b74.jpg,photo_to_monet (B2A),../checkpoints/ckpt_final.pt,9,256
cbb6e14382.jpg,photo_to_monet (B2A),../checkpoints/ckpt_final.pt,9,256
cbc4a88c49.jpg,photo_to_monet (B2A),../checkpoints/ckpt_final.pt,9,256
cbca2560a2.jpg,photo_to_monet (B2A),../checkpoints/ckpt_final.pt,9,256
cbca377969.jpg,photo_to_monet (B2A),../checkpoints/ckpt_final.pt,9,256
cbcc092607.jpg,photo_to_monet (B2A),../checkpoints/ckpt_final.pt,9,256
cbd686ea00.jpg,photo_to_monet (B2A),../checkpoints/ckpt_final.pt,9,256
cbdd08a030.jpg,photo_to_monet (B2A),../checkpoints/ckpt_final.pt,9,256
cbddae001d.jpg,photo_to_monet (B2A),../checkpoints/ckpt_final.pt,9,256
cbf582621e.jpg,photo_to_monet (B2A),../checkpoints/ckpt_final.pt,9,256
cbf635d566.jpg,photo_to_monet (B2A),../checkpoints/ckpt_final.pt,9,256
cbfb794656.jpg,photo_to_monet (B2A),../checkpoints/ckpt_final.pt,9,256
cc03a70f14.jpg,photo_to_monet (B2A),../checkpoints/ckpt_final.pt,9,256
cc0a0dab48.jpg,photo_to_monet (B2A),../checkpoints/ckpt_final.pt,9,256
cc27c5fa12.jpg,photo_to_monet (B2A),../checkpoints/ckpt_final.pt,9,256
cc37cc11a3.jpg,photo_to_monet (B2A),../checkpoints/ckpt_final.pt,9,256
cc397c87b0.jpg,photo_to_monet (B2A),../checkpoints/ckpt_final.pt,9,256
cc3d775c49.jpg,photo_to_monet (B2A),../checkpoints/ckpt_final.pt,9,256
cc46b14bbf.jpg,photo_to_monet (B2A),../checkpoints/ckpt_final.pt,9,256
cc47cfe509.jpg,photo_to_monet (B2A),../checkpoints/ckpt_final.pt,9,256
cc48975f1d.jpg,photo_to_monet (B2A),../checkpoints/ckpt_final.pt,9,256
cc4e40864c.jpg,photo_to_monet (B2A),../checkpoints/ckpt_final.pt,9,256
cc5078a63b.jpg,photo_to_monet (B2A),../checkpoints/ckpt_final.pt,9,256
cc57246e94.jpg,photo_to_monet (B2A),../checkpoints/ckpt_final.pt,9,256
cc5ba51fab.jpg,photo_to_monet (B2A),../checkpoints/ckpt_final.pt,9,256
cc5fa7dcc6.jpg,photo_to_monet (B2A),../checkpoints/ckpt_final.pt,9,256
cc700e2ff5.jpg,photo_to_monet (B2A),../checkpoints/ckpt_final.pt,9,256
cc701e6899.jpg,photo_to_monet (B2A),../checkpoints/ckpt_final.pt,9,256
cc74028fc2.jpg,photo_to_monet (B2A),../checkpoints/ckpt_final.pt,9,256
cc79011331.jpg,photo_to_monet (B2A),../checkpoints/ckpt_final.pt,9,256
cc85351248.jpg,photo_to_monet (B2A),../checkpoints/ckpt_final.pt,9,256
cc8ce9bce8.jpg,photo_to_monet (B2A),../checkpoints/ckpt_final.pt,9,256
cc8ea5c3ef.jpg,photo_to_monet (B2A),../checkpoints/ckpt_final.pt,9,256
cc9c7d2ee1.jpg,photo_to_monet (B2A),../checkpoints/ckpt_final.pt,9,256
cca944dbaa.jpg,photo_to_monet (B2A),../checkpoints/ckpt_final.pt,9,256
ccac22a865.jpg,photo_to_monet (B2A),../checkpoints/ckpt_final.pt,9,256
ccb1c281ea.jpg,photo_to_monet (B2A),../checkpoints/ckpt_final.pt,9,256
ccdae48f44.jpg,photo_to_monet (B2A),../checkpoints/ckpt_final.pt,9,256
ccdb51d513.jpg,photo_to_monet (B2A),../checkpoints/ckpt_final.pt,9,256
cce7dc8ab2.jpg,photo_to_monet (B2A),../checkpoints/ckpt_final.pt,9,256
cceb177f89.jpg,photo_to_monet (B2A),../checkpoints/ckpt_final.pt,9,256
ccf03e66bc.jpg,photo_to_monet (B2A),../checkpoints/ckpt_final.pt,9,256
ccf1814c56.jpg,photo_to_monet (B2A),../checkpoints/ckpt_final.pt,9,256
cd002af052.jpg,photo_to_monet (B2A),../checkpoints/ckpt_final.pt,9,256
cd002f704d.jpg,photo_to_monet (B2A),../checkpoints/ckpt_final.pt,9,256
cd06750eef.jpg,photo_to_monet (B2A),../checkpoints/ckpt_final.pt,9,256
cd06b978fe.jpg,photo_to_monet (B2A),../checkpoints/ckpt_final.pt,9,256
cd093d4318.jpg,photo_to_monet (B2A),../checkpoints/ckpt_final.pt,9,256
cd0952c111.jpg,photo_to_monet (B2A),../checkpoints/ckpt_final.pt,9,256
cd1cb040fe.jpg,photo_to_monet (B2A),../checkpoints/ckpt_final.pt,9,256
cd303186fb.jpg,photo_to_monet (B2A),../checkpoints/ckpt_final.pt,9,256
cd34097029.jpg,photo_to_monet (B2A),../checkpoints/ckpt_final.pt,9,256
cd396d99a3.jpg,photo_to_monet (B2A),../checkpoints/ckpt_final.pt,9,256
cd3feb1181.jpg,photo_to_monet (B2A),../checkpoints/ckpt_final.pt,9,256
cd5d08f5be.jpg,photo_to_monet (B2A),../checkpoints/ckpt_final.pt,9,256
cd5e26b488.jpg,photo_to_monet (B2A),../checkpoints/ckpt_final.pt,9,256
cd697d2806.jpg,photo_to_monet (B2A),../checkpoints/ckpt_final.pt,9,256
cd6ebe93ba.jpg,photo_to_monet (B2A),../checkpoints/ckpt_final.pt,9,256
cd7c6b3be6.jpg,photo_to_monet (B2A),../checkpoints/ckpt_final.pt,9,256
cd805dd2c1.jpg,photo_to_monet (B2A),../checkpoints/ckpt_final.pt,9,256
cd813194f8.jpg,photo_to_monet (B2A),../checkpoints/ckpt_final.pt,9,256
cd8869c459.jpg,photo_to_monet (B2A),../checkpoints/ckpt_final.pt,9,256
cd8f124bd5.jpg,photo_to_monet (B2A),../checkpoints/ckpt_final.pt,9,256
cd909a57e7.jpg,photo_to_monet (B2A),../checkpoints/ckpt_final.pt,9,256
cd91b78ba2.jpg,photo_to_monet (B2A),../checkpoints/ckpt_final.pt,9,256
cd9d87bc3d.jpg,photo_to_monet (B2A),../checkpoints/ckpt_final.pt,9,256
cdb10fd47a.jpg,photo_to_monet (B2A),../checkpoints/ckpt_final.pt,9,256
cdb621d29d.jpg,photo_to_monet (B2A),../checkpoints/ckpt_final.pt,9,256
cdd0aedc77.jpg,photo_to_monet (B2A),../checkpoints/ckpt_final.pt,9,256
cddb43b9e7.jpg,photo_to_monet (B2A),../checkpoints/ckpt_final.pt,9,256
cddc890db6.jpg,photo_to_monet (B2A),../checkpoints/ckpt_final.pt,9,256
cde8917c39.jpg,photo_to_monet (B2A),../checkpoints/ckpt_final.pt,9,256
ce09815c9c.jpg,photo_to_monet (B2A),../checkpoints/ckpt_final.pt,9,256
ce107a12eb.jpg,photo_to_monet (B2A),../checkpoints/ckpt_final.pt,9,256
ce15456147.jpg,photo_to_monet (B2A),../checkpoints/ckpt_final.pt,9,256
ce1740b144.jpg,photo_to_monet (B2A),../checkpoints/ckpt_final.pt,9,256
ce18e0a0f5.jpg,photo_to_monet (B2A),../checkpoints/ckpt_final.pt,9,256
ce2918591f.jpg,photo_to_monet (B2A),../checkpoints/ckpt_final.pt,9,256
ce2a521382.jpg,photo_to_monet (B2A),../checkpoints/ckpt_final.pt,9,256
ce4521380b.jpg,photo_to_monet (B2A),../checkpoints/ckpt_final.pt,9,256
ce4868171a.jpg,photo_to_monet (B2A),../checkpoints/ckpt_final.pt,9,256
ce4c59ff3a.jpg,photo_to_monet (B2A),../checkpoints/ckpt_final.pt,9,256
ce55094dff.jpg,photo_to_monet (B2A),../checkpoints/ckpt_final.pt,9,256
ce56788f42.jpg,photo_to_monet (B2A),../checkpoints/ckpt_final.pt,9,256
ce5ac8d0da.jpg,photo_to_monet (B2A),../checkpoints/ckpt_final.pt,9,256
ce5b830de2.jpg,photo_to_monet (B2A),../checkpoints/ckpt_final.pt,9,256
ce5d913383.jpg,photo_to_monet (B2A),../checkpoints/ckpt_final.pt,9,256
ce6578f48a.jpg,photo_to_monet (B2A),../checkpoints/ckpt_final.pt,9,256
ce7a05feca.jpg,photo_to_monet (B2A),../checkpoints/ckpt_final.pt,9,256
ce83fda480.jpg,photo_to_monet (B2A),../checkpoints/ckpt_final.pt,9,256
ce9872420a.jpg,photo_to_monet (B2A),../checkpoints/ckpt_final.pt,9,256
ce9998c68f.jpg,photo_to_monet (B2A),../checkpoints/ckpt_final.pt,9,256
cec03efc5b.jpg,photo_to_monet (B2A),../checkpoints/ckpt_final.pt,9,256
cec134e6c0.jpg,photo_to_monet (B2A),../checkpoints/ckpt_final.pt,9,256
ceca1f8fa9.jpg,photo_to_monet (B2A),../checkpoints/ckpt_final.pt,9,256
ced29e1b27.jpg,photo_to_monet (B2A),../checkpoints/ckpt_final.pt,9,256
ceed1c7fc6.jpg,photo_to_monet (B2A),../checkpoints/ckpt_final.pt,9,256
cefe679fa9.jpg,photo_to_monet (B2A),../checkpoints/ckpt_final.pt,9,256
cf019642a5.jpg,photo_to_monet (B2A),../checkpoints/ckpt_final.pt,9,256
cf02f9afe4.jpg,photo_to_monet (B2A),../checkpoints/ckpt_final.pt,9,256
cf137a4d6f.jpg,photo_to_monet (B2A),../checkpoints/ckpt_final.pt,9,256
cf1d695996.jpg,photo_to_monet (B2A),../checkpoints/ckpt_final.pt,9,256
cf32b9f4e9.jpg,photo_to_monet (B2A),../checkpoints/ckpt_final.pt,9,256
cf36c56c38.jpg,photo_to_monet (B2A),../checkpoints/ckpt_final.pt,9,256
cf38193966.jpg,photo_to_monet (B2A),../checkpoints/ckpt_final.pt,9,256
cf46e070e9.jpg,photo_to_monet (B2A),../checkpoints/ckpt_final.pt,9,256
cf476a1333.jpg,photo_to_monet (B2A),../checkpoints/ckpt_final.pt,9,256
cf510d8083.jpg,photo_to_monet (B2A),../checkpoints/ckpt_final.pt,9,256
cf5d68fd72.jpg,photo_to_monet (B2A),../checkpoints/ckpt_final.pt,9,256
cf6530e446.jpg,photo_to_monet (B2A),../checkpoints/ckpt_final.pt,9,256
cf6742d301.jpg,photo_to_monet (B2A),../checkpoints/ckpt_final.pt,9,256
cf8e66be82.jpg,photo_to_monet (B2A),../checkpoints/ckpt_final.pt,9,256
cfb3b9881d.jpg,photo_to_monet (B2A),../checkpoints/ckpt_final.pt,9,256
cfbca208c3.jpg,photo_to_monet (B2A),../checkpoints/ckpt_final.pt,9,256
cfbcd9372b.jpg,photo_to_monet (B2A),../checkpoints/ckpt_final.pt,9,256
cfc2bf0c47.jpg,photo_to_monet (B2A),../checkpoints/ckpt_final.pt,9,256
cfc6d4340f.jpg,photo_to_monet (B2A),../checkpoints/ckpt_final.pt,9,256
cfd44c64b5.jpg,photo_to_monet (B2A),../checkpoints/ckpt_final.pt,9,256
cfdaa19397.jpg,photo_to_monet (B2A),../checkpoints/ckpt_final.pt,9,256
cfe8899a0a.jpg,photo_to_monet (B2A),../checkpoints/ckpt_final.pt,9,256
cff53a63a5.jpg,photo_to_monet (B2A),../checkpoints/ckpt_final.pt,9,256
d003814d0e.jpg,photo_to_monet (B2A),../checkpoints/ckpt_final.pt,9,256
d00da2c9a6.jpg,photo_to_monet (B2A),../checkpoints/ckpt_final.pt,9,256
d01c505d6c.jpg,photo_to_monet (B2A),../checkpoints/ckpt_final.pt,9,256
d01ee012a8.jpg,photo_to_monet (B2A),../checkpoints/ckpt_final.pt,9,256
d03cc29634.jpg,photo_to_monet (B2A),../checkpoints/ckpt_final.pt,9,256
d03eda30db.jpg,photo_to_monet (B2A),../checkpoints/ckpt_final.pt,9,256
d053572af4.jpg,photo_to_monet (B2A),../checkpoints/ckpt_final.pt,9,256
d05f7b46c4.jpg,photo_to_monet (B2A),../checkpoints/ckpt_final.pt,9,256
d0765946b2.jpg,photo_to_monet (B2A),../checkpoints/ckpt_final.pt,9,256
d08cb8e751.jpg,photo_to_monet (B2A),../checkpoints/ckpt_final.pt,9,256
d09ad65e9a.jpg,photo_to_monet (B2A),../checkpoints/ckpt_final.pt,9,256
d0a1eed9dd.jpg,photo_to_monet (B2A),../checkpoints/ckpt_final.pt,9,256
d0b792d050.jpg,photo_to_monet (B2A),../checkpoints/ckpt_final.pt,9,256
d0be1cb49b.jpg,photo_to_monet (B2A),../checkpoints/ckpt_final.pt,9,256
d0bf5f6a79.jpg,photo_to_monet (B2A),../checkpoints/ckpt_final.pt,9,256
d0c2bf5ee4.jpg,photo_to_monet (B2A),../checkpoints/ckpt_final.pt,9,256
d0c5001014.jpg,photo_to_monet (B2A),../checkpoints/ckpt_final.pt,9,256
d0cb3e02c5.jpg,photo_to_monet (B2A),../checkpoints/ckpt_final.pt,9,256
d0de1d07ab.jpg,photo_to_monet (B2A),../checkpoints/ckpt_final.pt,9,256
d0e02b3cca.jpg,photo_to_monet (B2A),../checkpoints/ckpt_final.pt,9,256
d0e5067af3.jpg,photo_to_monet (B2A),../checkpoints/ckpt_final.pt,9,256
d0eda9c6a2.jpg,photo_to_monet (B2A),../checkpoints/ckpt_final.pt,9,256
d0f878cc17.jpg,photo_to_monet (B2A),../checkpoints/ckpt_final.pt,9,256
d0ff4dbd71.jpg,photo_to_monet (B2A),../checkpoints/ckpt_final.pt,9,256
d1015b409e.jpg,photo_to_monet (B2A),../checkpoints/ckpt_final.pt,9,256
d104600dfb.jpg,photo_to_monet (B2A),../checkpoints/ckpt_final.pt,9,256
d12a49b5f4.jpg,photo_to_monet (B2A),../checkpoints/ckpt_final.pt,9,256
d1340eb9e0.jpg,photo_to_monet (B2A),../checkpoints/ckpt_final.pt,9,256
d14363b745.jpg,photo_to_monet (B2A),../checkpoints/ckpt_final.pt,9,256
d146966f14.jpg,photo_to_monet (B2A),../checkpoints/ckpt_final.pt,9,256
d161e72471.jpg,photo_to_monet (B2A),../checkpoints/ckpt_final.pt,9,256
d169a63b7f.jpg,photo_to_monet (B2A),../checkpoints/ckpt_final.pt,9,256
d17d89d337.jpg,photo_to_monet (B2A),../checkpoints/ckpt_final.pt,9,256
d1879069e7.jpg,photo_to_monet (B2A),../checkpoints/ckpt_final.pt,9,256
d188b93438.jpg,photo_to_monet (B2A),../checkpoints/ckpt_final.pt,9,256
d188df6a22.jpg,photo_to_monet (B2A),../checkpoints/ckpt_final.pt,9,256
d1893ab238.jpg,photo_to_monet (B2A),../checkpoints/ckpt_final.pt,9,256
d1a661c8da.jpg,photo_to_monet (B2A),../checkpoints/ckpt_final.pt,9,256
d1a6cb893d.jpg,photo_to_monet (B2A),../checkpoints/ckpt_final.pt,9,256
d1ad00d90c.jpg,photo_to_monet (B2A),../checkpoints/ckpt_final.pt,9,256
d1e043b730.jpg,photo_to_monet (B2A),../checkpoints/ckpt_final.pt,9,256
d1e060bfb6.jpg,photo_to_monet (B2A),../checkpoints/ckpt_final.pt,9,256
d1e18d7e5b.jpg,photo_to_monet (B2A),../checkpoints/ckpt_final.pt,9,256
d1e6fbffd7.jpg,photo_to_monet (B2A),../checkpoints/ckpt_final.pt,9,256
d1f62310c3.jpg,photo_to_monet (B2A),../checkpoints/ckpt_final.pt,9,256
d225c560e6.jpg,photo_to_monet (B2A),../checkpoints/ckpt_final.pt,9,256
d246393b8c.jpg,photo_to_monet (B2A),../checkpoints/ckpt_final.pt,9,256
d279169f0b.jpg,photo_to_monet (B2A),../checkpoints/ckpt_final.pt,9,256
d27b1e3c9b.jpg,photo_to_monet (B2A),../checkpoints/ckpt_final.pt,9,256
d2b5bc2fec.jpg,photo_to_monet (B2A),../checkpoints/ckpt_final.pt,9,256
d2c6728caf.jpg,photo_to_monet (B2A),../checkpoints/ckpt_final.pt,9,256
d2d4d23be2.jpg,photo_to_monet (B2A),../checkpoints/ckpt_final.pt,9,256
d2db5c1d58.jpg,photo_to_monet (B2A),../checkpoints/ckpt_final.pt,9,256
d2e17623a7.jpg,photo_to_monet (B2A),../checkpoints/ckpt_final.pt,9,256
d2e6f685fd.jpg,photo_to_monet (B2A),../checkpoints/ckpt_final.pt,9,256
d2e84b4d1e.jpg,photo_to_monet (B2A),../checkpoints/ckpt_final.pt,9,256
d2fc2edddc.jpg,photo_to_monet (B2A),../checkpoints/ckpt_final.pt,9,256
d314454c0e.jpg,photo_to_monet (B2A),../checkpoints/ckpt_final.pt,9,256
d314628676.jpg,photo_to_monet (B2A),../checkpoints/ckpt_final.pt,9,256
d3154830df.jpg,photo_to_monet (B2A),../checkpoints/ckpt_final.pt,9,256
d31a8ff3a5.jpg,photo_to_monet (B2A),../checkpoints/ckpt_final.pt,9,256
d32205861f.jpg,photo_to_monet (B2A),../checkpoints/ckpt_final.pt,9,256
d3269848d4.jpg,photo_to_monet (B2A),../checkpoints/ckpt_final.pt,9,256
d3284f750d.jpg,photo_to_monet (B2A),../checkpoints/ckpt_final.pt,9,256
d32eb0c36c.jpg,photo_to_monet (B2A),../checkpoints/ckpt_final.pt,9,256
d32ed2129f.jpg,photo_to_monet (B2A),../checkpoints/ckpt_final.pt,9,256
d33072a436.jpg,photo_to_monet (B2A),../checkpoints/ckpt_final.pt,9,256
d336c14238.jpg,photo_to_monet (B2A),../checkpoints/ckpt_final.pt,9,256
d3394edae8.jpg,photo_to_monet (B2A),../checkpoints/ckpt_final.pt,9,256
d33f9a1542.jpg,photo_to_monet (B2A),../checkpoints/ckpt_final.pt,9,256
d35ae2cbae.jpg,photo_to_monet (B2A),../checkpoints/ckpt_final.pt,9,256
d35bc5d14a.jpg,photo_to_monet (B2A),../checkpoints/ckpt_final.pt,9,256
d3650f6c75.jpg,photo_to_monet (B2A),../checkpoints/ckpt_final.pt,9,256
d3703e6c9e.jpg,photo_to_monet (B2A),../checkpoints/ckpt_final.pt,9,256
d37045ad87.jpg,photo_to_monet (B2A),../checkpoints/ckpt_final.pt,9,256
d37e5269d1.jpg,photo_to_monet (B2A),../checkpoints/ckpt_final.pt,9,256
d38aea73cd.jpg,photo_to_monet (B2A),../checkpoints/ckpt_final.pt,9,256
d38b20fe5c.jpg,photo_to_monet (B2A),../checkpoints/ckpt_final.pt,9,256
d3930d44de.jpg,photo_to_monet (B2A),../checkpoints/ckpt_final.pt,9,256
d3957c616c.jpg,photo_to_monet (B2A),../checkpoints/ckpt_final.pt,9,256
d39869db76.jpg,photo_to_monet (B2A),../checkpoints/ckpt_final.pt,9,256
d3a25f9804.jpg,photo_to_monet (B2A),../checkpoints/ckpt_final.pt,9,256
d3aab5add0.jpg,photo_to_monet (B2A),../checkpoints/ckpt_final.pt,9,256
d3b6567912.jpg,photo_to_monet (B2A),../checkpoints/ckpt_final.pt,9,256
d3c463dd3b.jpg,photo_to_monet (B2A),../checkpoints/ckpt_final.pt,9,256
d3c57387ec.jpg,photo_to_monet (B2A),../checkpoints/ckpt_final.pt,9,256
d3f0e309e0.jpg,photo_to_monet (B2A),../checkpoints/ckpt_final.pt,9,256
d3f0f026a8.jpg,photo_to_monet (B2A),../checkpoints/ckpt_final.pt,9,256
d3f2a0bb2c.jpg,photo_to_monet (B2A),../checkpoints/ckpt_final.pt,9,256
d3f454681f.jpg,photo_to_monet (B2A),../checkpoints/ckpt_final.pt,9,256
d3f696828f.jpg,photo_to_monet (B2A),../checkpoints/ckpt_final.pt,9,256
d3ff9bca9e.jpg,photo_to_monet (B2A),../checkpoints/ckpt_final.pt,9,256
d415017bc2.jpg,photo_to_monet (B2A),../checkpoints/ckpt_final.pt,9,256
d418ba98f8.jpg,photo_to_monet (B2A),../checkpoints/ckpt_final.pt,9,256
d41cc915ff.jpg,photo_to_monet (B2A),../checkpoints/ckpt_final.pt,9,256
d42372229a.jpg,photo_to_monet (B2A),../checkpoints/ckpt_final.pt,9,256
d42f03cd81.jpg,photo_to_monet (B2A),../checkpoints/ckpt_final.pt,9,256
d42f6d7652.jpg,photo_to_monet (B2A),../checkpoints/ckpt_final.pt,9,256
d4471a4a4e.jpg,photo_to_monet (B2A),../checkpoints/ckpt_final.pt,9,256
d44857998f.jpg,photo_to_monet (B2A),../checkpoints/ckpt_final.pt,9,256
d4689bd3d9.jpg,photo_to_monet (B2A),../checkpoints/ckpt_final.pt,9,256
d47b4da779.jpg,photo_to_monet (B2A),../checkpoints/ckpt_final.pt,9,256
d4844e2dad.jpg,photo_to_monet (B2A),../checkpoints/ckpt_final.pt,9,256
d48a2d6bfd.jpg,photo_to_monet (B2A),../checkpoints/ckpt_final.pt,9,256
d48b8bf03a.jpg,photo_to_monet (B2A),../checkpoints/ckpt_final.pt,9,256
d492ae08d5.jpg,photo_to_monet (B2A),../checkpoints/ckpt_final.pt,9,256
d498591082.jpg,photo_to_monet (B2A),../checkpoints/ckpt_final.pt,9,256
d4a71919e4.jpg,photo_to_monet (B2A),../checkpoints/ckpt_final.pt,9,256
d4bb813fdc.jpg,photo_to_monet (B2A),../checkpoints/ckpt_final.pt,9,256
d4c215c09e.jpg,photo_to_monet (B2A),../checkpoints/ckpt_final.pt,9,256
d4c2eb38da.jpg,photo_to_monet (B2A),../checkpoints/ckpt_final.pt,9,256
d4cbd9c9b0.jpg,photo_to_monet (B2A),../checkpoints/ckpt_final.pt,9,256
d4cdb47bdf.jpg,photo_to_monet (B2A),../checkpoints/ckpt_final.pt,9,256
d4ce5e251f.jpg,photo_to_monet (B2A),../checkpoints/ckpt_final.pt,9,256
d4d578acf5.jpg,photo_to_monet (B2A),../checkpoints/ckpt_final.pt,9,256
d4dbddb77b.jpg,photo_to_monet (B2A),../checkpoints/ckpt_final.pt,9,256
d4de7602c5.jpg,photo_to_monet (B2A),../checkpoints/ckpt_final.pt,9,256
d4dee83e40.jpg,photo_to_monet (B2A),../checkpoints/ckpt_final.pt,9,256
d4e9f0b0ce.jpg,photo_to_monet (B2A),../checkpoints/ckpt_final.pt,9,256
d4f60f4701.jpg,photo_to_monet (B2A),../checkpoints/ckpt_final.pt,9,256
d4f9dfa248.jpg,photo_to_monet (B2A),../checkpoints/ckpt_final.pt,9,256
d509c85ae9.jpg,photo_to_monet (B2A),../checkpoints/ckpt_final.pt,9,256
d5111e3439.jpg,photo_to_monet (B2A),../checkpoints/ckpt_final.pt,9,256
d52dea5485.jpg,photo_to_monet (B2A),../checkpoints/ckpt_final.pt,9,256
d532d31ce9.jpg,photo_to_monet (B2A),../checkpoints/ckpt_final.pt,9,256
d53b1a61cc.jpg,photo_to_monet (B2A),../checkpoints/ckpt_final.pt,9,256
d53c1a6896.jpg,photo_to_monet (B2A),../checkpoints/ckpt_final.pt,9,256
d53c658d5d.jpg,photo_to_monet (B2A),../checkpoints/ckpt_final.pt,9,256
d549b4831b.jpg,photo_to_monet (B2A),../checkpoints/ckpt_final.pt,9,256
d5568c935b.jpg,photo_to_monet (B2A),../checkpoints/ckpt_final.pt,9,256
d565375662.jpg,photo_to_monet (B2A),../checkpoints/ckpt_final.pt,9,256
d5672156cb.jpg,photo_to_monet (B2A),../checkpoints/ckpt_final.pt,9,256
d5687d4334.jpg,photo_to_monet (B2A),../checkpoints/ckpt_final.pt,9,256
d573bdf312.jpg,photo_to_monet (B2A),../checkpoints/ckpt_final.pt,9,256
d587e73d3c.jpg,photo_to_monet (B2A),../checkpoints/ckpt_final.pt,9,256
d58ae30774.jpg,photo_to_monet (B2A),../checkpoints/ckpt_final.pt,9,256
d59e1972e6.jpg,photo_to_monet (B2A),../checkpoints/ckpt_final.pt,9,256
d5a509f069.jpg,photo_to_monet (B2A),../checkpoints/ckpt_final.pt,9,256
d5a787ca7f.jpg,photo_to_monet (B2A),../checkpoints/ckpt_final.pt,9,256
d5bdd46e8e.jpg,photo_to_monet (B2A),../checkpoints/ckpt_final.pt,9,256
d5c5f591ab.jpg,photo_to_monet (B2A),../checkpoints/ckpt_final.pt,9,256
d5c7781f64.jpg,photo_to_monet (B2A),../checkpoints/ckpt_final.pt,9,256
d5d2fad470.jpg,photo_to_monet (B2A),../checkpoints/ckpt_final.pt,9,256
d5d5790444.jpg,photo_to_monet (B2A),../checkpoints/ckpt_final.pt,9,256
d5d6b091be.jpg,photo_to_monet (B2A),../checkpoints/ckpt_final.pt,9,256
d5df90dea4.jpg,photo_to_monet (B2A),../checkpoints/ckpt_final.pt,9,256
d5f266c340.jpg,photo_to_monet (B2A),../checkpoints/ckpt_final.pt,9,256
d5f3633c07.jpg,photo_to_monet (B2A),../checkpoints/ckpt_final.pt,9,256
d5fa8c4e07.jpg,photo_to_monet (B2A),../checkpoints/ckpt_final.pt,9,256
d5fd16b1ae.jpg,photo_to_monet (B2A),../checkpoints/ckpt_final.pt,9,256
d604fa140f.jpg,photo_to_monet (B2A),../checkpoints/ckpt_final.pt,9,256
d6086a2b97.jpg,photo_to_monet (B2A),../checkpoints/ckpt_final.pt,9,256
d615a2ad47.jpg,photo_to_monet (B2A),../checkpoints/ckpt_final.pt,9,256
d62a9671f5.jpg,photo_to_monet (B2A),../checkpoints/ckpt_final.pt,9,256
d62e9d07dd.jpg,photo_to_monet (B2A),../checkpoints/ckpt_final.pt,9,256
d62eeaccb0.jpg,photo_to_monet (B2A),../checkpoints/ckpt_final.pt,9,256
d63d194a4d.jpg,photo_to_monet (B2A),../checkpoints/ckpt_final.pt,9,256
d64608c4e4.jpg,photo_to_monet (B2A),../checkpoints/ckpt_final.pt,9,256
d6485b0368.jpg,photo_to_monet (B2A),../checkpoints/ckpt_final.pt,9,256
d665568cdf.jpg,photo_to_monet (B2A),../checkpoints/ckpt_final.pt,9,256
d6711262bf.jpg,photo_to_monet (B2A),../checkpoints/ckpt_final.pt,9,256
d696cf4eaf.jpg,photo_to_monet (B2A),../checkpoints/ckpt_final.pt,9,256
d6970035e5.jpg,photo_to_monet (B2A),../checkpoints/ckpt_final.pt,9,256
d6a2175011.jpg,photo_to_monet (B2A),../checkpoints/ckpt_final.pt,9,256
d6a72784ba.jpg,photo_to_monet (B2A),../checkpoints/ckpt_final.pt,9,256
d6ae4d6c30.jpg,photo_to_monet (B2A),../checkpoints/ckpt_final.pt,9,256
d6b0733797.jpg,photo_to_monet (B2A),../checkpoints/ckpt_final.pt,9,256
d6c5343b4f.jpg,photo_to_monet (B2A),../checkpoints/ckpt_final.pt,9,256
d6d5bf2fc2.jpg,photo_to_monet (B2A),../checkpoints/ckpt_final.pt,9,256
d6d97e039e.jpg,photo_to_monet (B2A),../checkpoints/ckpt_final.pt,9,256
d6da10b7f5.jpg,photo_to_monet (B2A),../checkpoints/ckpt_final.pt,9,256
d6dcf25188.jpg,photo_to_monet (B2A),../checkpoints/ckpt_final.pt,9,256
d6e30ab5d6.jpg,photo_to_monet (B2A),../checkpoints/ckpt_final.pt,9,256
d6ec137527.jpg,photo_to_monet (B2A),../checkpoints/ckpt_final.pt,9,256
d6ffd07557.jpg,photo_to_monet (B2A),../checkpoints/ckpt_final.pt,9,256
d710d55142.jpg,photo_to_monet (B2A),../checkpoints/ckpt_final.pt,9,256
d711d39160.jpg,photo_to_monet (B2A),../checkpoints/ckpt_final.pt,9,256
d725fc1f6c.jpg,photo_to_monet (B2A),../checkpoints/ckpt_final.pt,9,256
d735b2e3ba.jpg,photo_to_monet (B2A),../checkpoints/ckpt_final.pt,9,256
d73677d70a.jpg,photo_to_monet (B2A),../checkpoints/ckpt_final.pt,9,256
d74102274f.jpg,photo_to_monet (B2A),../checkpoints/ckpt_final.pt,9,256
d744753df3.jpg,photo_to_monet (B2A),../checkpoints/ckpt_final.pt,9,256
d750bc223e.jpg,photo_to_monet (B2A),../checkpoints/ckpt_final.pt,9,256
d768b070fb.jpg,photo_to_monet (B2A),../checkpoints/ckpt_final.pt,9,256
d76a286580.jpg,photo_to_monet (B2A),../checkpoints/ckpt_final.pt,9,256
d77588d82a.jpg,photo_to_monet (B2A),../checkpoints/ckpt_final.pt,9,256
d780fc984e.jpg,photo_to_monet (B2A),../checkpoints/ckpt_final.pt,9,256
d782a6d8c3.jpg,photo_to_monet (B2A),../checkpoints/ckpt_final.pt,9,256
d782a9909e.jpg,photo_to_monet (B2A),../checkpoints/ckpt_final.pt,9,256
d7931ef243.jpg,photo_to_monet (B2A),../checkpoints/ckpt_final.pt,9,256
d796721fb5.jpg,photo_to_monet (B2A),../checkpoints/ckpt_final.pt,9,256
d7a476f83c.jpg,photo_to_monet (B2A),../checkpoints/ckpt_final.pt,9,256
d7a5cd28b6.jpg,photo_to_monet (B2A),../checkpoints/ckpt_final.pt,9,256
d7a7a0f511.jpg,photo_to_monet (B2A),../checkpoints/ckpt_final.pt,9,256
d7a88b2a80.jpg,photo_to_monet (B2A),../checkpoints/ckpt_final.pt,9,256
d7aba83758.jpg,photo_to_monet (B2A),../checkpoints/ckpt_final.pt,9,256
d7b0822c4d.jpg,photo_to_monet (B2A),../checkpoints/ckpt_final.pt,9,256
d7ba967556.jpg,photo_to_monet (B2A),../checkpoints/ckpt_final.pt,9,256
d7c80f2f1c.jpg,photo_to_monet (B2A),../checkpoints/ckpt_final.pt,9,256
d7d2dcd8cb.jpg,photo_to_monet (B2A),../checkpoints/ckpt_final.pt,9,256
d7db542422.jpg,photo_to_monet (B2A),../checkpoints/ckpt_final.pt,9,256
d7e12eb311.jpg,photo_to_monet (B2A),../checkpoints/ckpt_final.pt,9,256
d7e1b8775d.jpg,photo_to_monet (B2A),../checkpoints/ckpt_final.pt,9,256
d7e64f3b75.jpg,photo_to_monet (B2A),../checkpoints/ckpt_final.pt,9,256
d7e948b103.jpg,photo_to_monet (B2A),../checkpoints/ckpt_final.pt,9,256
d7f0767146.jpg,photo_to_monet (B2A),../checkpoints/ckpt_final.pt,9,256
d7f614f501.jpg,photo_to_monet (B2A),../checkpoints/ckpt_final.pt,9,256
d7f98bd210.jpg,photo_to_monet (B2A),../checkpoints/ckpt_final.pt,9,256
d7fa7571fb.jpg,photo_to_monet (B2A),../checkpoints/ckpt_final.pt,9,256
d7faed0983.jpg,photo_to_monet (B2A),../checkpoints/ckpt_final.pt,9,256
d7fe5c1813.jpg,photo_to_monet (B2A),../checkpoints/ckpt_final.pt,9,256
d8071daab5.jpg,photo_to_monet (B2A),../checkpoints/ckpt_final.pt,9,256
d80d4c93de.jpg,photo_to_monet (B2A),../checkpoints/ckpt_final.pt,9,256
d8203958e4.jpg,photo_to_monet (B2A),../checkpoints/ckpt_final.pt,9,256
d828712765.jpg,photo_to_monet (B2A),../checkpoints/ckpt_final.pt,9,256
d829b461da.jpg,photo_to_monet (B2A),../checkpoints/ckpt_final.pt,9,256
d8352d8b46.jpg,photo_to_monet (B2A),../checkpoints/ckpt_final.pt,9,256
d83783faee.jpg,photo_to_monet (B2A),../checkpoints/ckpt_final.pt,9,256
d83b284745.jpg,photo_to_monet (B2A),../checkpoints/ckpt_final.pt,9,256
d84246da4d.jpg,photo_to_monet (B2A),../checkpoints/ckpt_final.pt,9,256
d842c67749.jpg,photo_to_monet (B2A),../checkpoints/ckpt_final.pt,9,256
d84eb83137.jpg,photo_to_monet (B2A),../checkpoints/ckpt_final.pt,9,256
d8520bbf71.jpg,photo_to_monet (B2A),../checkpoints/ckpt_final.pt,9,256
d860d82c66.jpg,photo_to_monet (B2A),../checkpoints/ckpt_final.pt,9,256
d86bcf2cb1.jpg,photo_to_monet (B2A),../checkpoints/ckpt_final.pt,9,256
d871a0f7d6.jpg,photo_to_monet (B2A),../checkpoints/ckpt_final.pt,9,256
d8733f7b37.jpg,photo_to_monet (B2A),../checkpoints/ckpt_final.pt,9,256
d88df3e4db.jpg,photo_to_monet (B2A),../checkpoints/ckpt_final.pt,9,256
d896bafc3a.jpg,photo_to_monet (B2A),../checkpoints/ckpt_final.pt,9,256
d8a5d84b9c.jpg,photo_to_monet (B2A),../checkpoints/ckpt_final.pt,9,256
d8a82e544c.jpg,photo_to_monet (B2A),../checkpoints/ckpt_final.pt,9,256
d8b5422831.jpg,photo_to_monet (B2A),../checkpoints/ckpt_final.pt,9,256
d8b89867b7.jpg,photo_to_monet (B2A),../checkpoints/ckpt_final.pt,9,256
d8e591ee2c.jpg,photo_to_monet (B2A),../checkpoints/ckpt_final.pt,9,256
d8f841bc79.jpg,photo_to_monet (B2A),../checkpoints/ckpt_final.pt,9,256
d8fbe8e68c.jpg,photo_to_monet (B2A),../checkpoints/ckpt_final.pt,9,256
d9081260de.jpg,photo_to_monet (B2A),../checkpoints/ckpt_final.pt,9,256
d90bdfc690.jpg,photo_to_monet (B2A),../checkpoints/ckpt_final.pt,9,256
d910783d61.jpg,photo_to_monet (B2A),../checkpoints/ckpt_final.pt,9,256
d91c1034e5.jpg,photo_to_monet (B2A),../checkpoints/ckpt_final.pt,9,256
d91c9eba83.jpg,photo_to_monet (B2A),../checkpoints/ckpt_final.pt,9,256
d9213433cf.jpg,photo_to_monet (B2A),../checkpoints/ckpt_final.pt,9,256
d925ef5aff.jpg,photo_to_monet (B2A),../checkpoints/ckpt_final.pt,9,256
d926f81b43.jpg,photo_to_monet (B2A),../checkpoints/ckpt_final.pt,9,256
d939c19419.jpg,photo_to_monet (B2A),../checkpoints/ckpt_final.pt,9,256
d93e5f8eb7.jpg,photo_to_monet (B2A),../checkpoints/ckpt_final.pt,9,256
d93e6be372.jpg,photo_to_monet (B2A),../checkpoints/ckpt_final.pt,9,256
d94541fa5b.jpg,photo_to_monet (B2A),../checkpoints/ckpt_final.pt,9,256
d94766bf33.jpg,photo_to_monet (B2A),../checkpoints/ckpt_final.pt,9,256
d9543c27a3.jpg,photo_to_monet (B2A),../checkpoints/ckpt_final.pt,9,256
d9553c2962.jpg,photo_to_monet (B2A),../checkpoints/ckpt_final.pt,9,256
d95ef93115.jpg,photo_to_monet (B2A),../checkpoints/ckpt_final.pt,9,256
d961320e9a.jpg,photo_to_monet (B2A),../checkpoints/ckpt_final.pt,9,256
d9625e6971.jpg,photo_to_monet (B2A),../checkpoints/ckpt_final.pt,9,256
d9673840a1.jpg,photo_to_monet (B2A),../checkpoints/ckpt_final.pt,9,256
d96e82c6f6.jpg,photo_to_monet (B2A),../checkpoints/ckpt_final.pt,9,256
d971072ac0.jpg,photo_to_monet (B2A),../checkpoints/ckpt_final.pt,9,256
d97bbd8692.jpg,photo_to_monet (B2A),../checkpoints/ckpt_final.pt,9,256
d97f10bdd5.jpg,photo_to_monet (B2A),../checkpoints/ckpt_final.pt,9,256
d993fbb271.jpg,photo_to_monet (B2A),../checkpoints/ckpt_final.pt,9,256
d997322544.jpg,photo_to_monet (B2A),../checkpoints/ckpt_final.pt,9,256
d99ae9a1ca.jpg,photo_to_monet (B2A),../checkpoints/ckpt_final.pt,9,256
d9a87c0d5d.jpg,photo_to_monet (B2A),../checkpoints/ckpt_final.pt,9,256
d9bbbafa03.jpg,photo_to_monet (B2A),../checkpoints/ckpt_final.pt,9,256
d9c29a7cbf.jpg,photo_to_monet (B2A),../checkpoints/ckpt_final.pt,9,256
d9c5c047d2.jpg,photo_to_monet (B2A),../checkpoints/ckpt_final.pt,9,256
d9c9f0392c.jpg,photo_to_monet (B2A),../checkpoints/ckpt_final.pt,9,256
d9cbda5356.jpg,photo_to_monet (B2A),../checkpoints/ckpt_final.pt,9,256
d9da605ace.jpg,photo_to_monet (B2A),../checkpoints/ckpt_final.pt,9,256
d9e227f734.jpg,photo_to_monet (B2A),../checkpoints/ckpt_final.pt,9,256
d9e879879a.jpg,photo_to_monet (B2A),../checkpoints/ckpt_final.pt,9,256
da02be50b3.jpg,photo_to_monet (B2A),../checkpoints/ckpt_final.pt,9,256
da0471dd85.jpg,photo_to_monet (B2A),../checkpoints/ckpt_final.pt,9,256
da10c654ce.jpg,photo_to_monet (B2A),../checkpoints/ckpt_final.pt,9,256
da2691d719.jpg,photo_to_monet (B2A),../checkpoints/ckpt_final.pt,9,256
da28b99645.jpg,photo_to_monet (B2A),../checkpoints/ckpt_final.pt,9,256
da342ea116.jpg,photo_to_monet (B2A),../checkpoints/ckpt_final.pt,9,256
da392927b1.jpg,photo_to_monet (B2A),../checkpoints/ckpt_final.pt,9,256
da3b4dd28e.jpg,photo_to_monet (B2A),../checkpoints/ckpt_final.pt,9,256
da3bac3250.jpg,photo_to_monet (B2A),../checkpoints/ckpt_final.pt,9,256
da53718103.jpg,photo_to_monet (B2A),../checkpoints/ckpt_final.pt,9,256
da6c915502.jpg,photo_to_monet (B2A),../checkpoints/ckpt_final.pt,9,256
da6d4d9ea2.jpg,photo_to_monet (B2A),../checkpoints/ckpt_final.pt,9,256
da86565952.jpg,photo_to_monet (B2A),../checkpoints/ckpt_final.pt,9,256
da920bf4bc.jpg,photo_to_monet (B2A),../checkpoints/ckpt_final.pt,9,256
daa4352f54.jpg,photo_to_monet (B2A),../checkpoints/ckpt_final.pt,9,256
daa8fa4579.jpg,photo_to_monet (B2A),../checkpoints/ckpt_final.pt,9,256
dabaad16e8.jpg,photo_to_monet (B2A),../checkpoints/ckpt_final.pt,9,256
dabaf0f8aa.jpg,photo_to_monet (B2A),../checkpoints/ckpt_final.pt,9,256
dabcf502f4.jpg,photo_to_monet (B2A),../checkpoints/ckpt_final.pt,9,256
dac8b251fd.jpg,photo_to_monet (B2A),../checkpoints/ckpt_final.pt,9,256
dae46a168b.jpg,photo_to_monet (B2A),../checkpoints/ckpt_final.pt,9,256
dae9ee7a11.jpg,photo_to_monet (B2A),../checkpoints/ckpt_final.pt,9,256
daee416ffe.jpg,photo_to_monet (B2A),../checkpoints/ckpt_final.pt,9,256
daf0f4bdc1.jpg,photo_to_monet (B2A),../checkpoints/ckpt_final.pt,9,256
dafda5c17a.jpg,photo_to_monet (B2A),../checkpoints/ckpt_final.pt,9,256
db00979196.jpg,photo_to_monet (B2A),../checkpoints/ckpt_final.pt,9,256
db052e5241.jpg,photo_to_monet (B2A),../checkpoints/ckpt_final.pt,9,256
db0d9fdaec.jpg,photo_to_monet (B2A),../checkpoints/ckpt_final.pt,9,256
db0ecb48c4.jpg,photo_to_monet (B2A),../checkpoints/ckpt_final.pt,9,256
db14eba4e1.jpg,photo_to_monet (B2A),../checkpoints/ckpt_final.pt,9,256
db18f28537.jpg,photo_to_monet (B2A),../checkpoints/ckpt_final.pt,9,256
db1f18b059.jpg,photo_to_monet (B2A),../checkpoints/ckpt_final.pt,9,256
db2b40dd94.jpg,photo_to_monet (B2A),../checkpoints/ckpt_final.pt,9,256
db2e0f3cdf.jpg,photo_to_monet (B2A),../checkpoints/ckpt_final.pt,9,256
db4fd99e56.jpg,photo_to_monet (B2A),../checkpoints/ckpt_final.pt,9,256
db58221d78.jpg,photo_to_monet (B2A),../checkpoints/ckpt_final.pt,9,256
db59f96bfc.jpg,photo_to_monet (B2A),../checkpoints/ckpt_final.pt,9,256
db70823e2b.jpg,photo_to_monet (B2A),../checkpoints/ckpt_final.pt,9,256
db7fd38aa5.jpg,photo_to_monet (B2A),../checkpoints/ckpt_final.pt,9,256
db86c73152.jpg,photo_to_monet (B2A),../checkpoints/ckpt_final.pt,9,256
db9cfcd293.jpg,photo_to_monet (B2A),../checkpoints/ckpt_final.pt,9,256
dba404b1bd.jpg,photo_to_monet (B2A),../checkpoints/ckpt_final.pt,9,256
dbba4e41d0.jpg,photo_to_monet (B2A),../checkpoints/ckpt_final.pt,9,256
dbbe9bbb8e.jpg,photo_to_monet (B2A),../checkpoints/ckpt_final.pt,9,256
dbbed3a8c7.jpg,photo_to_monet (B2A),../checkpoints/ckpt_final.pt,9,256
dbbfe0e846.jpg,photo_to_monet (B2A),../checkpoints/ckpt_final.pt,9,256
dbc0d26415.jpg,photo_to_monet (B2A),../checkpoints/ckpt_final.pt,9,256
dbc5daad12.jpg,photo_to_monet (B2A),../checkpoints/ckpt_final.pt,9,256
dbd3bf1236.jpg,photo_to_monet (B2A),../checkpoints/ckpt_final.pt,9,256
dbef8e6c0a.jpg,photo_to_monet (B2A),../checkpoints/ckpt_final.pt,9,256
dbf9e7be99.jpg,photo_to_monet (B2A),../checkpoints/ckpt_final.pt,9,256
dc0f97a1aa.jpg,photo_to_monet (B2A),../checkpoints/ckpt_final.pt,9,256
dc121d7f9b.jpg,photo_to_monet (B2A),../checkpoints/ckpt_final.pt,9,256
dc258c8a0b.jpg,photo_to_monet (B2A),../checkpoints/ckpt_final.pt,9,256
dc26513fe8.jpg,photo_to_monet (B2A),../checkpoints/ckpt_final.pt,9,256
dc2abc2e66.jpg,photo_to_monet (B2A),../checkpoints/ckpt_final.pt,9,256
dc307002d2.jpg,photo_to_monet (B2A),../checkpoints/ckpt_final.pt,9,256
dc549bebc4.jpg,photo_to_monet (B2A),../checkpoints/ckpt_final.pt,9,256
dc5829408f.jpg,photo_to_monet (B2A),../checkpoints/ckpt_final.pt,9,256
dc5f1c23a0.jpg,photo_to_monet (B2A),../checkpoints/ckpt_final.pt,9,256
dc629cae14.jpg,photo_to_monet (B2A),../checkpoints/ckpt_final.pt,9,256
dc631c9b2a.jpg,photo_to_monet (B2A),../checkpoints/ckpt_final.pt,9,256
dc74902b39.jpg,photo_to_monet (B2A),../checkpoints/ckpt_final.pt,9,256
dc8a5d64eb.jpg,photo_to_monet (B2A),../checkpoints/ckpt_final.pt,9,256
dc8b552cc5.jpg,photo_to_monet (B2A),../checkpoints/ckpt_final.pt,9,256
dc938fd3f7.jpg,photo_to_monet (B2A),../checkpoints/ckpt_final.pt,9,256
dc98f07caf.jpg,photo_to_monet (B2A),../checkpoints/ckpt_final.pt,9,256
dc9943d9eb.jpg,photo_to_monet (B2A),../checkpoints/ckpt_final.pt,9,256
dc9d581332.jpg,photo_to_monet (B2A),../checkpoints/ckpt_final.pt,9,256
dca4c17096.jpg,photo_to_monet (B2A),../checkpoints/ckpt_final.pt,9,256
dcbdd75640.jpg,photo_to_monet (B2A),../checkpoints/ckpt_final.pt,9,256
dcca4f8bb6.jpg,photo_to_monet (B2A),../checkpoints/ckpt_final.pt,9,256
dccb6e42ee.jpg,photo_to_monet (B2A),../checkpoints/ckpt_final.pt,9,256
dce963b80b.jpg,photo_to_monet (B2A),../checkpoints/ckpt_final.pt,9,256
dcf4c2cbb1.jpg,photo_to_monet (B2A),../checkpoints/ckpt_final.pt,9,256
dcfa634264.jpg,photo_to_monet (B2A),../checkpoints/ckpt_final.pt,9,256
dd036adfe5.jpg,photo_to_monet (B2A),../checkpoints/ckpt_final.pt,9,256
dd232bb32f.jpg,photo_to_monet (B2A),../checkpoints/ckpt_final.pt,9,256
dd26e604b1.jpg,photo_to_monet (B2A),../checkpoints/ckpt_final.pt,9,256
dd2a4f5af6.jpg,photo_to_monet (B2A),../checkpoints/ckpt_final.pt,9,256
dd59da4b8e.jpg,photo_to_monet (B2A),../checkpoints/ckpt_final.pt,9,256
dd6a426ccb.jpg,photo_to_monet (B2A),../checkpoints/ckpt_final.pt,9,256
dd80a0ae1c.jpg,photo_to_monet (B2A),../checkpoints/ckpt_final.pt,9,256
dd8cf7b53e.jpg,photo_to_monet (B2A),../checkpoints/ckpt_final.pt,9,256
dd98d8bda5.jpg,photo_to_monet (B2A),../checkpoints/ckpt_final.pt,9,256
dda084c63b.jpg,photo_to_monet (B2A),../checkpoints/ckpt_final.pt,9,256
ddb1124c29.jpg,photo_to_monet (B2A),../checkpoints/ckpt_final.pt,9,256
ddb17e566c.jpg,photo_to_monet (B2A),../checkpoints/ckpt_final.pt,9,256
ddb386ce3e.jpg,photo_to_monet (B2A),../checkpoints/ckpt_final.pt,9,256
ddb8baf94a.jpg,photo_to_monet (B2A),../checkpoints/ckpt_final.pt,9,256
ddc08a0803.jpg,photo_to_monet (B2A),../checkpoints/ckpt_final.pt,9,256
ddc5ea8270.jpg,photo_to_monet (B2A),../checkpoints/ckpt_final.pt,9,256
ddd674f433.jpg,photo_to_monet (B2A),../checkpoints/ckpt_final.pt,9,256
dde4567678.jpg,photo_to_monet (B2A),../checkpoints/ckpt_final.pt,9,256
de010cbbc2.jpg,photo_to_monet (B2A),../checkpoints/ckpt_final.pt,9,256
de059c7bbf.jpg,photo_to_monet (B2A),../checkpoints/ckpt_final.pt,9,256
de05b6bb2f.jpg,photo_to_monet (B2A),../checkpoints/ckpt_final.pt,9,256
de10876989.jpg,photo_to_monet (B2A),../checkpoints/ckpt_final.pt,9,256
de241d55fc.jpg,photo_to_monet (B2A),../checkpoints/ckpt_final.pt,9,256
de2f9d1599.jpg,photo_to_monet (B2A),../checkpoints/ckpt_final.pt,9,256
de31a67502.jpg,photo_to_monet (B2A),../checkpoints/ckpt_final.pt,9,256
de34c78357.jpg,photo_to_monet (B2A),../checkpoints/ckpt_final.pt,9,256
de37e2ad60.jpg,photo_to_monet (B2A),../checkpoints/ckpt_final.pt,9,256
de457df144.jpg,photo_to_monet (B2A),../checkpoints/ckpt_final.pt,9,256
de4f73e2e6.jpg,photo_to_monet (B2A),../checkpoints/ckpt_final.pt,9,256
de59f8afb3.jpg,photo_to_monet (B2A),../checkpoints/ckpt_final.pt,9,256
de6510a7ab.jpg,photo_to_monet (B2A),../checkpoints/ckpt_final.pt,9,256
de6bf0cb04.jpg,photo_to_monet (B2A),../checkpoints/ckpt_final.pt,9,256
de7ed78f5a.jpg,photo_to_monet (B2A),../checkpoints/ckpt_final.pt,9,256
de86577a5b.jpg,photo_to_monet (B2A),../checkpoints/ckpt_final.pt,9,256
de86feb03d.jpg,photo_to_monet (B2A),../checkpoints/ckpt_final.pt,9,256
dea009ab5b.jpg,photo_to_monet (B2A),../checkpoints/ckpt_final.pt,9,256
dea330a02f.jpg,photo_to_monet (B2A),../checkpoints/ckpt_final.pt,9,256
deafff753c.jpg,photo_to_monet (B2A),../checkpoints/ckpt_final.pt,9,256
deb67f6b0e.jpg,photo_to_monet (B2A),../checkpoints/ckpt_final.pt,9,256
debf11d04c.jpg,photo_to_monet (B2A),../checkpoints/ckpt_final.pt,9,256
dec3ab2321.jpg,photo_to_monet (B2A),../checkpoints/ckpt_final.pt,9,256
ded7482c2c.jpg,photo_to_monet (B2A),../checkpoints/ckpt_final.pt,9,256
ded8ffa3ca.jpg,photo_to_monet (B2A),../checkpoints/ckpt_final.pt,9,256
def0cd31b2.jpg,photo_to_monet (B2A),../checkpoints/ckpt_final.pt,9,256
def8bd92f4.jpg,photo_to_monet (B2A),../checkpoints/ckpt_final.pt,9,256
df017c0778.jpg,photo_to_monet (B2A),../checkpoints/ckpt_final.pt,9,256
df04d84ca9.jpg,photo_to_monet (B2A),../checkpoints/ckpt_final.pt,9,256
df1b2ded30.jpg,photo_to_monet (B2A),../checkpoints/ckpt_final.pt,9,256
df21dd363b.jpg,photo_to_monet (B2A),../checkpoints/ckpt_final.pt,9,256
df26cc01aa.jpg,photo_to_monet (B2A),../checkpoints/ckpt_final.pt,9,256
df2c0d53a4.jpg,photo_to_monet (B2A),../checkpoints/ckpt_final.pt,9,256
df2eddf8b4.jpg,photo_to_monet (B2A),../checkpoints/ckpt_final.pt,9,256
df34b6c0e8.jpg,photo_to_monet (B2A),../checkpoints/ckpt_final.pt,9,256
df3688f698.jpg,photo_to_monet (B2A),../checkpoints/ckpt_final.pt,9,256
df36a9efd4.jpg,photo_to_monet (B2A),../checkpoints/ckpt_final.pt,9,256
df4975e8bf.jpg,photo_to_monet (B2A),../checkpoints/ckpt_final.pt,9,256
df571c611d.jpg,photo_to_monet (B2A),../checkpoints/ckpt_final.pt,9,256
df65517316.jpg,photo_to_monet (B2A),../checkpoints/ckpt_final.pt,9,256
df717b23e2.jpg,photo_to_monet (B2A),../checkpoints/ckpt_final.pt,9,256
df71b50ac1.jpg,photo_to_monet (B2A),../checkpoints/ckpt_final.pt,9,256
df7438a2d8.jpg,photo_to_monet (B2A),../checkpoints/ckpt_final.pt,9,256
df75caef2e.jpg,photo_to_monet (B2A),../checkpoints/ckpt_final.pt,9,256
df7ada692b.jpg,photo_to_monet (B2A),../checkpoints/ckpt_final.pt,9,256
df895d4f4f.jpg,photo_to_monet (B2A),../checkpoints/ckpt_final.pt,9,256
dfa6cb635d.jpg,photo_to_monet (B2A),../checkpoints/ckpt_final.pt,9,256
dfb9e202de.jpg,photo_to_monet (B2A),../checkpoints/ckpt_final.pt,9,256
dfbd52ecf5.jpg,photo_to_monet (B2A),../checkpoints/ckpt_final.pt,9,256
dfcd9af740.jpg,photo_to_monet (B2A),../checkpoints/ckpt_final.pt,9,256
dfd3b1a8bf.jpg,photo_to_monet (B2A),../checkpoints/ckpt_final.pt,9,256
dfdb05692f.jpg,photo_to_monet (B2A),../checkpoints/ckpt_final.pt,9,256
dfdf679899.jpg,photo_to_monet (B2A),../checkpoints/ckpt_final.pt,9,256
dfe59079af.jpg,photo_to_monet (B2A),../checkpoints/ckpt_final.pt,9,256
dfedfba018.jpg,photo_to_monet (B2A),../checkpoints/ckpt_final.pt,9,256
dfee298b96.jpg,photo_to_monet (B2A),../checkpoints/ckpt_final.pt,9,256
dff450dda1.jpg,photo_to_monet (B2A),../checkpoints/ckpt_final.pt,9,256
dff66a7d64.jpg,photo_to_monet (B2A),../checkpoints/ckpt_final.pt,9,256
dff763c552.jpg,photo_to_monet (B2A),../checkpoints/ckpt_final.pt,9,256
e00bba74a2.jpg,photo_to_monet (B2A),../checkpoints/ckpt_final.pt,9,256
e01fe394d8.jpg,photo_to_monet (B2A),../checkpoints/ckpt_final.pt,9,256
e0216cf2a8.jpg,photo_to_monet (B2A),../checkpoints/ckpt_final.pt,9,256
e0316f1950.jpg,photo_to_monet (B2A),../checkpoints/ckpt_final.pt,9,256
e0328c7d7c.jpg,photo_to_monet (B2A),../checkpoints/ckpt_final.pt,9,256
e038af63fe.jpg,photo_to_monet (B2A),../checkpoints/ckpt_final.pt,9,256
e039712ade.jpg,photo_to_monet (B2A),../checkpoints/ckpt_final.pt,9,256
e03b2a6164.jpg,photo_to_monet (B2A),../checkpoints/ckpt_final.pt,9,256
e04291a057.jpg,photo_to_monet (B2A),../checkpoints/ckpt_final.pt,9,256
e048cbd49e.jpg,photo_to_monet (B2A),../checkpoints/ckpt_final.pt,9,256
e050f1a2a9.jpg,photo_to_monet (B2A),../checkpoints/ckpt_final.pt,9,256
e05899ed06.jpg,photo_to_monet (B2A),../checkpoints/ckpt_final.pt,9,256
e05c7f85ef.jpg,photo_to_monet (B2A),../checkpoints/ckpt_final.pt,9,256
e068415db1.jpg,photo_to_monet (B2A),../checkpoints/ckpt_final.pt,9,256
e068928755.jpg,photo_to_monet (B2A),../checkpoints/ckpt_final.pt,9,256
e071db584c.jpg,photo_to_monet (B2A),../checkpoints/ckpt_final.pt,9,256
e0839b3c2e.jpg,photo_to_monet (B2A),../checkpoints/ckpt_final.pt,9,256
e08fc2d70e.jpg,photo_to_monet (B2A),../checkpoints/ckpt_final.pt,9,256
e091476985.jpg,photo_to_monet (B2A),../checkpoints/ckpt_final.pt,9,256
e09576695b.jpg,photo_to_monet (B2A),../checkpoints/ckpt_final.pt,9,256
e0a9fecd26.jpg,photo_to_monet (B2A),../checkpoints/ckpt_final.pt,9,256
e0b1a4f104.jpg,photo_to_monet (B2A),../checkpoints/ckpt_final.pt,9,256
e0b6abfd6d.jpg,photo_to_monet (B2A),../checkpoints/ckpt_final.pt,9,256
e0c949a987.jpg,photo_to_monet (B2A),../checkpoints/ckpt_final.pt,9,256
e0cfa9d464.jpg,photo_to_monet (B2A),../checkpoints/ckpt_final.pt,9,256
e0d48fc860.jpg,photo_to_monet (B2A),../checkpoints/ckpt_final.pt,9,256
e0d7f40a24.jpg,photo_to_monet (B2A),../checkpoints/ckpt_final.pt,9,256
e0d9fadae6.jpg,photo_to_monet (B2A),../checkpoints/ckpt_final.pt,9,256
e0db07d90e.jpg,photo_to_monet (B2A),../checkpoints/ckpt_final.pt,9,256
e0e0bd66eb.jpg,photo_to_monet (B2A),../checkpoints/ckpt_final.pt,9,256
e0edc2d1ff.jpg,photo_to_monet (B2A),../checkpoints/ckpt_final.pt,9,256
e0f0dc2983.jpg,photo_to_monet (B2A),../checkpoints/ckpt_final.pt,9,256
e0f7f0bb22.jpg,photo_to_monet (B2A),../checkpoints/ckpt_final.pt,9,256
e0fce775af.jpg,photo_to_monet (B2A),../checkpoints/ckpt_final.pt,9,256
e0ffb419d8.jpg,photo_to_monet (B2A),../checkpoints/ckpt_final.pt,9,256
e103e37ef6.jpg,photo_to_monet (B2A),../checkpoints/ckpt_final.pt,9,256
e10f4e0249.jpg,photo_to_monet (B2A),../checkpoints/ckpt_final.pt,9,256
e1107c721b.jpg,photo_to_monet (B2A),../checkpoints/ckpt_final.pt,9,256
e12532498c.jpg,photo_to_monet (B2A),../checkpoints/ckpt_final.pt,9,256
e13f5e00b9.jpg,photo_to_monet (B2A),../checkpoints/ckpt_final.pt,9,256
e1421bcb6d.jpg,photo_to_monet (B2A),../checkpoints/ckpt_final.pt,9,256
e14520fb9c.jpg,photo_to_monet (B2A),../checkpoints/ckpt_final.pt,9,256
e154b39c0c.jpg,photo_to_monet (B2A),../checkpoints/ckpt_final.pt,9,256
e158554d68.jpg,photo_to_monet (B2A),../checkpoints/ckpt_final.pt,9,256
e15ebb6b26.jpg,photo_to_monet (B2A),../checkpoints/ckpt_final.pt,9,256
e180ce65fe.jpg,photo_to_monet (B2A),../checkpoints/ckpt_final.pt,9,256
e18c605daf.jpg,photo_to_monet (B2A),../checkpoints/ckpt_final.pt,9,256
e191e362cc.jpg,photo_to_monet (B2A),../checkpoints/ckpt_final.pt,9,256
e195754758.jpg,photo_to_monet (B2A),../checkpoints/ckpt_final.pt,9,256
e1b8768630.jpg,photo_to_monet (B2A),../checkpoints/ckpt_final.pt,9,256
e1e42d1e1d.jpg,photo_to_monet (B2A),../checkpoints/ckpt_final.pt,9,256
e1e7add957.jpg,photo_to_monet (B2A),../checkpoints/ckpt_final.pt,9,256
e1f01aed34.jpg,photo_to_monet (B2A),../checkpoints/ckpt_final.pt,9,256
e1f044dff1.jpg,photo_to_monet (B2A),../checkpoints/ckpt_final.pt,9,256
e2050f818f.jpg,photo_to_monet (B2A),../checkpoints/ckpt_final.pt,9,256
e20e016680.jpg,photo_to_monet (B2A),../checkpoints/ckpt_final.pt,9,256
e20f79f596.jpg,photo_to_monet (B2A),../checkpoints/ckpt_final.pt,9,256
e218d1a1ea.jpg,photo_to_monet (B2A),../checkpoints/ckpt_final.pt,9,256
e219f69873.jpg,photo_to_monet (B2A),../checkpoints/ckpt_final.pt,9,256
e22fbe22ff.jpg,photo_to_monet (B2A),../checkpoints/ckpt_final.pt,9,256
e239290d7a.jpg,photo_to_monet (B2A),../checkpoints/ckpt_final.pt,9,256
e23da13385.jpg,photo_to_monet (B2A),../checkpoints/ckpt_final.pt,9,256
e23dd4b66b.jpg,photo_to_monet (B2A),../checkpoints/ckpt_final.pt,9,256
e24d11659e.jpg,photo_to_monet (B2A),../checkpoints/ckpt_final.pt,9,256
e25a309e7f.jpg,photo_to_monet (B2A),../checkpoints/ckpt_final.pt,9,256
e262ebdb71.jpg,photo_to_monet (B2A),../checkpoints/ckpt_final.pt,9,256
e26f08910a.jpg,photo_to_monet (B2A),../checkpoints/ckpt_final.pt,9,256
e276cfea71.jpg,photo_to_monet (B2A),../checkpoints/ckpt_final.pt,9,256
e278a31c95.jpg,photo_to_monet (B2A),../checkpoints/ckpt_final.pt,9,256
e2816c6358.jpg,photo_to_monet (B2A),../checkpoints/ckpt_final.pt,9,256
e2921fb3bc.jpg,photo_to_monet (B2A),../checkpoints/ckpt_final.pt,9,256
e29891901c.jpg,photo_to_monet (B2A),../checkpoints/ckpt_final.pt,9,256
e29923569e.jpg,photo_to_monet (B2A),../checkpoints/ckpt_final.pt,9,256
e2be127e28.jpg,photo_to_monet (B2A),../checkpoints/ckpt_final.pt,9,256
e2cc5d0740.jpg,photo_to_monet (B2A),../checkpoints/ckpt_final.pt,9,256
e2dd4bdeef.jpg,photo_to_monet (B2A),../checkpoints/ckpt_final.pt,9,256
e2e1192489.jpg,photo_to_monet (B2A),../checkpoints/ckpt_final.pt,9,256
e2e85f68e0.jpg,photo_to_monet (B2A),../checkpoints/ckpt_final.pt,9,256
e2ebe675f8.jpg,photo_to_monet (B2A),../checkpoints/ckpt_final.pt,9,256
e2ec96f0b4.jpg,photo_to_monet (B2A),../checkpoints/ckpt_final.pt,9,256
e2f37052c1.jpg,photo_to_monet (B2A),../checkpoints/ckpt_final.pt,9,256
e3148aa017.jpg,photo_to_monet (B2A),../checkpoints/ckpt_final.pt,9,256
e31668e912.jpg,photo_to_monet (B2A),../checkpoints/ckpt_final.pt,9,256
e33556dc35.jpg,photo_to_monet (B2A),../checkpoints/ckpt_final.pt,9,256
e33bb81f2b.jpg,photo_to_monet (B2A),../checkpoints/ckpt_final.pt,9,256
e34010decc.jpg,photo_to_monet (B2A),../checkpoints/ckpt_final.pt,9,256
e340c22dc4.jpg,photo_to_monet (B2A),../checkpoints/ckpt_final.pt,9,256
e344e433cc.jpg,photo_to_monet (B2A),../checkpoints/ckpt_final.pt,9,256
e347492218.jpg,photo_to_monet (B2A),../checkpoints/ckpt_final.pt,9,256
e3477e1ec7.jpg,photo_to_monet (B2A),../checkpoints/ckpt_final.pt,9,256
e34ae8c169.jpg,photo_to_monet (B2A),../checkpoints/ckpt_final.pt,9,256
e3557bd3e7.jpg,photo_to_monet (B2A),../checkpoints/ckpt_final.pt,9,256
e3618e9a11.jpg,photo_to_monet (B2A),../checkpoints/ckpt_final.pt,9,256
e365dae98b.jpg,photo_to_monet (B2A),../checkpoints/ckpt_final.pt,9,256
e37b3a49d9.jpg,photo_to_monet (B2A),../checkpoints/ckpt_final.pt,9,256
e37e071314.jpg,photo_to_monet (B2A),../checkpoints/ckpt_final.pt,9,256
e38186a614.jpg,photo_to_monet (B2A),../checkpoints/ckpt_final.pt,9,256
e388432c26.jpg,photo_to_monet (B2A),../checkpoints/ckpt_final.pt,9,256
e39562f090.jpg,photo_to_monet (B2A),../checkpoints/ckpt_final.pt,9,256
e3997e52e9.jpg,photo_to_monet (B2A),../checkpoints/ckpt_final.pt,9,256
e3cb3ad674.jpg,photo_to_monet (B2A),../checkpoints/ckpt_final.pt,9,256
e3cea056cc.jpg,photo_to_monet (B2A),../checkpoints/ckpt_final.pt,9,256
e3ceb5d67a.jpg,photo_to_monet (B2A),../checkpoints/ckpt_final.pt,9,256
e3e6ca612f.jpg,photo_to_monet (B2A),../checkpoints/ckpt_final.pt,9,256
e3e87b3f1e.jpg,photo_to_monet (B2A),../checkpoints/ckpt_final.pt,9,256
e3f1be931a.jpg,photo_to_monet (B2A),../checkpoints/ckpt_final.pt,9,256
e3f34cdbfc.jpg,photo_to_monet (B2A),../checkpoints/ckpt_final.pt,9,256
e3fae55083.jpg,photo_to_monet (B2A),../checkpoints/ckpt_final.pt,9,256
e3fe190c35.jpg,photo_to_monet (B2A),../checkpoints/ckpt_final.pt,9,256
e4005ebfe6.jpg,photo_to_monet (B2A),../checkpoints/ckpt_final.pt,9,256
e40a02297a.jpg,photo_to_monet (B2A),../checkpoints/ckpt_final.pt,9,256
e40ba425ad.jpg,photo_to_monet (B2A),../checkpoints/ckpt_final.pt,9,256
e40ea38065.jpg,photo_to_monet (B2A),../checkpoints/ckpt_final.pt,9,256
e41de69603.jpg,photo_to_monet (B2A),../checkpoints/ckpt_final.pt,9,256
e428d47850.jpg,photo_to_monet (B2A),../checkpoints/ckpt_final.pt,9,256
e43625382b.jpg,photo_to_monet (B2A),../checkpoints/ckpt_final.pt,9,256
e43cfeffd7.jpg,photo_to_monet (B2A),../checkpoints/ckpt_final.pt,9,256
e452266e47.jpg,photo_to_monet (B2A),../checkpoints/ckpt_final.pt,9,256
e46722db3b.jpg,photo_to_monet (B2A),../checkpoints/ckpt_final.pt,9,256
e474730931.jpg,photo_to_monet (B2A),../checkpoints/ckpt_final.pt,9,256
e484852720.jpg,photo_to_monet (B2A),../checkpoints/ckpt_final.pt,9,256
e4a7646e26.jpg,photo_to_monet (B2A),../checkpoints/ckpt_final.pt,9,256
e4b6e49888.jpg,photo_to_monet (B2A),../checkpoints/ckpt_final.pt,9,256
e4baa84c9e.jpg,photo_to_monet (B2A),../checkpoints/ckpt_final.pt,9,256
e4c2f8062a.jpg,photo_to_monet (B2A),../checkpoints/ckpt_final.pt,9,256
e4c47323cb.jpg,photo_to_monet (B2A),../checkpoints/ckpt_final.pt,9,256
e4db596478.jpg,photo_to_monet (B2A),../checkpoints/ckpt_final.pt,9,256
e4df61af49.jpg,photo_to_monet (B2A),../checkpoints/ckpt_final.pt,9,256
e4e7fd51dd.jpg,photo_to_monet (B2A),../checkpoints/ckpt_final.pt,9,256
e4ec14322d.jpg,photo_to_monet (B2A),../checkpoints/ckpt_final.pt,9,256
e4edaddcef.jpg,photo_to_monet (B2A),../checkpoints/ckpt_final.pt,9,256
e4f21cb9f8.jpg,photo_to_monet (B2A),../checkpoints/ckpt_final.pt,9,256
e4f5f401e0.jpg,photo_to_monet (B2A),../checkpoints/ckpt_final.pt,9,256
e50dc96e2b.jpg,photo_to_monet (B2A),../checkpoints/ckpt_final.pt,9,256
e517b6f313.jpg,photo_to_monet (B2A),../checkpoints/ckpt_final.pt,9,256
e5247c9272.jpg,photo_to_monet (B2A),../checkpoints/ckpt_final.pt,9,256
e52816eec3.jpg,photo_to_monet (B2A),../checkpoints/ckpt_final.pt,9,256
e52b0badda.jpg,photo_to_monet (B2A),../checkpoints/ckpt_final.pt,9,256
e53184b315.jpg,photo_to_monet (B2A),../checkpoints/ckpt_final.pt,9,256
e536a8e4d0.jpg,photo_to_monet (B2A),../checkpoints/ckpt_final.pt,9,256
e53aaa0782.jpg,photo_to_monet (B2A),../checkpoints/ckpt_final.pt,9,256
e53aaac02c.jpg,photo_to_monet (B2A),../checkpoints/ckpt_final.pt,9,256
e53b41415d.jpg,photo_to_monet (B2A),../checkpoints/ckpt_final.pt,9,256
e545b38111.jpg,photo_to_monet (B2A),../checkpoints/ckpt_final.pt,9,256
e54604f159.jpg,photo_to_monet (B2A),../checkpoints/ckpt_final.pt,9,256
e552c9356b.jpg,photo_to_monet (B2A),../checkpoints/ckpt_final.pt,9,256
e55aa6a075.jpg,photo_to_monet (B2A),../checkpoints/ckpt_final.pt,9,256
e569d449aa.jpg,photo_to_monet (B2A),../checkpoints/ckpt_final.pt,9,256
e56a3b131d.jpg,photo_to_monet (B2A),../checkpoints/ckpt_final.pt,9,256
e56e3bcfee.jpg,photo_to_monet (B2A),../checkpoints/ckpt_final.pt,9,256
e576d76af6.jpg,photo_to_monet (B2A),../checkpoints/ckpt_final.pt,9,256
e58dcaf848.jpg,photo_to_monet (B2A),../checkpoints/ckpt_final.pt,9,256
e58e1d7d58.jpg,photo_to_monet (B2A),../checkpoints/ckpt_final.pt,9,256
e58ef68e3f.jpg,photo_to_monet (B2A),../checkpoints/ckpt_final.pt,9,256
e59a45567d.jpg,photo_to_monet (B2A),../checkpoints/ckpt_final.pt,9,256
e5ae2eab59.jpg,photo_to_monet (B2A),../checkpoints/ckpt_final.pt,9,256
e5b0f574bf.jpg,photo_to_monet (B2A),../checkpoints/ckpt_final.pt,9,256
e5c7397b2d.jpg,photo_to_monet (B2A),../checkpoints/ckpt_final.pt,9,256
e5c842ca6e.jpg,photo_to_monet (B2A),../checkpoints/ckpt_final.pt,9,256
e5cb078996.jpg,photo_to_monet (B2A),../checkpoints/ckpt_final.pt,9,256
e5cb608eae.jpg,photo_to_monet (B2A),../checkpoints/ckpt_final.pt,9,256
e5cbe055f9.jpg,photo_to_monet (B2A),../checkpoints/ckpt_final.pt,9,256
e5cd922fa9.jpg,photo_to_monet (B2A),../checkpoints/ckpt_final.pt,9,256
e5d38a2047.jpg,photo_to_monet (B2A),../checkpoints/ckpt_final.pt,9,256
e5e1d837f1.jpg,photo_to_monet (B2A),../checkpoints/ckpt_final.pt,9,256
e5ffaac462.jpg,photo_to_monet (B2A),../checkpoints/ckpt_final.pt,9,256
e614135f7d.jpg,photo_to_monet (B2A),../checkpoints/ckpt_final.pt,9,256
e629d7f736.jpg,photo_to_monet (B2A),../checkpoints/ckpt_final.pt,9,256
e63a00fc4f.jpg,photo_to_monet (B2A),../checkpoints/ckpt_final.pt,9,256
e643c9bdbe.jpg,photo_to_monet (B2A),../checkpoints/ckpt_final.pt,9,256
e6636be041.jpg,photo_to_monet (B2A),../checkpoints/ckpt_final.pt,9,256
e67341c640.jpg,photo_to_monet (B2A),../checkpoints/ckpt_final.pt,9,256
e67601a231.jpg,photo_to_monet (B2A),../checkpoints/ckpt_final.pt,9,256
e6779d7ed5.jpg,photo_to_monet (B2A),../checkpoints/ckpt_final.pt,9,256
e67cc523e0.jpg,photo_to_monet (B2A),../checkpoints/ckpt_final.pt,9,256
e67e86bdb9.jpg,photo_to_monet (B2A),../checkpoints/ckpt_final.pt,9,256
e6836aa6da.jpg,photo_to_monet (B2A),../checkpoints/ckpt_final.pt,9,256
e686121a13.jpg,photo_to_monet (B2A),../checkpoints/ckpt_final.pt,9,256
e693f37abc.jpg,photo_to_monet (B2A),../checkpoints/ckpt_final.pt,9,256
e69c2d5a6d.jpg,photo_to_monet (B2A),../checkpoints/ckpt_final.pt,9,256
e69eb967c0.jpg,photo_to_monet (B2A),../checkpoints/ckpt_final.pt,9,256
e6a325d8fb.jpg,photo_to_monet (B2A),../checkpoints/ckpt_final.pt,9,256
e6a609cf76.jpg,photo_to_monet (B2A),../checkpoints/ckpt_final.pt,9,256
e6ad3eec60.jpg,photo_to_monet (B2A),../checkpoints/ckpt_final.pt,9,256
e6ba8f2334.jpg,photo_to_monet (B2A),../checkpoints/ckpt_final.pt,9,256
e6c25786d7.jpg,photo_to_monet (B2A),../checkpoints/ckpt_final.pt,9,256
e6cc103915.jpg,photo_to_monet (B2A),../checkpoints/ckpt_final.pt,9,256
e6d2f68fcf.jpg,photo_to_monet (B2A),../checkpoints/ckpt_final.pt,9,256
e6dc2ff40c.jpg,photo_to_monet (B2A),../checkpoints/ckpt_final.pt,9,256
e6e3f15b73.jpg,photo_to_monet (B2A),../checkpoints/ckpt_final.pt,9,256
e6e6959173.jpg,photo_to_monet (B2A),../checkpoints/ckpt_final.pt,9,256
e6ea2d4d47.jpg,photo_to_monet (B2A),../checkpoints/ckpt_final.pt,9,256
e6f8a63c9c.jpg,photo_to_monet (B2A),../checkpoints/ckpt_final.pt,9,256
e707bf37b1.jpg,photo_to_monet (B2A),../checkpoints/ckpt_final.pt,9,256
e710d6eaa6.jpg,photo_to_monet (B2A),../checkpoints/ckpt_final.pt,9,256
e714c3661f.jpg,photo_to_monet (B2A),../checkpoints/ckpt_final.pt,9,256
e715464acb.jpg,photo_to_monet (B2A),../checkpoints/ckpt_final.pt,9,256
e738568be6.jpg,photo_to_monet (B2A),../checkpoints/ckpt_final.pt,9,256
e73a598e28.jpg,photo_to_monet (B2A),../checkpoints/ckpt_final.pt,9,256
e73db0029b.jpg,photo_to_monet (B2A),../checkpoints/ckpt_final.pt,9,256
e744db3cd3.jpg,photo_to_monet (B2A),../checkpoints/ckpt_final.pt,9,256
e74a97ae14.jpg,photo_to_monet (B2A),../checkpoints/ckpt_final.pt,9,256
e764b3f35a.jpg,photo_to_monet (B2A),../checkpoints/ckpt_final.pt,9,256
e790229789.jpg,photo_to_monet (B2A),../checkpoints/ckpt_final.pt,9,256
e79618c3c9.jpg,photo_to_monet (B2A),../checkpoints/ckpt_final.pt,9,256
e7a2c2dfd5.jpg,photo_to_monet (B2A),../checkpoints/ckpt_final.pt,9,256
e7b73c75cb.jpg,photo_to_monet (B2A),../checkpoints/ckpt_final.pt,9,256
e7c3ac222b.jpg,photo_to_monet (B2A),../checkpoints/ckpt_final.pt,9,256
e7c99420a8.jpg,photo_to_monet (B2A),../checkpoints/ckpt_final.pt,9,256
e7cd8551d8.jpg,photo_to_monet (B2A),../checkpoints/ckpt_final.pt,9,256
e7cdd8fd59.jpg,photo_to_monet (B2A),../checkpoints/ckpt_final.pt,9,256
e7d445c059.jpg,photo_to_monet (B2A),../checkpoints/ckpt_final.pt,9,256
e7ddcd88d3.jpg,photo_to_monet (B2A),../checkpoints/ckpt_final.pt,9,256
e7e77d48b0.jpg,photo_to_monet (B2A),../checkpoints/ckpt_final.pt,9,256
e7fd336c2e.jpg,photo_to_monet (B2A),../checkpoints/ckpt_final.pt,9,256
e80855ec86.jpg,photo_to_monet (B2A),../checkpoints/ckpt_final.pt,9,256
e80a7530ea.jpg,photo_to_monet (B2A),../checkpoints/ckpt_final.pt,9,256
e80cebe6dd.jpg,photo_to_monet (B2A),../checkpoints/ckpt_final.pt,9,256
e80f526332.jpg,photo_to_monet (B2A),../checkpoints/ckpt_final.pt,9,256
e810cbaf55.jpg,photo_to_monet (B2A),../checkpoints/ckpt_final.pt,9,256
e8234e1e2e.jpg,photo_to_monet (B2A),../checkpoints/ckpt_final.pt,9,256
e8338afa09.jpg,photo_to_monet (B2A),../checkpoints/ckpt_final.pt,9,256
e85bba618a.jpg,photo_to_monet (B2A),../checkpoints/ckpt_final.pt,9,256
e85ed2bc38.jpg,photo_to_monet (B2A),../checkpoints/ckpt_final.pt,9,256
e8605bf89a.jpg,photo_to_monet (B2A),../checkpoints/ckpt_final.pt,9,256
e862b2a488.jpg,photo_to_monet (B2A),../checkpoints/ckpt_final.pt,9,256
e86d465a2d.jpg,photo_to_monet (B2A),../checkpoints/ckpt_final.pt,9,256
e8718dba1c.jpg,photo_to_monet (B2A),../checkpoints/ckpt_final.pt,9,256
e876733707.jpg,photo_to_monet (B2A),../checkpoints/ckpt_final.pt,9,256
e87676e6e2.jpg,photo_to_monet (B2A),../checkpoints/ckpt_final.pt,9,256
e8789baa19.jpg,photo_to_monet (B2A),../checkpoints/ckpt_final.pt,9,256
e8882a7f33.jpg,photo_to_monet (B2A),../checkpoints/ckpt_final.pt,9,256
e89accad47.jpg,photo_to_monet (B2A),../checkpoints/ckpt_final.pt,9,256
e89b1f65b6.jpg,photo_to_monet (B2A),../checkpoints/ckpt_final.pt,9,256
e89e3ef99f.jpg,photo_to_monet (B2A),../checkpoints/ckpt_final.pt,9,256
e89f26b785.jpg,photo_to_monet (B2A),../checkpoints/ckpt_final.pt,9,256
e8a6213a64.jpg,photo_to_monet (B2A),../checkpoints/ckpt_final.pt,9,256
e8ca770df9.jpg,photo_to_monet (B2A),../checkpoints/ckpt_final.pt,9,256
e8cede65a7.jpg,photo_to_monet (B2A),../checkpoints/ckpt_final.pt,9,256
e8dc20c86e.jpg,photo_to_monet (B2A),../checkpoints/ckpt_final.pt,9,256
e8e02ca944.jpg,photo_to_monet (B2A),../checkpoints/ckpt_final.pt,9,256
e8f2542a00.jpg,photo_to_monet (B2A),../checkpoints/ckpt_final.pt,9,256
e8f8ff2e11.jpg,photo_to_monet (B2A),../checkpoints/ckpt_final.pt,9,256
e91a6a79ca.jpg,photo_to_monet (B2A),../checkpoints/ckpt_final.pt,9,256
e941a6971b.jpg,photo_to_monet (B2A),../checkpoints/ckpt_final.pt,9,256
e9425b919e.jpg,photo_to_monet (B2A),../checkpoints/ckpt_final.pt,9,256
e94ce61928.jpg,photo_to_monet (B2A),../checkpoints/ckpt_final.pt,9,256
e94fe9ef94.jpg,photo_to_monet (B2A),../checkpoints/ckpt_final.pt,9,256
e9652384d0.jpg,photo_to_monet (B2A),../checkpoints/ckpt_final.pt,9,256
e96e9bdf9f.jpg,photo_to_monet (B2A),../checkpoints/ckpt_final.pt,9,256
e975867ee1.jpg,photo_to_monet (B2A),../checkpoints/ckpt_final.pt,9,256
e97aab1e3a.jpg,photo_to_monet (B2A),../checkpoints/ckpt_final.pt,9,256
e97f72f75e.jpg,photo_to_monet (B2A),../checkpoints/ckpt_final.pt,9,256
e9896641d2.jpg,photo_to_monet (B2A),../checkpoints/ckpt_final.pt,9,256
e98c174738.jpg,photo_to_monet (B2A),../checkpoints/ckpt_final.pt,9,256
e98cd4e13f.jpg,photo_to_monet (B2A),../checkpoints/ckpt_final.pt,9,256
e98d5c8d85.jpg,photo_to_monet (B2A),../checkpoints/ckpt_final.pt,9,256
e98e9b1620.jpg,photo_to_monet (B2A),../checkpoints/ckpt_final.pt,9,256
e991139f4b.jpg,photo_to_monet (B2A),../checkpoints/ckpt_final.pt,9,256
e9ba0bafc4.jpg,photo_to_monet (B2A),../checkpoints/ckpt_final.pt,9,256
e9c3e52cf1.jpg,photo_to_monet (B2A),../checkpoints/ckpt_final.pt,9,256
e9ca026ba3.jpg,photo_to_monet (B2A),../checkpoints/ckpt_final.pt,9,256
e9cbdee9bd.jpg,photo_to_monet (B2A),../checkpoints/ckpt_final.pt,9,256
e9d65fa272.jpg,photo_to_monet (B2A),../checkpoints/ckpt_final.pt,9,256
e9da2fab10.jpg,photo_to_monet (B2A),../checkpoints/ckpt_final.pt,9,256
e9da44faa6.jpg,photo_to_monet (B2A),../checkpoints/ckpt_final.pt,9,256
e9e303af60.jpg,photo_to_monet (B2A),../checkpoints/ckpt_final.pt,9,256
e9ebdfe8ec.jpg,photo_to_monet (B2A),../checkpoints/ckpt_final.pt,9,256
e9ec0b07bd.jpg,photo_to_monet (B2A),../checkpoints/ckpt_final.pt,9,256
e9ef067120.jpg,photo_to_monet (B2A),../checkpoints/ckpt_final.pt,9,256
ea0086b300.jpg,photo_to_monet (B2A),../checkpoints/ckpt_final.pt,9,256
ea2128c1b2.jpg,photo_to_monet (B2A),../checkpoints/ckpt_final.pt,9,256
ea29af7178.jpg,photo_to_monet (B2A),../checkpoints/ckpt_final.pt,9,256
ea38729951.jpg,photo_to_monet (B2A),../checkpoints/ckpt_final.pt,9,256
ea437a682c.jpg,photo_to_monet (B2A),../checkpoints/ckpt_final.pt,9,256
ea4dc1e88e.jpg,photo_to_monet (B2A),../checkpoints/ckpt_final.pt,9,256
ea4f37e7e5.jpg,photo_to_monet (B2A),../checkpoints/ckpt_final.pt,9,256
ea58d700d2.jpg,photo_to_monet (B2A),../checkpoints/ckpt_final.pt,9,256
ea60c54c69.jpg,photo_to_monet (B2A),../checkpoints/ckpt_final.pt,9,256
ea626ba3a9.jpg,photo_to_monet (B2A),../checkpoints/ckpt_final.pt,9,256
ea656cf2b6.jpg,photo_to_monet (B2A),../checkpoints/ckpt_final.pt,9,256
ea6917e2db.jpg,photo_to_monet (B2A),../checkpoints/ckpt_final.pt,9,256
ea867fecaa.jpg,photo_to_monet (B2A),../checkpoints/ckpt_final.pt,9,256
ea90ff6da4.jpg,photo_to_monet (B2A),../checkpoints/ckpt_final.pt,9,256
ea942e0882.jpg,photo_to_monet (B2A),../checkpoints/ckpt_final.pt,9,256
ea965a1eba.jpg,photo_to_monet (B2A),../checkpoints/ckpt_final.pt,9,256
eaa17f1091.jpg,photo_to_monet (B2A),../checkpoints/ckpt_final.pt,9,256
eaac3f27b0.jpg,photo_to_monet (B2A),../checkpoints/ckpt_final.pt,9,256
eab48ed00d.jpg,photo_to_monet (B2A),../checkpoints/ckpt_final.pt,9,256
eab57199fa.jpg,photo_to_monet (B2A),../checkpoints/ckpt_final.pt,9,256
eabe91cae5.jpg,photo_to_monet (B2A),../checkpoints/ckpt_final.pt,9,256
eac7bd7368.jpg,photo_to_monet (B2A),../checkpoints/ckpt_final.pt,9,256
eacb6ead4a.jpg,photo_to_monet (B2A),../checkpoints/ckpt_final.pt,9,256
eacdc1d18f.jpg,photo_to_monet (B2A),../checkpoints/ckpt_final.pt,9,256
ead2fdbadc.jpg,photo_to_monet (B2A),../checkpoints/ckpt_final.pt,9,256
ead622126f.jpg,photo_to_monet (B2A),../checkpoints/ckpt_final.pt,9,256
eadb799684.jpg,photo_to_monet (B2A),../checkpoints/ckpt_final.pt,9,256
eadea8cf4c.jpg,photo_to_monet (B2A),../checkpoints/ckpt_final.pt,9,256
eae1d7b4a7.jpg,photo_to_monet (B2A),../checkpoints/ckpt_final.pt,9,256
eae8ac05b6.jpg,photo_to_monet (B2A),../checkpoints/ckpt_final.pt,9,256
eafc9d8929.jpg,photo_to_monet (B2A),../checkpoints/ckpt_final.pt,9,256
eb09186652.jpg,photo_to_monet (B2A),../checkpoints/ckpt_final.pt,9,256
eb143cd557.jpg,photo_to_monet (B2A),../checkpoints/ckpt_final.pt,9,256
eb1ae4752c.jpg,photo_to_monet (B2A),../checkpoints/ckpt_final.pt,9,256
eb1ce8f38f.jpg,photo_to_monet (B2A),../checkpoints/ckpt_final.pt,9,256
eb1f220d40.jpg,photo_to_monet (B2A),../checkpoints/ckpt_final.pt,9,256
eb267343a7.jpg,photo_to_monet (B2A),../checkpoints/ckpt_final.pt,9,256
eb33d8e41b.jpg,photo_to_monet (B2A),../checkpoints/ckpt_final.pt,9,256
eb34f329c1.jpg,photo_to_monet (B2A),../checkpoints/ckpt_final.pt,9,256
eb396944a9.jpg,photo_to_monet (B2A),../checkpoints/ckpt_final.pt,9,256
eb48b08b2c.jpg,photo_to_monet (B2A),../checkpoints/ckpt_final.pt,9,256
eb4c747b35.jpg,photo_to_monet (B2A),../checkpoints/ckpt_final.pt,9,256
eb5a006cd8.jpg,photo_to_monet (B2A),../checkpoints/ckpt_final.pt,9,256
eb7323bae7.jpg,photo_to_monet (B2A),../checkpoints/ckpt_final.pt,9,256
eb74e149ff.jpg,photo_to_monet (B2A),../checkpoints/ckpt_final.pt,9,256
eb74ee9751.jpg,photo_to_monet (B2A),../checkpoints/ckpt_final.pt,9,256
eb927ffcce.jpg,photo_to_monet (B2A),../checkpoints/ckpt_final.pt,9,256
eb9630147d.jpg,photo_to_monet (B2A),../checkpoints/ckpt_final.pt,9,256
ebb0aa2f01.jpg,photo_to_monet (B2A),../checkpoints/ckpt_final.pt,9,256
ebb3a60020.jpg,photo_to_monet (B2A),../checkpoints/ckpt_final.pt,9,256
ebb7fcea92.jpg,photo_to_monet (B2A),../checkpoints/ckpt_final.pt,9,256
ebb973284b.jpg,photo_to_monet (B2A),../checkpoints/ckpt_final.pt,9,256
ebc6398a40.jpg,photo_to_monet (B2A),../checkpoints/ckpt_final.pt,9,256
ebcc42e110.jpg,photo_to_monet (B2A),../checkpoints/ckpt_final.pt,9,256
ebcce1a075.jpg,photo_to_monet (B2A),../checkpoints/ckpt_final.pt,9,256
ebd677e4df.jpg,photo_to_monet (B2A),../checkpoints/ckpt_final.pt,9,256
ebfb842dbb.jpg,photo_to_monet (B2A),../checkpoints/ckpt_final.pt,9,256
ec22ac410a.jpg,photo_to_monet (B2A),../checkpoints/ckpt_final.pt,9,256
ec26ffe6d9.jpg,photo_to_monet (B2A),../checkpoints/ckpt_final.pt,9,256
ec2819dd4a.jpg,photo_to_monet (B2A),../checkpoints/ckpt_final.pt,9,256
ec361682b9.jpg,photo_to_monet (B2A),../checkpoints/ckpt_final.pt,9,256
ec3cedbafe.jpg,photo_to_monet (B2A),../checkpoints/ckpt_final.pt,9,256
ec4acecf3f.jpg,photo_to_monet (B2A),../checkpoints/ckpt_final.pt,9,256
ec4fccd390.jpg,photo_to_monet (B2A),../checkpoints/ckpt_final.pt,9,256
ec509fe942.jpg,photo_to_monet (B2A),../checkpoints/ckpt_final.pt,9,256
ec5d51aaf0.jpg,photo_to_monet (B2A),../checkpoints/ckpt_final.pt,9,256
ec61770865.jpg,photo_to_monet (B2A),../checkpoints/ckpt_final.pt,9,256
ec673dd8d4.jpg,photo_to_monet (B2A),../checkpoints/ckpt_final.pt,9,256
ec6c041436.jpg,photo_to_monet (B2A),../checkpoints/ckpt_final.pt,9,256
ec7228a986.jpg,photo_to_monet (B2A),../checkpoints/ckpt_final.pt,9,256
ec74224ef5.jpg,photo_to_monet (B2A),../checkpoints/ckpt_final.pt,9,256
ec99be1db6.jpg,photo_to_monet (B2A),../checkpoints/ckpt_final.pt,9,256
ecad06947b.jpg,photo_to_monet (B2A),../checkpoints/ckpt_final.pt,9,256
ecaf3bdf12.jpg,photo_to_monet (B2A),../checkpoints/ckpt_final.pt,9,256
ecb38a1051.jpg,photo_to_monet (B2A),../checkpoints/ckpt_final.pt,9,256
ecb3ccc9f4.jpg,photo_to_monet (B2A),../checkpoints/ckpt_final.pt,9,256
ecc3cd6e1b.jpg,photo_to_monet (B2A),../checkpoints/ckpt_final.pt,9,256
ece948ce97.jpg,photo_to_monet (B2A),../checkpoints/ckpt_final.pt,9,256
ecee77ae5a.jpg,photo_to_monet (B2A),../checkpoints/ckpt_final.pt,9,256
ed04dbb114.jpg,photo_to_monet (B2A),../checkpoints/ckpt_final.pt,9,256
ed0ddbf26a.jpg,photo_to_monet (B2A),../checkpoints/ckpt_final.pt,9,256
ed22cf856f.jpg,photo_to_monet (B2A),../checkpoints/ckpt_final.pt,9,256
ed27eb5c68.jpg,photo_to_monet (B2A),../checkpoints/ckpt_final.pt,9,256
ed31f8c196.jpg,photo_to_monet (B2A),../checkpoints/ckpt_final.pt,9,256
ed34d8d7f3.jpg,photo_to_monet (B2A),../checkpoints/ckpt_final.pt,9,256
ed3b265e09.jpg,photo_to_monet (B2A),../checkpoints/ckpt_final.pt,9,256
ed458bffb6.jpg,photo_to_monet (B2A),../checkpoints/ckpt_final.pt,9,256
ed473bcf9b.jpg,photo_to_monet (B2A),../checkpoints/ckpt_final.pt,9,256
ed59cdccf1.jpg,photo_to_monet (B2A),../checkpoints/ckpt_final.pt,9,256
ed60c6410b.jpg,photo_to_monet (B2A),../checkpoints/ckpt_final.pt,9,256
ed65db5f88.jpg,photo_to_monet (B2A),../checkpoints/ckpt_final.pt,9,256
ed7b96a9c5.jpg,photo_to_monet (B2A),../checkpoints/ckpt_final.pt,9,256
ed848812da.jpg,photo_to_monet (B2A),../checkpoints/ckpt_final.pt,9,256
ed8dab0f96.jpg,photo_to_monet (B2A),../checkpoints/ckpt_final.pt,9,256
ed915c89a2.jpg,photo_to_monet (B2A),../checkpoints/ckpt_final.pt,9,256
ed94946d16.jpg,photo_to_monet (B2A),../checkpoints/ckpt_final.pt,9,256
ed9f0b8b5d.jpg,photo_to_monet (B2A),../checkpoints/ckpt_final.pt,9,256
eda8697979.jpg,photo_to_monet (B2A),../checkpoints/ckpt_final.pt,9,256
edb7d50936.jpg,photo_to_monet (B2A),../checkpoints/ckpt_final.pt,9,256
edba7f0a70.jpg,photo_to_monet (B2A),../checkpoints/ckpt_final.pt,9,256
edc66bfb66.jpg,photo_to_monet (B2A),../checkpoints/ckpt_final.pt,9,256
edd52342db.jpg,photo_to_monet (B2A),../checkpoints/ckpt_final.pt,9,256
ede0add355.jpg,photo_to_monet (B2A),../checkpoints/ckpt_final.pt,9,256
edef4ef18d.jpg,photo_to_monet (B2A),../checkpoints/ckpt_final.pt,9,256
edef9cbabe.jpg,photo_to_monet (B2A),../checkpoints/ckpt_final.pt,9,256
edf15f0940.jpg,photo_to_monet (B2A),../checkpoints/ckpt_final.pt,9,256
edf42b9d0d.jpg,photo_to_monet (B2A),../checkpoints/ckpt_final.pt,9,256
ee0e1d6569.jpg,photo_to_monet (B2A),../checkpoints/ckpt_final.pt,9,256
ee24903251.jpg,photo_to_monet (B2A),../checkpoints/ckpt_final.pt,9,256
ee28cc4d68.jpg,photo_to_monet (B2A),../checkpoints/ckpt_final.pt,9,256
ee29105aba.jpg,photo_to_monet (B2A),../checkpoints/ckpt_final.pt,9,256
ee2bf8c5fd.jpg,photo_to_monet (B2A),../checkpoints/ckpt_final.pt,9,256
ee2e0ec65d.jpg,photo_to_monet (B2A),../checkpoints/ckpt_final.pt,9,256
ee6c260d4f.jpg,photo_to_monet (B2A),../checkpoints/ckpt_final.pt,9,256
ee861e6fae.jpg,photo_to_monet (B2A),../checkpoints/ckpt_final.pt,9,256
ee8bdcd99f.jpg,photo_to_monet (B2A),../checkpoints/ckpt_final.pt,9,256
ee8c2e9e3c.jpg,photo_to_monet (B2A),../checkpoints/ckpt_final.pt,9,256
ee97a20e7c.jpg,photo_to_monet (B2A),../checkpoints/ckpt_final.pt,9,256
ee982ce7e3.jpg,photo_to_monet (B2A),../checkpoints/ckpt_final.pt,9,256
ee9b29e1b8.jpg,photo_to_monet (B2A),../checkpoints/ckpt_final.pt,9,256
eea8eff240.jpg,photo_to_monet (B2A),../checkpoints/ckpt_final.pt,9,256
eeb1e5f575.jpg,photo_to_monet (B2A),../checkpoints/ckpt_final.pt,9,256
eeb4ccb21f.jpg,photo_to_monet (B2A),../checkpoints/ckpt_final.pt,9,256
eec21ae61c.jpg,photo_to_monet (B2A),../checkpoints/ckpt_final.pt,9,256
eed4191e08.jpg,photo_to_monet (B2A),../checkpoints/ckpt_final.pt,9,256
eed8644829.jpg,photo_to_monet (B2A),../checkpoints/ckpt_final.pt,9,256
eedab28822.jpg,photo_to_monet (B2A),../checkpoints/ckpt_final.pt,9,256
eee8098608.jpg,photo_to_monet (B2A),../checkpoints/ckpt_final.pt,9,256
eeee68b7d8.jpg,photo_to_monet (B2A),../checkpoints/ckpt_final.pt,9,256
eef39ac09b.jpg,photo_to_monet (B2A),../checkpoints/ckpt_final.pt,9,256
eef4bdae39.jpg,photo_to_monet (B2A),../checkpoints/ckpt_final.pt,9,256
ef129d082c.jpg,photo_to_monet (B2A),../checkpoints/ckpt_final.pt,9,256
ef15317c67.jpg,photo_to_monet (B2A),../checkpoints/ckpt_final.pt,9,256
ef1f3e84f9.jpg,photo_to_monet (B2A),../checkpoints/ckpt_final.pt,9,256
ef488233e3.jpg,photo_to_monet (B2A),../checkpoints/ckpt_final.pt,9,256
ef4a60107c.jpg,photo_to_monet (B2A),../checkpoints/ckpt_final.pt,9,256
ef59ec0110.jpg,photo_to_monet (B2A),../checkpoints/ckpt_final.pt,9,256
ef6190ff9b.jpg,photo_to_monet (B2A),../checkpoints/ckpt_final.pt,9,256
ef674070d3.jpg,photo_to_monet (B2A),../checkpoints/ckpt_final.pt,9,256
ef77fe0cfc.jpg,photo_to_monet (B2A),../checkpoints/ckpt_final.pt,9,256
ef833e60b4.jpg,photo_to_monet (B2A),../checkpoints/ckpt_final.pt,9,256
ef893e33a9.jpg,photo_to_monet (B2A),../checkpoints/ckpt_final.pt,9,256
ef8a6e2a7a.jpg,photo_to_monet (B2A),../checkpoints/ckpt_final.pt,9,256
ef9ca94c15.jpg,photo_to_monet (B2A),../checkpoints/ckpt_final.pt,9,256
ef9e5bc080.jpg,photo_to_monet (B2A),../checkpoints/ckpt_final.pt,9,256
efa2ba7d02.jpg,photo_to_monet (B2A),../checkpoints/ckpt_final.pt,9,256
efa6c21576.jpg,photo_to_monet (B2A),../checkpoints/ckpt_final.pt,9,256
efa79c9c41.jpg,photo_to_monet (B2A),../checkpoints/ckpt_final.pt,9,256
efbb57a439.jpg,photo_to_monet (B2A),../checkpoints/ckpt_final.pt,9,256
efbfcfe793.jpg,photo_to_monet (B2A),../checkpoints/ckpt_final.pt,9,256
efc51bdcdf.jpg,photo_to_monet (B2A),../checkpoints/ckpt_final.pt,9,256
efcabd7b97.jpg,photo_to_monet (B2A),../checkpoints/ckpt_final.pt,9,256
efd9e949f5.jpg,photo_to_monet (B2A),../checkpoints/ckpt_final.pt,9,256
efeb94db8b.jpg,photo_to_monet (B2A),../checkpoints/ckpt_final.pt,9,256
effaa53ad8.jpg,photo_to_monet (B2A),../checkpoints/ckpt_final.pt,9,256
f005004e0c.jpg,photo_to_monet (B2A),../checkpoints/ckpt_final.pt,9,256
f01164b232.jpg,photo_to_monet (B2A),../checkpoints/ckpt_final.pt,9,256
f01207f706.jpg,photo_to_monet (B2A),../checkpoints/ckpt_final.pt,9,256
f01a04bd03.jpg,photo_to_monet (B2A),../checkpoints/ckpt_final.pt,9,256
f020a207a8.jpg,photo_to_monet (B2A),../checkpoints/ckpt_final.pt,9,256
f0220aa3f5.jpg,photo_to_monet (B2A),../checkpoints/ckpt_final.pt,9,256
f024838b95.jpg,photo_to_monet (B2A),../checkpoints/ckpt_final.pt,9,256
f0367de132.jpg,photo_to_monet (B2A),../checkpoints/ckpt_final.pt,9,256
f04f12da30.jpg,photo_to_monet (B2A),../checkpoints/ckpt_final.pt,9,256
f06b8cfef0.jpg,photo_to_monet (B2A),../checkpoints/ckpt_final.pt,9,256
f074cffca1.jpg,photo_to_monet (B2A),../checkpoints/ckpt_final.pt,9,256
f07cb0b75e.jpg,photo_to_monet (B2A),../checkpoints/ckpt_final.pt,9,256
f07e66c2d2.jpg,photo_to_monet (B2A),../checkpoints/ckpt_final.pt,9,256
f088a906d0.jpg,photo_to_monet (B2A),../checkpoints/ckpt_final.pt,9,256
f088b513bf.jpg,photo_to_monet (B2A),../checkpoints/ckpt_final.pt,9,256
f08926d339.jpg,photo_to_monet (B2A),../checkpoints/ckpt_final.pt,9,256
f08c39d24f.jpg,photo_to_monet (B2A),../checkpoints/ckpt_final.pt,9,256
f08e936c6b.jpg,photo_to_monet (B2A),../checkpoints/ckpt_final.pt,9,256
f0962b6de5.jpg,photo_to_monet (B2A),../checkpoints/ckpt_final.pt,9,256
f09c772bcc.jpg,photo_to_monet (B2A),../checkpoints/ckpt_final.pt,9,256
f09d0b81ba.jpg,photo_to_monet (B2A),../checkpoints/ckpt_final.pt,9,256
f0a1187473.jpg,photo_to_monet (B2A),../checkpoints/ckpt_final.pt,9,256
f0a55ad775.jpg,photo_to_monet (B2A),../checkpoints/ckpt_final.pt,9,256
f0a679e095.jpg,photo_to_monet (B2A),../checkpoints/ckpt_final.pt,9,256
f0aa76ff07.jpg,photo_to_monet (B2A),../checkpoints/ckpt_final.pt,9,256
f0b8c1d365.jpg,photo_to_monet (B2A),../checkpoints/ckpt_final.pt,9,256
f0e139a901.jpg,photo_to_monet (B2A),../checkpoints/ckpt_final.pt,9,256
f1032a4bd8.jpg,photo_to_monet (B2A),../checkpoints/ckpt_final.pt,9,256
f105adbfb1.jpg,photo_to_monet (B2A),../checkpoints/ckpt_final.pt,9,256
f10d2923bd.jpg,photo_to_monet (B2A),../checkpoints/ckpt_final.pt,9,256
f10f748b4d.jpg,photo_to_monet (B2A),../checkpoints/ckpt_final.pt,9,256
f11454665a.jpg,photo_to_monet (B2A),../checkpoints/ckpt_final.pt,9,256
f11ee27f26.jpg,photo_to_monet (B2A),../checkpoints/ckpt_final.pt,9,256
f13184bb48.jpg,photo_to_monet (B2A),../checkpoints/ckpt_final.pt,9,256
f148707bb0.jpg,photo_to_monet (B2A),../checkpoints/ckpt_final.pt,9,256
f1591e50e1.jpg,photo_to_monet (B2A),../checkpoints/ckpt_final.pt,9,256
f15b7224fd.jpg,photo_to_monet (B2A),../checkpoints/ckpt_final.pt,9,256
f163b5185e.jpg,photo_to_monet (B2A),../checkpoints/ckpt_final.pt,9,256
f1670c265f.jpg,photo_to_monet (B2A),../checkpoints/ckpt_final.pt,9,256
f176a55e27.jpg,photo_to_monet (B2A),../checkpoints/ckpt_final.pt,9,256
f177cf7991.jpg,photo_to_monet (B2A),../checkpoints/ckpt_final.pt,9,256
f17a8c4aee.jpg,photo_to_monet (B2A),../checkpoints/ckpt_final.pt,9,256
f17e985728.jpg,photo_to_monet (B2A),../checkpoints/ckpt_final.pt,9,256
f180c8d8b9.jpg,photo_to_monet (B2A),../checkpoints/ckpt_final.pt,9,256
f188425ea5.jpg,photo_to_monet (B2A),../checkpoints/ckpt_final.pt,9,256
f18989ff8d.jpg,photo_to_monet (B2A),../checkpoints/ckpt_final.pt,9,256
f18d2c0a81.jpg,photo_to_monet (B2A),../checkpoints/ckpt_final.pt,9,256
f1ac127445.jpg,photo_to_monet (B2A),../checkpoints/ckpt_final.pt,9,256
f1b8dee326.jpg,photo_to_monet (B2A),../checkpoints/ckpt_final.pt,9,256
f1c198d735.jpg,photo_to_monet (B2A),../checkpoints/ckpt_final.pt,9,256
f1d4e7cd69.jpg,photo_to_monet (B2A),../checkpoints/ckpt_final.pt,9,256
f1d7343af8.jpg,photo_to_monet (B2A),../checkpoints/ckpt_final.pt,9,256
f1dbada7a5.jpg,photo_to_monet (B2A),../checkpoints/ckpt_final.pt,9,256
f1fe522e6d.jpg,photo_to_monet (B2A),../checkpoints/ckpt_final.pt,9,256
f1ff4a822a.jpg,photo_to_monet (B2A),../checkpoints/ckpt_final.pt,9,256
f203101270.jpg,photo_to_monet (B2A),../checkpoints/ckpt_final.pt,9,256
f21ca704e5.jpg,photo_to_monet (B2A),../checkpoints/ckpt_final.pt,9,256
f21dd18a49.jpg,photo_to_monet (B2A),../checkpoints/ckpt_final.pt,9,256
f222ee8acc.jpg,photo_to_monet (B2A),../checkpoints/ckpt_final.pt,9,256
f22dac0d03.jpg,photo_to_monet (B2A),../checkpoints/ckpt_final.pt,9,256
f230845d9a.jpg,photo_to_monet (B2A),../checkpoints/ckpt_final.pt,9,256
f23e5d0e29.jpg,photo_to_monet (B2A),../checkpoints/ckpt_final.pt,9,256
f247ca8a34.jpg,photo_to_monet (B2A),../checkpoints/ckpt_final.pt,9,256
f24a8f4c6c.jpg,photo_to_monet (B2A),../checkpoints/ckpt_final.pt,9,256
f24acd17d0.jpg,photo_to_monet (B2A),../checkpoints/ckpt_final.pt,9,256
f25716f164.jpg,photo_to_monet (B2A),../checkpoints/ckpt_final.pt,9,256
f265b9c6d2.jpg,photo_to_monet (B2A),../checkpoints/ckpt_final.pt,9,256
f26d369fbd.jpg,photo_to_monet (B2A),../checkpoints/ckpt_final.pt,9,256
f270b20be4.jpg,photo_to_monet (B2A),../checkpoints/ckpt_final.pt,9,256
f27ac3fc28.jpg,photo_to_monet (B2A),../checkpoints/ckpt_final.pt,9,256
f27e7b74de.jpg,photo_to_monet (B2A),../checkpoints/ckpt_final.pt,9,256
f27f6894a1.jpg,photo_to_monet (B2A),../checkpoints/ckpt_final.pt,9,256
f28231f3f9.jpg,photo_to_monet (B2A),../checkpoints/ckpt_final.pt,9,256
f2876e0b28.jpg,photo_to_monet (B2A),../checkpoints/ckpt_final.pt,9,256
f298108b32.jpg,photo_to_monet (B2A),../checkpoints/ckpt_final.pt,9,256
f2a3dc33fe.jpg,photo_to_monet (B2A),../checkpoints/ckpt_final.pt,9,256
f2b162e74b.jpg,photo_to_monet (B2A),../checkpoints/ckpt_final.pt,9,256
f2b7c12b9c.jpg,photo_to_monet (B2A),../checkpoints/ckpt_final.pt,9,256
f2d042180c.jpg,photo_to_monet (B2A),../checkpoints/ckpt_final.pt,9,256
f2d2d4efbc.jpg,photo_to_monet (B2A),../checkpoints/ckpt_final.pt,9,256
f2d986db88.jpg,photo_to_monet (B2A),../checkpoints/ckpt_final.pt,9,256
f2f09c8f41.jpg,photo_to_monet (B2A),../checkpoints/ckpt_final.pt,9,256
f2f56add24.jpg,photo_to_monet (B2A),../checkpoints/ckpt_final.pt,9,256
f30e44407b.jpg,photo_to_monet (B2A),../checkpoints/ckpt_final.pt,9,256
f31217f986.jpg,photo_to_monet (B2A),../checkpoints/ckpt_final.pt,9,256
f3141801d8.jpg,photo_to_monet (B2A),../checkpoints/ckpt_final.pt,9,256
f3230db890.jpg,photo_to_monet (B2A),../checkpoints/ckpt_final.pt,9,256
f32a18c7c6.jpg,photo_to_monet (B2A),../checkpoints/ckpt_final.pt,9,256
f3356114c7.jpg,photo_to_monet (B2A),../checkpoints/ckpt_final.pt,9,256
f351ce3bc5.jpg,photo_to_monet (B2A),../checkpoints/ckpt_final.pt,9,256
f352a7a312.jpg,photo_to_monet (B2A),../checkpoints/ckpt_final.pt,9,256
f354013389.jpg,photo_to_monet (B2A),../checkpoints/ckpt_final.pt,9,256
f357fe1f0d.jpg,photo_to_monet (B2A),../checkpoints/ckpt_final.pt,9,256
f36fc36903.jpg,photo_to_monet (B2A),../checkpoints/ckpt_final.pt,9,256
f376a8789c.jpg,photo_to_monet (B2A),../checkpoints/ckpt_final.pt,9,256
f37a93cd01.jpg,photo_to_monet (B2A),../checkpoints/ckpt_final.pt,9,256
f384c39cd3.jpg,photo_to_monet (B2A),../checkpoints/ckpt_final.pt,9,256
f3b5806412.jpg,photo_to_monet (B2A),../checkpoints/ckpt_final.pt,9,256
f3bf66740a.jpg,photo_to_monet (B2A),../checkpoints/ckpt_final.pt,9,256
f3c61a9a05.jpg,photo_to_monet (B2A),../checkpoints/ckpt_final.pt,9,256
f3c8ec10ae.jpg,photo_to_monet (B2A),../checkpoints/ckpt_final.pt,9,256
f3d15e5226.jpg,photo_to_monet (B2A),../checkpoints/ckpt_final.pt,9,256
f3d86d0bdc.jpg,photo_to_monet (B2A),../checkpoints/ckpt_final.pt,9,256
f3e4ae010d.jpg,photo_to_monet (B2A),../checkpoints/ckpt_final.pt,9,256
f3e54bc081.jpg,photo_to_monet (B2A),../checkpoints/ckpt_final.pt,9,256
f3e9866cb8.jpg,photo_to_monet (B2A),../checkpoints/ckpt_final.pt,9,256
f3ec3e874d.jpg,photo_to_monet (B2A),../checkpoints/ckpt_final.pt,9,256
f3ecb32509.jpg,photo_to_monet (B2A),../checkpoints/ckpt_final.pt,9,256
f3ee6c1af3.jpg,photo_to_monet (B2A),../checkpoints/ckpt_final.pt,9,256
f3fa90a191.jpg,photo_to_monet (B2A),../checkpoints/ckpt_final.pt,9,256
f405d9a44e.jpg,photo_to_monet (B2A),../checkpoints/ckpt_final.pt,9,256
f40af60ddc.jpg,photo_to_monet (B2A),../checkpoints/ckpt_final.pt,9,256
f40b429650.jpg,photo_to_monet (B2A),../checkpoints/ckpt_final.pt,9,256
f40b719930.jpg,photo_to_monet (B2A),../checkpoints/ckpt_final.pt,9,256
f40d9b8368.jpg,photo_to_monet (B2A),../checkpoints/ckpt_final.pt,9,256
f417a4cc39.jpg,photo_to_monet (B2A),../checkpoints/ckpt_final.pt,9,256
f41b5dec17.jpg,photo_to_monet (B2A),../checkpoints/ckpt_final.pt,9,256
f41d5c2163.jpg,photo_to_monet (B2A),../checkpoints/ckpt_final.pt,9,256
f4219a5e81.jpg,photo_to_monet (B2A),../checkpoints/ckpt_final.pt,9,256
f42f6f0197.jpg,photo_to_monet (B2A),../checkpoints/ckpt_final.pt,9,256
f43113c91b.jpg,photo_to_monet (B2A),../checkpoints/ckpt_final.pt,9,256
f43c6fb1de.jpg,photo_to_monet (B2A),../checkpoints/ckpt_final.pt,9,256
f44a3275c9.jpg,photo_to_monet (B2A),../checkpoints/ckpt_final.pt,9,256
f46478e139.jpg,photo_to_monet (B2A),../checkpoints/ckpt_final.pt,9,256
f46cfb67bd.jpg,photo_to_monet (B2A),../checkpoints/ckpt_final.pt,9,256
f482274abc.jpg,photo_to_monet (B2A),../checkpoints/ckpt_final.pt,9,256
f4831ea6fb.jpg,photo_to_monet (B2A),../checkpoints/ckpt_final.pt,9,256
f4919d3664.jpg,photo_to_monet (B2A),../checkpoints/ckpt_final.pt,9,256
f494688de8.jpg,photo_to_monet (B2A),../checkpoints/ckpt_final.pt,9,256
f49ca09b7a.jpg,photo_to_monet (B2A),../checkpoints/ckpt_final.pt,9,256
f4a6936ec9.jpg,photo_to_monet (B2A),../checkpoints/ckpt_final.pt,9,256
f4a9c6100f.jpg,photo_to_monet (B2A),../checkpoints/ckpt_final.pt,9,256
f4c509ad69.jpg,photo_to_monet (B2A),../checkpoints/ckpt_final.pt,9,256
f4cdc8fdbc.jpg,photo_to_monet (B2A),../checkpoints/ckpt_final.pt,9,256
f4dd7ea66e.jpg,photo_to_monet (B2A),../checkpoints/ckpt_final.pt,9,256
f4eb1866c7.jpg,photo_to_monet (B2A),../checkpoints/ckpt_final.pt,9,256
f4eb47f0dd.jpg,photo_to_monet (B2A),../checkpoints/ckpt_final.pt,9,256
f501fc4455.jpg,photo_to_monet (B2A),../checkpoints/ckpt_final.pt,9,256
f51503f974.jpg,photo_to_monet (B2A),../checkpoints/ckpt_final.pt,9,256
f51f06df8f.jpg,photo_to_monet (B2A),../checkpoints/ckpt_final.pt,9,256
f53328c040.jpg,photo_to_monet (B2A),../checkpoints/ckpt_final.pt,9,256
f54cf76011.jpg,photo_to_monet (B2A),../checkpoints/ckpt_final.pt,9,256
f54dd83443.jpg,photo_to_monet (B2A),../checkpoints/ckpt_final.pt,9,256
f54f45c2ea.jpg,photo_to_monet (B2A),../checkpoints/ckpt_final.pt,9,256
f55b066db1.jpg,photo_to_monet (B2A),../checkpoints/ckpt_final.pt,9,256
f56ae75fdd.jpg,photo_to_monet (B2A),../checkpoints/ckpt_final.pt,9,256
f56b12cf0b.jpg,photo_to_monet (B2A),../checkpoints/ckpt_final.pt,9,256
f575a81ad6.jpg,photo_to_monet (B2A),../checkpoints/ckpt_final.pt,9,256
f58ec475cf.jpg,photo_to_monet (B2A),../checkpoints/ckpt_final.pt,9,256
f5b336d512.jpg,photo_to_monet (B2A),../checkpoints/ckpt_final.pt,9,256
f5b3c7c78c.jpg,photo_to_monet (B2A),../checkpoints/ckpt_final.pt,9,256
f5c1d6af2a.jpg,photo_to_monet (B2A),../checkpoints/ckpt_final.pt,9,256
f5c3514cca.jpg,photo_to_monet (B2A),../checkpoints/ckpt_final.pt,9,256
f5c7a8068c.jpg,photo_to_monet (B2A),../checkpoints/ckpt_final.pt,9,256
f5d163add7.jpg,photo_to_monet (B2A),../checkpoints/ckpt_final.pt,9,256
f5d1922ba9.jpg,photo_to_monet (B2A),../checkpoints/ckpt_final.pt,9,256
f5d652e997.jpg,photo_to_monet (B2A),../checkpoints/ckpt_final.pt,9,256
f5ddf6d767.jpg,photo_to_monet (B2A),../checkpoints/ckpt_final.pt,9,256
f5efcc2979.jpg,photo_to_monet (B2A),../checkpoints/ckpt_final.pt,9,256
f5f34241cc.jpg,photo_to_monet (B2A),../checkpoints/ckpt_final.pt,9,256
f5ffe2e92d.jpg,photo_to_monet (B2A),../checkpoints/ckpt_final.pt,9,256
f604e3e7e5.jpg,photo_to_monet (B2A),../checkpoints/ckpt_final.pt,9,256
f607a14dd9.jpg,photo_to_monet (B2A),../checkpoints/ckpt_final.pt,9,256
f6084689ed.jpg,photo_to_monet (B2A),../checkpoints/ckpt_final.pt,9,256
f60910ed40.jpg,photo_to_monet (B2A),../checkpoints/ckpt_final.pt,9,256
f60b4c4d98.jpg,photo_to_monet (B2A),../checkpoints/ckpt_final.pt,9,256
f60b67ae6e.jpg,photo_to_monet (B2A),../checkpoints/ckpt_final.pt,9,256
f62bb41c9c.jpg,photo_to_monet (B2A),../checkpoints/ckpt_final.pt,9,256
f633c4ebed.jpg,photo_to_monet (B2A),../checkpoints/ckpt_final.pt,9,256
f639ee968c.jpg,photo_to_monet (B2A),../checkpoints/ckpt_final.pt,9,256
f63a1042f4.jpg,photo_to_monet (B2A),../checkpoints/ckpt_final.pt,9,256
f63a2b4fb9.jpg,photo_to_monet (B2A),../checkpoints/ckpt_final.pt,9,256
f64019e49d.jpg,photo_to_monet (B2A),../checkpoints/ckpt_final.pt,9,256
f647ce5fd1.jpg,photo_to_monet (B2A),../checkpoints/ckpt_final.pt,9,256
f651e57596.jpg,photo_to_monet (B2A),../checkpoints/ckpt_final.pt,9,256
f6574b10b7.jpg,photo_to_monet (B2A),../checkpoints/ckpt_final.pt,9,256
f6626c86e1.jpg,photo_to_monet (B2A),../checkpoints/ckpt_final.pt,9,256
f6798eb074.jpg,photo_to_monet (B2A),../checkpoints/ckpt_final.pt,9,256
f67f1708b6.jpg,photo_to_monet (B2A),../checkpoints/ckpt_final.pt,9,256
f68dae168d.jpg,photo_to_monet (B2A),../checkpoints/ckpt_final.pt,9,256
f68dcc7a8a.jpg,photo_to_monet (B2A),../checkpoints/ckpt_final.pt,9,256
f68e29bd81.jpg,photo_to_monet (B2A),../checkpoints/ckpt_final.pt,9,256
f690980765.jpg,photo_to_monet (B2A),../checkpoints/ckpt_final.pt,9,256
f69731b55b.jpg,photo_to_monet (B2A),../checkpoints/ckpt_final.pt,9,256
f69ff9b62b.jpg,photo_to_monet (B2A),../checkpoints/ckpt_final.pt,9,256
f6aa1d5154.jpg,photo_to_monet (B2A),../checkpoints/ckpt_final.pt,9,256
f6ab953224.jpg,photo_to_monet (B2A),../checkpoints/ckpt_final.pt,9,256
f6b61559e0.jpg,photo_to_monet (B2A),../checkpoints/ckpt_final.pt,9,256
f6ca69a495.jpg,photo_to_monet (B2A),../checkpoints/ckpt_final.pt,9,256
f6cb2948da.jpg,photo_to_monet (B2A),../checkpoints/ckpt_final.pt,9,256
f6d01357b6.jpg,photo_to_monet (B2A),../checkpoints/ckpt_final.pt,9,256
f6e17b1a2a.jpg,photo_to_monet (B2A),../checkpoints/ckpt_final.pt,9,256
f6e422b697.jpg,photo_to_monet (B2A),../checkpoints/ckpt_final.pt,9,256
f6e5895253.jpg,photo_to_monet (B2A),../checkpoints/ckpt_final.pt,9,256
f6e822d131.jpg,photo_to_monet (B2A),../checkpoints/ckpt_final.pt,9,256
f6e8f07d9d.jpg,photo_to_monet (B2A),../checkpoints/ckpt_final.pt,9,256
f6efddda9c.jpg,photo_to_monet (B2A),../checkpoints/ckpt_final.pt,9,256
f706c0860d.jpg,photo_to_monet (B2A),../checkpoints/ckpt_final.pt,9,256
f70871846a.jpg,photo_to_monet (B2A),../checkpoints/ckpt_final.pt,9,256
f71cc4d572.jpg,photo_to_monet (B2A),../checkpoints/ckpt_final.pt,9,256
f721bb7f6d.jpg,photo_to_monet (B2A),../checkpoints/ckpt_final.pt,9,256
f743f3bf62.jpg,photo_to_monet (B2A),../checkpoints/ckpt_final.pt,9,256
f74cdcd632.jpg,photo_to_monet (B2A),../checkpoints/ckpt_final.pt,9,256
f7531c3b99.jpg,photo_to_monet (B2A),../checkpoints/ckpt_final.pt,9,256
f75a997bb8.jpg,photo_to_monet (B2A),../checkpoints/ckpt_final.pt,9,256
f76e1ec9a3.jpg,photo_to_monet (B2A),../checkpoints/ckpt_final.pt,9,256
f771e1e1b0.jpg,photo_to_monet (B2A),../checkpoints/ckpt_final.pt,9,256
f77377bd03.jpg,photo_to_monet (B2A),../checkpoints/ckpt_final.pt,9,256
f77505c83f.jpg,photo_to_monet (B2A),../checkpoints/ckpt_final.pt,9,256
f77c59acb3.jpg,photo_to_monet (B2A),../checkpoints/ckpt_final.pt,9,256
f77e3cb703.jpg,photo_to_monet (B2A),../checkpoints/ckpt_final.pt,9,256
f77f395731.jpg,photo_to_monet (B2A),../checkpoints/ckpt_final.pt,9,256
f790a14012.jpg,photo_to_monet (B2A),../checkpoints/ckpt_final.pt,9,256
f79d9de05d.jpg,photo_to_monet (B2A),../checkpoints/ckpt_final.pt,9,256
f7a011547d.jpg,photo_to_monet (B2A),../checkpoints/ckpt_final.pt,9,256
f7a821c3c8.jpg,photo_to_monet (B2A),../checkpoints/ckpt_final.pt,9,256
f7ae6e1d31.jpg,photo_to_monet (B2A),../checkpoints/ckpt_final.pt,9,256
f7c4d8033d.jpg,photo_to_monet (B2A),../checkpoints/ckpt_final.pt,9,256
f7c78a4eef.jpg,photo_to_monet (B2A),../checkpoints/ckpt_final.pt,9,256
f7d0dba843.jpg,photo_to_monet (B2A),../checkpoints/ckpt_final.pt,9,256
f7d0f59566.jpg,photo_to_monet (B2A),../checkpoints/ckpt_final.pt,9,256
f7d17e77d6.jpg,photo_to_monet (B2A),../checkpoints/ckpt_final.pt,9,256
f7dbdb551f.jpg,photo_to_monet (B2A),../checkpoints/ckpt_final.pt,9,256
f7dc666b50.jpg,photo_to_monet (B2A),../checkpoints/ckpt_final.pt,9,256
f7eb84fdb7.jpg,photo_to_monet (B2A),../checkpoints/ckpt_final.pt,9,256
f7ee2469f6.jpg,photo_to_monet (B2A),../checkpoints/ckpt_final.pt,9,256
f7f1d58022.jpg,photo_to_monet (B2A),../checkpoints/ckpt_final.pt,9,256
f807c72b5d.jpg,photo_to_monet (B2A),../checkpoints/ckpt_final.pt,9,256
f819274637.jpg,photo_to_monet (B2A),../checkpoints/ckpt_final.pt,9,256
f81b1cc834.jpg,photo_to_monet (B2A),../checkpoints/ckpt_final.pt,9,256
f82e8c30ac.jpg,photo_to_monet (B2A),../checkpoints/ckpt_final.pt,9,256
f82fc48ba4.jpg,photo_to_monet (B2A),../checkpoints/ckpt_final.pt,9,256
f8350e28db.jpg,photo_to_monet (B2A),../checkpoints/ckpt_final.pt,9,256
f8363ba521.jpg,photo_to_monet (B2A),../checkpoints/ckpt_final.pt,9,256
f83b161ca3.jpg,photo_to_monet (B2A),../checkpoints/ckpt_final.pt,9,256
f83e5b4295.jpg,photo_to_monet (B2A),../checkpoints/ckpt_final.pt,9,256
f843be17f5.jpg,photo_to_monet (B2A),../checkpoints/ckpt_final.pt,9,256
f84566ed02.jpg,photo_to_monet (B2A),../checkpoints/ckpt_final.pt,9,256
f84d77a2a6.jpg,photo_to_monet (B2A),../checkpoints/ckpt_final.pt,9,256
f85694dfe6.jpg,photo_to_monet (B2A),../checkpoints/ckpt_final.pt,9,256
f86b847b43.jpg,photo_to_monet (B2A),../checkpoints/ckpt_final.pt,9,256
f876ba92ea.jpg,photo_to_monet (B2A),../checkpoints/ckpt_final.pt,9,256
f87a1ab16d.jpg,photo_to_monet (B2A),../checkpoints/ckpt_final.pt,9,256
f87deecaa2.jpg,photo_to_monet (B2A),../checkpoints/ckpt_final.pt,9,256
f888dde817.jpg,photo_to_monet (B2A),../checkpoints/ckpt_final.pt,9,256
f8905451b4.jpg,photo_to_monet (B2A),../checkpoints/ckpt_final.pt,9,256
f895871068.jpg,photo_to_monet (B2A),../checkpoints/ckpt_final.pt,9,256
f89bc86075.jpg,photo_to_monet (B2A),../checkpoints/ckpt_final.pt,9,256
f8b6a915a9.jpg,photo_to_monet (B2A),../checkpoints/ckpt_final.pt,9,256
f8b73f1a33.jpg,photo_to_monet (B2A),../checkpoints/ckpt_final.pt,9,256
f8c19eaee6.jpg,photo_to_monet (B2A),../checkpoints/ckpt_final.pt,9,256
f8c63eea5a.jpg,photo_to_monet (B2A),../checkpoints/ckpt_final.pt,9,256
f8c8e456d7.jpg,photo_to_monet (B2A),../checkpoints/ckpt_final.pt,9,256
f8ca80aebb.jpg,photo_to_monet (B2A),../checkpoints/ckpt_final.pt,9,256
f8e10ef432.jpg,photo_to_monet (B2A),../checkpoints/ckpt_final.pt,9,256
f8e488ce75.jpg,photo_to_monet (B2A),../checkpoints/ckpt_final.pt,9,256
f8e6d9f481.jpg,photo_to_monet (B2A),../checkpoints/ckpt_final.pt,9,256
f8f04744fd.jpg,photo_to_monet (B2A),../checkpoints/ckpt_final.pt,9,256
f8f98ae176.jpg,photo_to_monet (B2A),../checkpoints/ckpt_final.pt,9,256
f8fac4e7ff.jpg,photo_to_monet (B2A),../checkpoints/ckpt_final.pt,9,256
f8ffd3ed06.jpg,photo_to_monet (B2A),../checkpoints/ckpt_final.pt,9,256
f901dfad23.jpg,photo_to_monet (B2A),../checkpoints/ckpt_final.pt,9,256
f904d3484c.jpg,photo_to_monet (B2A),../checkpoints/ckpt_final.pt,9,256
f9080ec43b.jpg,photo_to_monet (B2A),../checkpoints/ckpt_final.pt,9,256
f90edb8380.jpg,photo_to_monet (B2A),../checkpoints/ckpt_final.pt,9,256
f90ee2b0db.jpg,photo_to_monet (B2A),../checkpoints/ckpt_final.pt,9,256
f9151bda3c.jpg,photo_to_monet (B2A),../checkpoints/ckpt_final.pt,9,256
f917b1c32a.jpg,photo_to_monet (B2A),../checkpoints/ckpt_final.pt,9,256
f91c3d1f53.jpg,photo_to_monet (B2A),../checkpoints/ckpt_final.pt,9,256
f91eb42b36.jpg,photo_to_monet (B2A),../checkpoints/ckpt_final.pt,9,256
f930392388.jpg,photo_to_monet (B2A),../checkpoints/ckpt_final.pt,9,256
f942443b5d.jpg,photo_to_monet (B2A),../checkpoints/ckpt_final.pt,9,256
f954a8be77.jpg,photo_to_monet (B2A),../checkpoints/ckpt_final.pt,9,256
f969505f84.jpg,photo_to_monet (B2A),../checkpoints/ckpt_final.pt,9,256
f96a50841d.jpg,photo_to_monet (B2A),../checkpoints/ckpt_final.pt,9,256
f97072faf8.jpg,photo_to_monet (B2A),../checkpoints/ckpt_final.pt,9,256
f975a1e01e.jpg,photo_to_monet (B2A),../checkpoints/ckpt_final.pt,9,256
f982a98853.jpg,photo_to_monet (B2A),../checkpoints/ckpt_final.pt,9,256
f9843ad01b.jpg,photo_to_monet (B2A),../checkpoints/ckpt_final.pt,9,256
f98627c542.jpg,photo_to_monet (B2A),../checkpoints/ckpt_final.pt,9,256
f9867ce748.jpg,photo_to_monet (B2A),../checkpoints/ckpt_final.pt,9,256
f9989c2bd5.jpg,photo_to_monet (B2A),../checkpoints/ckpt_final.pt,9,256
f99a7a3267.jpg,photo_to_monet (B2A),../checkpoints/ckpt_final.pt,9,256
f99f52c7f5.jpg,photo_to_monet (B2A),../checkpoints/ckpt_final.pt,9,256
f99fe506ed.jpg,photo_to_monet (B2A),../checkpoints/ckpt_final.pt,9,256
f9a20c7988.jpg,photo_to_monet (B2A),../checkpoints/ckpt_final.pt,9,256
f9b4495f70.jpg,photo_to_monet (B2A),../checkpoints/ckpt_final.pt,9,256
f9b4d017a3.jpg,photo_to_monet (B2A),../checkpoints/ckpt_final.pt,9,256
f9ba7b025e.jpg,photo_to_monet (B2A),../checkpoints/ckpt_final.pt,9,256
f9c9afcd78.jpg,photo_to_monet (B2A),../checkpoints/ckpt_final.pt,9,256
f9cd461b5e.jpg,photo_to_monet (B2A),../checkpoints/ckpt_final.pt,9,256
f9cf6e7e27.jpg,photo_to_monet (B2A),../checkpoints/ckpt_final.pt,9,256
f9e8571801.jpg,photo_to_monet (B2A),../checkpoints/ckpt_final.pt,9,256
f9f59d905c.jpg,photo_to_monet (B2A),../checkpoints/ckpt_final.pt,9,256
f9f6bc6871.jpg,photo_to_monet (B2A),../checkpoints/ckpt_final.pt,9,256
fa0fde7844.jpg,photo_to_monet (B2A),../checkpoints/ckpt_final.pt,9,256
fa24240abc.jpg,photo_to_monet (B2A),../checkpoints/ckpt_final.pt,9,256
fa307775e7.jpg,photo_to_monet (B2A),../checkpoints/ckpt_final.pt,9,256
fa3aba5483.jpg,photo_to_monet (B2A),../checkpoints/ckpt_final.pt,9,256
fa423fe5a3.jpg,photo_to_monet (B2A),../checkpoints/ckpt_final.pt,9,256
fa428459e2.jpg,photo_to_monet (B2A),../checkpoints/ckpt_final.pt,9,256
fa4326ff01.jpg,photo_to_monet (B2A),../checkpoints/ckpt_final.pt,9,256
fa47656f02.jpg,photo_to_monet (B2A),../checkpoints/ckpt_final.pt,9,256
fa48b1ceb5.jpg,photo_to_monet (B2A),../checkpoints/ckpt_final.pt,9,256
fa60f9a0c9.jpg,photo_to_monet (B2A),../checkpoints/ckpt_final.pt,9,256
fa63566e6e.jpg,photo_to_monet (B2A),../checkpoints/ckpt_final.pt,9,256
fa728d214f.jpg,photo_to_monet (B2A),../checkpoints/ckpt_final.pt,9,256
fa751def39.jpg,photo_to_monet (B2A),../checkpoints/ckpt_final.pt,9,256
fa9a74e9a4.jpg,photo_to_monet (B2A),../checkpoints/ckpt_final.pt,9,256
fa9a768c9b.jpg,photo_to_monet (B2A),../checkpoints/ckpt_final.pt,9,256
faa4f82b52.jpg,photo_to_monet (B2A),../checkpoints/ckpt_final.pt,9,256
faaab4fb19.jpg,photo_to_monet (B2A),../checkpoints/ckpt_final.pt,9,256
fac89a2440.jpg,photo_to_monet (B2A),../checkpoints/ckpt_final.pt,9,256
facc9d2df2.jpg,photo_to_monet (B2A),../checkpoints/ckpt_final.pt,9,256
fad67f0f19.jpg,photo_to_monet (B2A),../checkpoints/ckpt_final.pt,9,256
fb1779d922.jpg,photo_to_monet (B2A),../checkpoints/ckpt_final.pt,9,256
fb24316c57.jpg,photo_to_monet (B2A),../checkpoints/ckpt_final.pt,9,256
fb2a6a49d7.jpg,photo_to_monet (B2A),../checkpoints/ckpt_final.pt,9,256
fb362a6660.jpg,photo_to_monet (B2A),../checkpoints/ckpt_final.pt,9,256
fb3676a875.jpg,photo_to_monet (B2A),../checkpoints/ckpt_final.pt,9,256
fb546829cb.jpg,photo_to_monet (B2A),../checkpoints/ckpt_final.pt,9,256
fb562cd56b.jpg,photo_to_monet (B2A),../checkpoints/ckpt_final.pt,9,256
fb73e20575.jpg,photo_to_monet (B2A),../checkpoints/ckpt_final.pt,9,256
fb755692ce.jpg,photo_to_monet (B2A),../checkpoints/ckpt_final.pt,9,256
fb85264917.jpg,photo_to_monet (B2A),../checkpoints/ckpt_final.pt,9,256
fb8fb9b7c8.jpg,photo_to_monet (B2A),../checkpoints/ckpt_final.pt,9,256
fb97febc5f.jpg,photo_to_monet (B2A),../checkpoints/ckpt_final.pt,9,256
fb9c5403b8.jpg,photo_to_monet (B2A),../checkpoints/ckpt_final.pt,9,256
fbaa1647e7.jpg,photo_to_monet (B2A),../checkpoints/ckpt_final.pt,9,256
fbb5f72776.jpg,photo_to_monet (B2A),../checkpoints/ckpt_final.pt,9,256
fbb8e36b1c.jpg,photo_to_monet (B2A),../checkpoints/ckpt_final.pt,9,256
fbb8e5f081.jpg,photo_to_monet (B2A),../checkpoints/ckpt_final.pt,9,256
fbc1c4e45b.jpg,photo_to_monet (B2A),../checkpoints/ckpt_final.pt,9,256
fbc34e93dc.jpg,photo_to_monet (B2A),../checkpoints/ckpt_final.pt,9,256
fbc3754be3.jpg,photo_to_monet (B2A),../checkpoints/ckpt_final.pt,9,256
fbc70f973a.jpg,photo_to_monet (B2A),../checkpoints/ckpt_final.pt,9,256
fbdaf94ace.jpg,photo_to_monet (B2A),../checkpoints/ckpt_final.pt,9,256
fbf3ab42e9.jpg,photo_to_monet (B2A),../checkpoints/ckpt_final.pt,9,256
fc02616c06.jpg,photo_to_monet (B2A),../checkpoints/ckpt_final.pt,9,256
fc043d38eb.jpg,photo_to_monet (B2A),../checkpoints/ckpt_final.pt,9,256
fc04ed2d42.jpg,photo_to_monet (B2A),../checkpoints/ckpt_final.pt,9,256
fc075619e7.jpg,photo_to_monet (B2A),../checkpoints/ckpt_final.pt,9,256
fc16c59788.jpg,photo_to_monet (B2A),../checkpoints/ckpt_final.pt,9,256
fc30e458d6.jpg,photo_to_monet (B2A),../checkpoints/ckpt_final.pt,9,256
fc458d4ee1.jpg,photo_to_monet (B2A),../checkpoints/ckpt_final.pt,9,256
fc49fb17f3.jpg,photo_to_monet (B2A),../checkpoints/ckpt_final.pt,9,256
fc51c26e2d.jpg,photo_to_monet (B2A),../checkpoints/ckpt_final.pt,9,256
fc59b308a8.jpg,photo_to_monet (B2A),../checkpoints/ckpt_final.pt,9,256
fc5feebdc8.jpg,photo_to_monet (B2A),../checkpoints/ckpt_final.pt,9,256
fc622b5577.jpg,photo_to_monet (B2A),../checkpoints/ckpt_final.pt,9,256
fc64e9fe13.jpg,photo_to_monet (B2A),../checkpoints/ckpt_final.pt,9,256
fc6d47c7b0.jpg,photo_to_monet (B2A),../checkpoints/ckpt_final.pt,9,256
fc9d809645.jpg,photo_to_monet (B2A),../checkpoints/ckpt_final.pt,9,256
fcaeb2fb17.jpg,photo_to_monet (B2A),../checkpoints/ckpt_final.pt,9,256
fcc0dc41b3.jpg,photo_to_monet (B2A),../checkpoints/ckpt_final.pt,9,256
fcc59cb31d.jpg,photo_to_monet (B2A),../checkpoints/ckpt_final.pt,9,256
fcd35ead6e.jpg,photo_to_monet (B2A),../checkpoints/ckpt_final.pt,9,256
fcd5eaceb7.jpg,photo_to_monet (B2A),../checkpoints/ckpt_final.pt,9,256
fcdd5b1e31.jpg,photo_to_monet (B2A),../checkpoints/ckpt_final.pt,9,256
fce074b92c.jpg,photo_to_monet (B2A),../checkpoints/ckpt_final.pt,9,256
fd0071794a.jpg,photo_to_monet (B2A),../checkpoints/ckpt_final.pt,9,256
fd06d4e7e3.jpg,photo_to_monet (B2A),../checkpoints/ckpt_final.pt,9,256
fd0a02921a.jpg,photo_to_monet (B2A),../checkpoints/ckpt_final.pt,9,256
fd15f29d57.jpg,photo_to_monet (B2A),../checkpoints/ckpt_final.pt,9,256
fd1f9293ca.jpg,photo_to_monet (B2A),../checkpoints/ckpt_final.pt,9,256
fd20b4c41a.jpg,photo_to_monet (B2A),../checkpoints/ckpt_final.pt,9,256
fd457c68d9.jpg,photo_to_monet (B2A),../checkpoints/ckpt_final.pt,9,256
fd48eb1f90.jpg,photo_to_monet (B2A),../checkpoints/ckpt_final.pt,9,256
fd49936788.jpg,photo_to_monet (B2A),../checkpoints/ckpt_final.pt,9,256
fd4debe229.jpg,photo_to_monet (B2A),../checkpoints/ckpt_final.pt,9,256
fd541f5f93.jpg,photo_to_monet (B2A),../checkpoints/ckpt_final.pt,9,256
fd5ce86649.jpg,photo_to_monet (B2A),../checkpoints/ckpt_final.pt,9,256
fd619e77af.jpg,photo_to_monet (B2A),../checkpoints/ckpt_final.pt,9,256
fd6b68436e.jpg,photo_to_monet (B2A),../checkpoints/ckpt_final.pt,9,256
fd6c9bcbfa.jpg,photo_to_monet (B2A),../checkpoints/ckpt_final.pt,9,256
fd7d170a69.jpg,photo_to_monet (B2A),../checkpoints/ckpt_final.pt,9,256
fd85d15361.jpg,photo_to_monet (B2A),../checkpoints/ckpt_final.pt,9,256
fd8c99d93b.jpg,photo_to_monet (B2A),../checkpoints/ckpt_final.pt,9,256
fd9767f897.jpg,photo_to_monet (B2A),../checkpoints/ckpt_final.pt,9,256
fda550148e.jpg,photo_to_monet (B2A),../checkpoints/ckpt_final.pt,9,256
fdad36c1e0.jpg,photo_to_monet (B2A),../checkpoints/ckpt_final.pt,9,256
fdb01f9aba.jpg,photo_to_monet (B2A),../checkpoints/ckpt_final.pt,9,256
fdb031e406.jpg,photo_to_monet (B2A),../checkpoints/ckpt_final.pt,9,256
fdc2b3b936.jpg,photo_to_monet (B2A),../checkpoints/ckpt_final.pt,9,256
fdc6c88003.jpg,photo_to_monet (B2A),../checkpoints/ckpt_final.pt,9,256
fdce0c0d6d.jpg,photo_to_monet (B2A),../checkpoints/ckpt_final.pt,9,256
fdd33c1145.jpg,photo_to_monet (B2A),../checkpoints/ckpt_final.pt,9,256
fddc60bb99.jpg,photo_to_monet (B2A),../checkpoints/ckpt_final.pt,9,256
fddcadfd3a.jpg,photo_to_monet (B2A),../checkpoints/ckpt_final.pt,9,256
fde289be21.jpg,photo_to_monet (B2A),../checkpoints/ckpt_final.pt,9,256
fde28fae2a.jpg,photo_to_monet (B2A),../checkpoints/ckpt_final.pt,9,256
fde46f2be4.jpg,photo_to_monet (B2A),../checkpoints/ckpt_final.pt,9,256
fdf013342c.jpg,photo_to_monet (B2A),../checkpoints/ckpt_final.pt,9,256
fdf57fbe60.jpg,photo_to_monet (B2A),../checkpoints/ckpt_final.pt,9,256
fdf84c4887.jpg,photo_to_monet (B2A),../checkpoints/ckpt_final.pt,9,256
fdfc86a000.jpg,photo_to_monet (B2A),../checkpoints/ckpt_final.pt,9,256
fe00c3d087.jpg,photo_to_monet (B2A),../checkpoints/ckpt_final.pt,9,256
fe0a4f0e5a.jpg,photo_to_monet (B2A),../checkpoints/ckpt_final.pt,9,256
fe1561993e.jpg,photo_to_monet (B2A),../checkpoints/ckpt_final.pt,9,256
fe1c9d9e5a.jpg,photo_to_monet (B2A),../checkpoints/ckpt_final.pt,9,256
fe283d4ae3.jpg,photo_to_monet (B2A),../checkpoints/ckpt_final.pt,9,256
fe381a7c17.jpg,photo_to_monet (B2A),../checkpoints/ckpt_final.pt,9,256
fe3c9d0016.jpg,photo_to_monet (B2A),../checkpoints/ckpt_final.pt,9,256
fe3de96780.jpg,photo_to_monet (B2A),../checkpoints/ckpt_final.pt,9,256
fe3feb7d1b.jpg,photo_to_monet (B2A),../checkpoints/ckpt_final.pt,9,256
fe40ac1d8b.jpg,photo_to_monet (B2A),../checkpoints/ckpt_final.pt,9,256
fe4c4e4b6b.jpg,photo_to_monet (B2A),../checkpoints/ckpt_final.pt,9,256
fe5dc7ef05.jpg,photo_to_monet (B2A),../checkpoints/ckpt_final.pt,9,256
fe6152a619.jpg,photo_to_monet (B2A),../checkpoints/ckpt_final.pt,9,256
fe65abaafd.jpg,photo_to_monet (B2A),../checkpoints/ckpt_final.pt,9,256
fe702a794e.jpg,photo_to_monet (B2A),../checkpoints/ckpt_final.pt,9,256
fe714c846e.jpg,photo_to_monet (B2A),../checkpoints/ckpt_final.pt,9,256
fe7af9c427.jpg,photo_to_monet (B2A),../checkpoints/ckpt_final.pt,9,256
fe9cc12ae1.jpg,photo_to_monet (B2A),../checkpoints/ckpt_final.pt,9,256
fea227771f.jpg,photo_to_monet (B2A),../checkpoints/ckpt_final.pt,9,256
fea42e4505.jpg,photo_to_monet (B2A),../checkpoints/ckpt_final.pt,9,256
fea4d4f76c.jpg,photo_to_monet (B2A),../checkpoints/ckpt_final.pt,9,256
fea5afe679.jpg,photo_to_monet (B2A),../checkpoints/ckpt_final.pt,9,256
feb132e4c1.jpg,photo_to_monet (B2A),../checkpoints/ckpt_final.pt,9,256
fee0c39907.jpg,photo_to_monet (B2A),../checkpoints/ckpt_final.pt,9,256
fefb86c469.jpg,photo_to_monet (B2A),../checkpoints/ckpt_final.pt,9,256
fefcd07a5e.jpg,photo_to_monet (B2A),../checkpoints/ckpt_final.pt,9,256
ff03c98f0e.jpg,photo_to_monet (B2A),../checkpoints/ckpt_final.pt,9,256
ff2152ac2a.jpg,photo_to_monet (B2A),../checkpoints/ckpt_final.pt,9,256
ff258e79ce.jpg,photo_to_monet (B2A),../checkpoints/ckpt_final.pt,9,256
ff2cb6658c.jpg,photo_to_monet (B2A),../checkpoints/ckpt_final.pt,9,256
ff2f57429f.jpg,photo_to_monet (B2A),../checkpoints/ckpt_final.pt,9,256
ff3867d938.jpg,photo_to_monet (B2A),../checkpoints/ckpt_final.pt,9,256
ff46474c6d.jpg,photo_to_monet (B2A),../checkpoints/ckpt_final.pt,9,256
ff48e8580b.jpg,photo_to_monet (B2A),../checkpoints/ckpt_final.pt,9,256
ff58af0f3b.jpg,photo_to_monet (B2A),../checkpoints/ckpt_final.pt,9,256
ff5c15ab50.jpg,photo_to_monet (B2A),../checkpoints/ckpt_final.pt,9,256
ff6ed45562.jpg,photo_to_monet (B2A),../checkpoints/ckpt_final.pt,9,256
ff757d7db3.jpg,photo_to_monet (B2A),../checkpoints/ckpt_final.pt,9,256
ff769c35c9.jpg,photo_to_monet (B2A),../checkpoints/ckpt_final.pt,9,256
ff7d83bc1d.jpg,photo_to_monet (B2A),../checkpoints/ckpt_final.pt,9,256
ff853f993b.jpg,photo_to_monet (B2A),../checkpoints/ckpt_final.pt,9,256
ff9ca0e1bb.jpg,photo_to_monet (B2A),../checkpoints/ckpt_final.pt,9,256
ff9e94857b.jpg,photo_to_monet (B2A),../checkpoints/ckpt_final.pt,9,256
ffa1ee4875.jpg,photo_to_monet (B2A),../checkpoints/ckpt_final.pt,9,256
ffa5d376be.jpg,photo_to_monet (B2A),../checkpoints/ckpt_final.pt,9,256
ffbbb24b43.jpg,photo_to_monet (B2A),../checkpoints/ckpt_final.pt,9,256
ffbdd43bfb.jpg,photo_to_monet (B2A),../checkpoints/ckpt_final.pt,9,256
ffc5b52a77.jpg,photo_to_monet (B2A),../checkpoints/ckpt_final.pt,9,256
ffcc20463a.jpg,photo_to_monet (B2A),../checkpoints/ckpt_final.pt,9,256
ffcdd249dd.jpg,photo_to_monet (B2A),../checkpoints/ckpt_final.pt,9,256
ffcf64f150.jpg,photo_to_monet (B2A),../checkpoints/ckpt_final.pt,9,256
ffd71fce61.jpg,photo_to_monet (B2A),../checkpoints/ckpt_final.pt,9,256
ffe1af8ca0.jpg,photo_to_monet (B2A),../checkpoints/ckpt_final.pt,9,256
fff5c33050.jpg,photo_to_monet (B2A),../checkpoints/ckpt_final.pt,9,256
fffaaaae65.jpg,photo_to_monet (B2A),../checkpoints/ckpt_final.pt,9,256
fffc0836d7.jpg,photo_to_monet (B2A),../checkpoints/ckpt_final.pt,9,256
