run_id,checkpoint,direction,metric,value,source
run_submitted,checkpoints/best.pt (epoch 91),A2B,fid,94.833,"GPU, professor script"
run_submitted,checkpoints/best.pt (epoch 91),A2B,mifid,0.4123,"GPU, professor script"
run_submitted,checkpoints/best.pt (epoch 91),A2B,nan_count,0,raw_logs/sneha_singh/task3_gan/train_full_ngf64_sneha.log
run_submitted,checkpoints/best.pt (epoch 91),A2B,param_count,28273544,raw_logs/sneha_singh/task3_gan/train_full_ngf64_sneha.log
run_submitted,checkpoints/best.pt (epoch 91),A2B,train_time_sec,19836,raw_logs/sneha_singh/task3_gan/train_full_ngf64_sneha.log
run_submitted,checkpoints/best.pt (epoch 91),A2B,images_per_sec,16.13,raw_logs/sneha_singh/task3_gan/train_full_ngf64_sneha.log
run_submitted,checkpoints/best.pt (epoch 91),A2B,peak_memory_mb,6855,raw_logs/sneha_singh/task3_gan/train_full_ngf64_sneha.log
run_submitted,checkpoints/best.pt (epoch 91),B2A,fid,95.777,"GPU, professor script"
run_submitted,checkpoints/best.pt (epoch 91),B2A,mifid,0.406,"GPU, professor script"
run_submitted,checkpoints/best.pt (epoch 91),B2A,nan_count,0,raw_logs/sneha_singh/task3_gan/train_full_ngf64_sneha.log
run_submitted,checkpoints/best.pt (epoch 91),B2A,param_count,28273544,raw_logs/sneha_singh/task3_gan/train_full_ngf64_sneha.log
run_submitted,checkpoints/best.pt (epoch 91),B2A,train_time_sec,19836,raw_logs/sneha_singh/task3_gan/train_full_ngf64_sneha.log
run_submitted,checkpoints/best.pt (epoch 91),B2A,images_per_sec,16.13,raw_logs/sneha_singh/task3_gan/train_full_ngf64_sneha.log
run_submitted,checkpoints/best.pt (epoch 91),B2A,peak_memory_mb,6855,raw_logs/sneha_singh/task3_gan/train_full_ngf64_sneha.log
run_submitted,checkpoints/best.pt (epoch 91),average_A2B_B2A,submission_FID,95.30491589533982,"submission.csv (GPU, professor script)"
run_submitted,checkpoints/best.pt (epoch 91),average_A2B_B2A,submission_MiFID,0.4091329425573349,"submission.csv (GPU, professor script)"
run_submitted,checkpoints/best.pt (epoch 91),average_A2B_B2A,score_(FID+MiFID)/2,47.857,computed from submission.csv
run_submitted,checkpoints/best.pt (epoch 91),A2B,inference,"average of 6 views (original, flip, four 4-px shifts)",make_submission.py
run_submitted,checkpoints/best.pt (epoch 91),B2A,inference,single pass,make_submission.py
run_submitted,outputs/human_audit/audit_30.csv,B2A,human_audit_style_mean_1to5,3.83,"Sneha: 3.80, Ritika: 3.87; exact agreement 76.7%, kappa 0.560"
run_submitted,outputs/human_audit/audit_30.csv,B2A,human_audit_content_mean_1to5,4.20,"Sneha: 4.33, Ritika: 4.07; exact agreement 80.0%, kappa 0.591"
run_submitted,outputs/human_audit/audit_30.csv,B2A,human_audit_artifacts_mean_1to5,2.07,"Sneha: 2.13, Ritika: 2.00; exact agreement 80.0%, kappa 0.600"
run_submitted,outputs/human_audit/audit_30.csv,B2A,human_audit_overall_mean_1to5,3.37,"Sneha: 3.42, Ritika: 3.31; 30 samples 2 raters"
run_submitted,outputs/human_audit/audit_30.csv,B2A,cohens_kappa,0.584,"mean kappa across style (0.560), content (0.591), artifacts (0.600)"
run_submitted,epoch 1,training,g_loss,8.109,raw_logs/sneha_singh/task3_gan/train_full_ngf64_sneha.log
run_submitted,epoch 1,training,d_loss,0.396,raw_logs/sneha_singh/task3_gan/train_full_ngf64_sneha.log
run_submitted,epoch 1,training,cycle_loss,5.003,raw_logs/sneha_singh/task3_gan/train_full_ngf64_sneha.log
run_submitted,epoch 1,training,identity_loss,2.289,raw_logs/sneha_singh/task3_gan/train_full_ngf64_sneha.log
run_submitted,epoch 1,training,nan_count_cum,0,raw_logs/sneha_singh/task3_gan/train_full_ngf64_sneha.log
run_submitted,epoch 1,training,lr,2.00e-04,raw_logs/sneha_singh/task3_gan/train_full_ngf64_sneha.log
run_submitted,epoch 2,training,g_loss,6.811,raw_logs/sneha_singh/task3_gan/train_full_ngf64_sneha.log
run_submitted,epoch 2,training,d_loss,0.334,raw_logs/sneha_singh/task3_gan/train_full_ngf64_sneha.log
run_submitted,epoch 2,training,cycle_loss,4.037,raw_logs/sneha_singh/task3_gan/train_full_ngf64_sneha.log
run_submitted,epoch 2,training,identity_loss,1.877,raw_logs/sneha_singh/task3_gan/train_full_ngf64_sneha.log
run_submitted,epoch 2,training,nan_count_cum,0,raw_logs/sneha_singh/task3_gan/train_full_ngf64_sneha.log
run_submitted,epoch 2,training,lr,2.00e-04,raw_logs/sneha_singh/task3_gan/train_full_ngf64_sneha.log
run_submitted,epoch 3,training,g_loss,6.278,raw_logs/sneha_singh/task3_gan/train_full_ngf64_sneha.log
run_submitted,epoch 3,training,d_loss,0.332,raw_logs/sneha_singh/task3_gan/train_full_ngf64_sneha.log
run_submitted,epoch 3,training,cycle_loss,3.641,raw_logs/sneha_singh/task3_gan/train_full_ngf64_sneha.log
run_submitted,epoch 3,training,identity_loss,1.717,raw_logs/sneha_singh/task3_gan/train_full_ngf64_sneha.log
run_submitted,epoch 3,training,nan_count_cum,0,raw_logs/sneha_singh/task3_gan/train_full_ngf64_sneha.log
run_submitted,epoch 3,training,lr,2.00e-04,raw_logs/sneha_singh/task3_gan/train_full_ngf64_sneha.log
run_submitted,epoch 4,training,g_loss,6.025,raw_logs/sneha_singh/task3_gan/train_full_ngf64_sneha.log
run_submitted,epoch 4,training,d_loss,0.329,raw_logs/sneha_singh/task3_gan/train_full_ngf64_sneha.log
run_submitted,epoch 4,training,cycle_loss,3.470,raw_logs/sneha_singh/task3_gan/train_full_ngf64_sneha.log
run_submitted,epoch 4,training,identity_loss,1.625,raw_logs/sneha_singh/task3_gan/train_full_ngf64_sneha.log
run_submitted,epoch 4,training,nan_count_cum,0,raw_logs/sneha_singh/task3_gan/train_full_ngf64_sneha.log
run_submitted,epoch 4,training,lr,2.00e-04,raw_logs/sneha_singh/task3_gan/train_full_ngf64_sneha.log
run_submitted,epoch 5,training,g_loss,5.762,raw_logs/sneha_singh/task3_gan/train_full_ngf64_sneha.log
run_submitted,epoch 5,training,d_loss,0.323,raw_logs/sneha_singh/task3_gan/train_full_ngf64_sneha.log
run_submitted,epoch 5,training,cycle_loss,3.271,raw_logs/sneha_singh/task3_gan/train_full_ngf64_sneha.log
run_submitted,epoch 5,training,identity_loss,1.550,raw_logs/sneha_singh/task3_gan/train_full_ngf64_sneha.log
run_submitted,epoch 5,training,nan_count_cum,0,raw_logs/sneha_singh/task3_gan/train_full_ngf64_sneha.log
run_submitted,epoch 5,training,lr,2.00e-04,raw_logs/sneha_singh/task3_gan/train_full_ngf64_sneha.log
run_submitted,epoch 6,training,g_loss,5.538,raw_logs/sneha_singh/task3_gan/train_full_ngf64_sneha.log
run_submitted,epoch 6,training,d_loss,0.324,raw_logs/sneha_singh/task3_gan/train_full_ngf64_sneha.log
run_submitted,epoch 6,training,cycle_loss,3.118,raw_logs/sneha_singh/task3_gan/train_full_ngf64_sneha.log
run_submitted,epoch 6,training,identity_loss,1.480,raw_logs/sneha_singh/task3_gan/train_full_ngf64_sneha.log
run_submitted,epoch 6,training,nan_count_cum,0,raw_logs/sneha_singh/task3_gan/train_full_ngf64_sneha.log
run_submitted,epoch 6,training,lr,2.00e-04,raw_logs/sneha_singh/task3_gan/train_full_ngf64_sneha.log
run_submitted,epoch 7,training,g_loss,5.547,raw_logs/sneha_singh/task3_gan/train_full_ngf64_sneha.log
run_submitted,epoch 7,training,d_loss,0.307,raw_logs/sneha_singh/task3_gan/train_full_ngf64_sneha.log
run_submitted,epoch 7,training,cycle_loss,3.101,raw_logs/sneha_singh/task3_gan/train_full_ngf64_sneha.log
run_submitted,epoch 7,training,identity_loss,1.473,raw_logs/sneha_singh/task3_gan/train_full_ngf64_sneha.log
run_submitted,epoch 7,training,nan_count_cum,0,raw_logs/sneha_singh/task3_gan/train_full_ngf64_sneha.log
run_submitted,epoch 7,training,lr,2.00e-04,raw_logs/sneha_singh/task3_gan/train_full_ngf64_sneha.log
run_submitted,epoch 8,training,g_loss,5.355,raw_logs/sneha_singh/task3_gan/train_full_ngf64_sneha.log
run_submitted,epoch 8,training,d_loss,0.311,raw_logs/sneha_singh/task3_gan/train_full_ngf64_sneha.log
run_submitted,epoch 8,training,cycle_loss,2.969,raw_logs/sneha_singh/task3_gan/train_full_ngf64_sneha.log
run_submitted,epoch 8,training,identity_loss,1.419,raw_logs/sneha_singh/task3_gan/train_full_ngf64_sneha.log
run_submitted,epoch 8,training,nan_count_cum,0,raw_logs/sneha_singh/task3_gan/train_full_ngf64_sneha.log
run_submitted,epoch 8,training,lr,2.00e-04,raw_logs/sneha_singh/task3_gan/train_full_ngf64_sneha.log
run_submitted,epoch 9,training,g_loss,5.269,raw_logs/sneha_singh/task3_gan/train_full_ngf64_sneha.log
run_submitted,epoch 9,training,d_loss,0.309,raw_logs/sneha_singh/task3_gan/train_full_ngf64_sneha.log
run_submitted,epoch 9,training,cycle_loss,2.903,raw_logs/sneha_singh/task3_gan/train_full_ngf64_sneha.log
run_submitted,epoch 9,training,identity_loss,1.396,raw_logs/sneha_singh/task3_gan/train_full_ngf64_sneha.log
run_submitted,epoch 9,training,nan_count_cum,0,raw_logs/sneha_singh/task3_gan/train_full_ngf64_sneha.log
run_submitted,epoch 9,training,lr,2.00e-04,raw_logs/sneha_singh/task3_gan/train_full_ngf64_sneha.log
run_submitted,epoch 10,training,g_loss,5.136,raw_logs/sneha_singh/task3_gan/train_full_ngf64_sneha.log
run_submitted,epoch 10,training,d_loss,0.306,raw_logs/sneha_singh/task3_gan/train_full_ngf64_sneha.log
run_submitted,epoch 10,training,cycle_loss,2.810,raw_logs/sneha_singh/task3_gan/train_full_ngf64_sneha.log
run_submitted,epoch 10,training,identity_loss,1.359,raw_logs/sneha_singh/task3_gan/train_full_ngf64_sneha.log
run_submitted,epoch 10,training,nan_count_cum,0,raw_logs/sneha_singh/task3_gan/train_full_ngf64_sneha.log
run_submitted,epoch 10,training,lr,2.00e-04,raw_logs/sneha_singh/task3_gan/train_full_ngf64_sneha.log
run_submitted,epoch 11,training,g_loss,5.054,raw_logs/sneha_singh/task3_gan/train_full_ngf64_sneha.log
run_submitted,epoch 11,training,d_loss,0.307,raw_logs/sneha_singh/task3_gan/train_full_ngf64_sneha.log
run_submitted,epoch 11,training,cycle_loss,2.754,raw_logs/sneha_singh/task3_gan/train_full_ngf64_sneha.log
run_submitted,epoch 11,training,identity_loss,1.335,raw_logs/sneha_singh/task3_gan/train_full_ngf64_sneha.log
run_submitted,epoch 11,training,nan_count_cum,0,raw_logs/sneha_singh/task3_gan/train_full_ngf64_sneha.log
run_submitted,epoch 11,training,lr,2.00e-04,raw_logs/sneha_singh/task3_gan/train_full_ngf64_sneha.log
run_submitted,epoch 12,training,g_loss,4.954,raw_logs/sneha_singh/task3_gan/train_full_ngf64_sneha.log
run_submitted,epoch 12,training,d_loss,0.304,raw_logs/sneha_singh/task3_gan/train_full_ngf64_sneha.log
run_submitted,epoch 12,training,cycle_loss,2.676,raw_logs/sneha_singh/task3_gan/train_full_ngf64_sneha.log
run_submitted,epoch 12,training,identity_loss,1.302,raw_logs/sneha_singh/task3_gan/train_full_ngf64_sneha.log
run_submitted,epoch 12,training,nan_count_cum,0,raw_logs/sneha_singh/task3_gan/train_full_ngf64_sneha.log
run_submitted,epoch 12,training,lr,2.00e-04,raw_logs/sneha_singh/task3_gan/train_full_ngf64_sneha.log
run_submitted,epoch 13,training,g_loss,4.932,raw_logs/sneha_singh/task3_gan/train_full_ngf64_sneha.log
run_submitted,epoch 13,training,d_loss,0.303,raw_logs/sneha_singh/task3_gan/train_full_ngf64_sneha.log
run_submitted,epoch 13,training,cycle_loss,2.659,raw_logs/sneha_singh/task3_gan/train_full_ngf64_sneha.log
run_submitted,epoch 13,training,identity_loss,1.292,raw_logs/sneha_singh/task3_gan/train_full_ngf64_sneha.log
run_submitted,epoch 13,training,nan_count_cum,0,raw_logs/sneha_singh/task3_gan/train_full_ngf64_sneha.log
run_submitted,epoch 13,training,lr,2.00e-04,raw_logs/sneha_singh/task3_gan/train_full_ngf64_sneha.log
run_submitted,epoch 14,training,g_loss,4.863,raw_logs/sneha_singh/task3_gan/train_full_ngf64_sneha.log
run_submitted,epoch 14,training,d_loss,0.303,raw_logs/sneha_singh/task3_gan/train_full_ngf64_sneha.log
run_submitted,epoch 14,training,cycle_loss,2.607,raw_logs/sneha_singh/task3_gan/train_full_ngf64_sneha.log
run_submitted,epoch 14,training,identity_loss,1.268,raw_logs/sneha_singh/task3_gan/train_full_ngf64_sneha.log
run_submitted,epoch 14,training,nan_count_cum,0,raw_logs/sneha_singh/task3_gan/train_full_ngf64_sneha.log
run_submitted,epoch 14,training,lr,2.00e-04,raw_logs/sneha_singh/task3_gan/train_full_ngf64_sneha.log
run_submitted,epoch 15,training,g_loss,4.802,raw_logs/sneha_singh/task3_gan/train_full_ngf64_sneha.log
run_submitted,epoch 15,training,d_loss,0.300,raw_logs/sneha_singh/task3_gan/train_full_ngf64_sneha.log
run_submitted,epoch 15,training,cycle_loss,2.562,raw_logs/sneha_singh/task3_gan/train_full_ngf64_sneha.log
run_submitted,epoch 15,training,identity_loss,1.247,raw_logs/sneha_singh/task3_gan/train_full_ngf64_sneha.log
run_submitted,epoch 15,training,nan_count_cum,0,raw_logs/sneha_singh/task3_gan/train_full_ngf64_sneha.log
run_submitted,epoch 15,training,lr,2.00e-04,raw_logs/sneha_singh/task3_gan/train_full_ngf64_sneha.log
run_submitted,epoch 16,training,g_loss,4.749,raw_logs/sneha_singh/task3_gan/train_full_ngf64_sneha.log
run_submitted,epoch 16,training,d_loss,0.292,raw_logs/sneha_singh/task3_gan/train_full_ngf64_sneha.log
run_submitted,epoch 16,training,cycle_loss,2.509,raw_logs/sneha_singh/task3_gan/train_full_ngf64_sneha.log
run_submitted,epoch 16,training,identity_loss,1.225,raw_logs/sneha_singh/task3_gan/train_full_ngf64_sneha.log
run_submitted,epoch 16,training,nan_count_cum,0,raw_logs/sneha_singh/task3_gan/train_full_ngf64_sneha.log
run_submitted,epoch 16,training,lr,2.00e-04,raw_logs/sneha_singh/task3_gan/train_full_ngf64_sneha.log
run_submitted,epoch 17,training,g_loss,4.741,raw_logs/sneha_singh/task3_gan/train_full_ngf64_sneha.log
run_submitted,epoch 17,training,d_loss,0.294,raw_logs/sneha_singh/task3_gan/train_full_ngf64_sneha.log
run_submitted,epoch 17,training,cycle_loss,2.510,raw_logs/sneha_singh/task3_gan/train_full_ngf64_sneha.log
run_submitted,epoch 17,training,identity_loss,1.220,raw_logs/sneha_singh/task3_gan/train_full_ngf64_sneha.log
run_submitted,epoch 17,training,nan_count_cum,0,raw_logs/sneha_singh/task3_gan/train_full_ngf64_sneha.log
run_submitted,epoch 17,training,lr,2.00e-04,raw_logs/sneha_singh/task3_gan/train_full_ngf64_sneha.log
run_submitted,epoch 18,training,g_loss,4.652,raw_logs/sneha_singh/task3_gan/train_full_ngf64_sneha.log
run_submitted,epoch 18,training,d_loss,0.293,raw_logs/sneha_singh/task3_gan/train_full_ngf64_sneha.log
run_submitted,epoch 18,training,cycle_loss,2.448,raw_logs/sneha_singh/task3_gan/train_full_ngf64_sneha.log
run_submitted,epoch 18,training,identity_loss,1.192,raw_logs/sneha_singh/task3_gan/train_full_ngf64_sneha.log
run_submitted,epoch 18,training,nan_count_cum,0,raw_logs/sneha_singh/task3_gan/train_full_ngf64_sneha.log
run_submitted,epoch 18,training,lr,2.00e-04,raw_logs/sneha_singh/task3_gan/train_full_ngf64_sneha.log
run_submitted,epoch 19,training,g_loss,4.669,raw_logs/sneha_singh/task3_gan/train_full_ngf64_sneha.log
run_submitted,epoch 19,training,d_loss,0.287,raw_logs/sneha_singh/task3_gan/train_full_ngf64_sneha.log
run_submitted,epoch 19,training,cycle_loss,2.457,raw_logs/sneha_singh/task3_gan/train_full_ngf64_sneha.log
run_submitted,epoch 19,training,identity_loss,1.192,raw_logs/sneha_singh/task3_gan/train_full_ngf64_sneha.log
run_submitted,epoch 19,training,nan_count_cum,0,raw_logs/sneha_singh/task3_gan/train_full_ngf64_sneha.log
run_submitted,epoch 19,training,lr,2.00e-04,raw_logs/sneha_singh/task3_gan/train_full_ngf64_sneha.log
run_submitted,epoch 20,training,g_loss,4.622,raw_logs/sneha_singh/task3_gan/train_full_ngf64_sneha.log
run_submitted,epoch 20,training,d_loss,0.287,raw_logs/sneha_singh/task3_gan/train_full_ngf64_sneha.log
run_submitted,epoch 20,training,cycle_loss,2.416,raw_logs/sneha_singh/task3_gan/train_full_ngf64_sneha.log
run_submitted,epoch 20,training,identity_loss,1.175,raw_logs/sneha_singh/task3_gan/train_full_ngf64_sneha.log
run_submitted,epoch 20,training,nan_count_cum,0,raw_logs/sneha_singh/task3_gan/train_full_ngf64_sneha.log
run_submitted,epoch 20,training,lr,2.00e-04,raw_logs/sneha_singh/task3_gan/train_full_ngf64_sneha.log
run_submitted,epoch 21,training,g_loss,4.552,raw_logs/sneha_singh/task3_gan/train_full_ngf64_sneha.log
run_submitted,epoch 21,training,d_loss,0.290,raw_logs/sneha_singh/task3_gan/train_full_ngf64_sneha.log
run_submitted,epoch 21,training,cycle_loss,2.368,raw_logs/sneha_singh/task3_gan/train_full_ngf64_sneha.log
run_submitted,epoch 21,training,identity_loss,1.147,raw_logs/sneha_singh/task3_gan/train_full_ngf64_sneha.log
run_submitted,epoch 21,training,nan_count_cum,0,raw_logs/sneha_singh/task3_gan/train_full_ngf64_sneha.log
run_submitted,epoch 21,training,lr,2.00e-04,raw_logs/sneha_singh/task3_gan/train_full_ngf64_sneha.log
run_submitted,epoch 22,training,g_loss,4.512,raw_logs/sneha_singh/task3_gan/train_full_ngf64_sneha.log
run_submitted,epoch 22,training,d_loss,0.288,raw_logs/sneha_singh/task3_gan/train_full_ngf64_sneha.log
run_submitted,epoch 22,training,cycle_loss,2.344,raw_logs/sneha_singh/task3_gan/train_full_ngf64_sneha.log
run_submitted,epoch 22,training,identity_loss,1.137,raw_logs/sneha_singh/task3_gan/train_full_ngf64_sneha.log
run_submitted,epoch 22,training,nan_count_cum,0,raw_logs/sneha_singh/task3_gan/train_full_ngf64_sneha.log
run_submitted,epoch 22,training,lr,2.00e-04,raw_logs/sneha_singh/task3_gan/train_full_ngf64_sneha.log
run_submitted,epoch 23,training,g_loss,4.388,raw_logs/sneha_singh/task3_gan/train_full_ngf64_sneha.log
run_submitted,epoch 23,training,d_loss,0.293,raw_logs/sneha_singh/task3_gan/train_full_ngf64_sneha.log
run_submitted,epoch 23,training,cycle_loss,2.281,raw_logs/sneha_singh/task3_gan/train_full_ngf64_sneha.log
run_submitted,epoch 23,training,identity_loss,1.102,raw_logs/sneha_singh/task3_gan/train_full_ngf64_sneha.log
run_submitted,epoch 23,training,nan_count_cum,0,raw_logs/sneha_singh/task3_gan/train_full_ngf64_sneha.log
run_submitted,epoch 23,training,lr,2.00e-04,raw_logs/sneha_singh/task3_gan/train_full_ngf64_sneha.log
run_submitted,epoch 24,training,g_loss,4.352,raw_logs/sneha_singh/task3_gan/train_full_ngf64_sneha.log
run_submitted,epoch 24,training,d_loss,0.297,raw_logs/sneha_singh/task3_gan/train_full_ngf64_sneha.log
run_submitted,epoch 24,training,cycle_loss,2.267,raw_logs/sneha_singh/task3_gan/train_full_ngf64_sneha.log
run_submitted,epoch 24,training,identity_loss,1.095,raw_logs/sneha_singh/task3_gan/train_full_ngf64_sneha.log
run_submitted,epoch 24,training,nan_count_cum,0,raw_logs/sneha_singh/task3_gan/train_full_ngf64_sneha.log
run_submitted,epoch 24,training,lr,2.00e-04,raw_logs/sneha_singh/task3_gan/train_full_ngf64_sneha.log
run_submitted,epoch 25,training,g_loss,4.363,raw_logs/sneha_singh/task3_gan/train_full_ngf64_sneha.log
run_submitted,epoch 25,training,d_loss,0.289,raw_logs/sneha_singh/task3_gan/train_full_ngf64_sneha.log
run_submitted,epoch 25,training,cycle_loss,2.265,raw_logs/sneha_singh/task3_gan/train_full_ngf64_sneha.log
run_submitted,epoch 25,training,identity_loss,1.088,raw_logs/sneha_singh/task3_gan/train_full_ngf64_sneha.log
run_submitted,epoch 25,training,nan_count_cum,0,raw_logs/sneha_singh/task3_gan/train_full_ngf64_sneha.log
run_submitted,epoch 25,training,lr,2.00e-04,raw_logs/sneha_singh/task3_gan/train_full_ngf64_sneha.log
run_submitted,epoch 26,training,g_loss,4.273,raw_logs/sneha_singh/task3_gan/train_full_ngf64_sneha.log
run_submitted,epoch 26,training,d_loss,0.295,raw_logs/sneha_singh/task3_gan/train_full_ngf64_sneha.log
run_submitted,epoch 26,training,cycle_loss,2.214,raw_logs/sneha_singh/task3_gan/train_full_ngf64_sneha.log
run_submitted,epoch 26,training,identity_loss,1.056,raw_logs/sneha_singh/task3_gan/train_full_ngf64_sneha.log
run_submitted,epoch 26,training,nan_count_cum,0,raw_logs/sneha_singh/task3_gan/train_full_ngf64_sneha.log
run_submitted,epoch 26,training,lr,2.00e-04,raw_logs/sneha_singh/task3_gan/train_full_ngf64_sneha.log
run_submitted,epoch 27,training,g_loss,4.324,raw_logs/sneha_singh/task3_gan/train_full_ngf64_sneha.log
run_submitted,epoch 27,training,d_loss,0.295,raw_logs/sneha_singh/task3_gan/train_full_ngf64_sneha.log
run_submitted,epoch 27,training,cycle_loss,2.239,raw_logs/sneha_singh/task3_gan/train_full_ngf64_sneha.log
run_submitted,epoch 27,training,identity_loss,1.071,raw_logs/sneha_singh/task3_gan/train_full_ngf64_sneha.log
run_submitted,epoch 27,training,nan_count_cum,0,raw_logs/sneha_singh/task3_gan/train_full_ngf64_sneha.log
run_submitted,epoch 27,training,lr,2.00e-04,raw_logs/sneha_singh/task3_gan/train_full_ngf64_sneha.log
run_submitted,epoch 28,training,g_loss,4.255,raw_logs/sneha_singh/task3_gan/train_full_ngf64_sneha.log
run_submitted,epoch 28,training,d_loss,0.294,raw_logs/sneha_singh/task3_gan/train_full_ngf64_sneha.log
run_submitted,epoch 28,training,cycle_loss,2.196,raw_logs/sneha_singh/task3_gan/train_full_ngf64_sneha.log
run_submitted,epoch 28,training,identity_loss,1.050,raw_logs/sneha_singh/task3_gan/train_full_ngf64_sneha.log
run_submitted,epoch 28,training,nan_count_cum,0,raw_logs/sneha_singh/task3_gan/train_full_ngf64_sneha.log
run_submitted,epoch 28,training,lr,2.00e-04,raw_logs/sneha_singh/task3_gan/train_full_ngf64_sneha.log
run_submitted,epoch 29,training,g_loss,4.219,raw_logs/sneha_singh/task3_gan/train_full_ngf64_sneha.log
run_submitted,epoch 29,training,d_loss,0.291,raw_logs/sneha_singh/task3_gan/train_full_ngf64_sneha.log
run_submitted,epoch 29,training,cycle_loss,2.175,raw_logs/sneha_singh/task3_gan/train_full_ngf64_sneha.log
run_submitted,epoch 29,training,identity_loss,1.031,raw_logs/sneha_singh/task3_gan/train_full_ngf64_sneha.log
run_submitted,epoch 29,training,nan_count_cum,0,raw_logs/sneha_singh/task3_gan/train_full_ngf64_sneha.log
run_submitted,epoch 29,training,lr,2.00e-04,raw_logs/sneha_singh/task3_gan/train_full_ngf64_sneha.log
run_submitted,epoch 30,training,g_loss,4.194,raw_logs/sneha_singh/task3_gan/train_full_ngf64_sneha.log
run_submitted,epoch 30,training,d_loss,0.290,raw_logs/sneha_singh/task3_gan/train_full_ngf64_sneha.log
run_submitted,epoch 30,training,cycle_loss,2.164,raw_logs/sneha_singh/task3_gan/train_full_ngf64_sneha.log
run_submitted,epoch 30,training,identity_loss,1.027,raw_logs/sneha_singh/task3_gan/train_full_ngf64_sneha.log
run_submitted,epoch 30,training,nan_count_cum,0,raw_logs/sneha_singh/task3_gan/train_full_ngf64_sneha.log
run_submitted,epoch 30,training,lr,2.00e-04,raw_logs/sneha_singh/task3_gan/train_full_ngf64_sneha.log
run_submitted,epoch 31,training,g_loss,4.171,raw_logs/sneha_singh/task3_gan/train_full_ngf64_sneha.log
run_submitted,epoch 31,training,d_loss,0.290,raw_logs/sneha_singh/task3_gan/train_full_ngf64_sneha.log
run_submitted,epoch 31,training,cycle_loss,2.147,raw_logs/sneha_singh/task3_gan/train_full_ngf64_sneha.log
run_submitted,epoch 31,training,identity_loss,1.014,raw_logs/sneha_singh/task3_gan/train_full_ngf64_sneha.log
run_submitted,epoch 31,training,nan_count_cum,0,raw_logs/sneha_singh/task3_gan/train_full_ngf64_sneha.log
run_submitted,epoch 31,training,lr,2.00e-04,raw_logs/sneha_singh/task3_gan/train_full_ngf64_sneha.log
run_submitted,epoch 32,training,g_loss,4.182,raw_logs/sneha_singh/task3_gan/train_full_ngf64_sneha.log
run_submitted,epoch 32,training,d_loss,0.289,raw_logs/sneha_singh/task3_gan/train_full_ngf64_sneha.log
run_submitted,epoch 32,training,cycle_loss,2.146,raw_logs/sneha_singh/task3_gan/train_full_ngf64_sneha.log
run_submitted,epoch 32,training,identity_loss,1.008,raw_logs/sneha_singh/task3_gan/train_full_ngf64_sneha.log
run_submitted,epoch 32,training,nan_count_cum,0,raw_logs/sneha_singh/task3_gan/train_full_ngf64_sneha.log
run_submitted,epoch 32,training,lr,2.00e-04,raw_logs/sneha_singh/task3_gan/train_full_ngf64_sneha.log
run_submitted,epoch 33,training,g_loss,4.132,raw_logs/sneha_singh/task3_gan/train_full_ngf64_sneha.log
run_submitted,epoch 33,training,d_loss,0.292,raw_logs/sneha_singh/task3_gan/train_full_ngf64_sneha.log
run_submitted,epoch 33,training,cycle_loss,2.126,raw_logs/sneha_singh/task3_gan/train_full_ngf64_sneha.log
run_submitted,epoch 33,training,identity_loss,0.996,raw_logs/sneha_singh/task3_gan/train_full_ngf64_sneha.log
run_submitted,epoch 33,training,nan_count_cum,0,raw_logs/sneha_singh/task3_gan/train_full_ngf64_sneha.log
run_submitted,epoch 33,training,lr,2.00e-04,raw_logs/sneha_singh/task3_gan/train_full_ngf64_sneha.log
run_submitted,epoch 34,training,g_loss,4.099,raw_logs/sneha_singh/task3_gan/train_full_ngf64_sneha.log
run_submitted,epoch 34,training,d_loss,0.285,raw_logs/sneha_singh/task3_gan/train_full_ngf64_sneha.log
run_submitted,epoch 34,training,cycle_loss,2.090,raw_logs/sneha_singh/task3_gan/train_full_ngf64_sneha.log
run_submitted,epoch 34,training,identity_loss,0.976,raw_logs/sneha_singh/task3_gan/train_full_ngf64_sneha.log
run_submitted,epoch 34,training,nan_count_cum,0,raw_logs/sneha_singh/task3_gan/train_full_ngf64_sneha.log
run_submitted,epoch 34,training,lr,2.00e-04,raw_logs/sneha_singh/task3_gan/train_full_ngf64_sneha.log
run_submitted,epoch 35,training,g_loss,4.068,raw_logs/sneha_singh/task3_gan/train_full_ngf64_sneha.log
run_submitted,epoch 35,training,d_loss,0.283,raw_logs/sneha_singh/task3_gan/train_full_ngf64_sneha.log
run_submitted,epoch 35,training,cycle_loss,2.076,raw_logs/sneha_singh/task3_gan/train_full_ngf64_sneha.log
run_submitted,epoch 35,training,identity_loss,0.964,raw_logs/sneha_singh/task3_gan/train_full_ngf64_sneha.log
run_submitted,epoch 35,training,nan_count_cum,0,raw_logs/sneha_singh/task3_gan/train_full_ngf64_sneha.log
run_submitted,epoch 35,training,lr,2.00e-04,raw_logs/sneha_singh/task3_gan/train_full_ngf64_sneha.log
run_submitted,epoch 36,training,g_loss,4.097,raw_logs/sneha_singh/task3_gan/train_full_ngf64_sneha.log
run_submitted,epoch 36,training,d_loss,0.279,raw_logs/sneha_singh/task3_gan/train_full_ngf64_sneha.log
run_submitted,epoch 36,training,cycle_loss,2.083,raw_logs/sneha_singh/task3_gan/train_full_ngf64_sneha.log
run_submitted,epoch 36,training,identity_loss,0.967,raw_logs/sneha_singh/task3_gan/train_full_ngf64_sneha.log
run_submitted,epoch 36,training,nan_count_cum,0,raw_logs/sneha_singh/task3_gan/train_full_ngf64_sneha.log
run_submitted,epoch 36,training,lr,2.00e-04,raw_logs/sneha_singh/task3_gan/train_full_ngf64_sneha.log
run_submitted,epoch 37,training,g_loss,4.174,raw_logs/sneha_singh/task3_gan/train_full_ngf64_sneha.log
run_submitted,epoch 37,training,d_loss,0.272,raw_logs/sneha_singh/task3_gan/train_full_ngf64_sneha.log
run_submitted,epoch 37,training,cycle_loss,2.117,raw_logs/sneha_singh/task3_gan/train_full_ngf64_sneha.log
run_submitted,epoch 37,training,identity_loss,0.983,raw_logs/sneha_singh/task3_gan/train_full_ngf64_sneha.log
run_submitted,epoch 37,training,nan_count_cum,0,raw_logs/sneha_singh/task3_gan/train_full_ngf64_sneha.log
run_submitted,epoch 37,training,lr,2.00e-04,raw_logs/sneha_singh/task3_gan/train_full_ngf64_sneha.log
run_submitted,epoch 38,training,g_loss,4.076,raw_logs/sneha_singh/task3_gan/train_full_ngf64_sneha.log
run_submitted,epoch 38,training,d_loss,0.273,raw_logs/sneha_singh/task3_gan/train_full_ngf64_sneha.log
run_submitted,epoch 38,training,cycle_loss,2.045,raw_logs/sneha_singh/task3_gan/train_full_ngf64_sneha.log
run_submitted,epoch 38,training,identity_loss,0.955,raw_logs/sneha_singh/task3_gan/train_full_ngf64_sneha.log
run_submitted,epoch 38,training,nan_count_cum,0,raw_logs/sneha_singh/task3_gan/train_full_ngf64_sneha.log
run_submitted,epoch 38,training,lr,2.00e-04,raw_logs/sneha_singh/task3_gan/train_full_ngf64_sneha.log
run_submitted,epoch 39,training,g_loss,4.089,raw_logs/sneha_singh/task3_gan/train_full_ngf64_sneha.log
run_submitted,epoch 39,training,d_loss,0.265,raw_logs/sneha_singh/task3_gan/train_full_ngf64_sneha.log
run_submitted,epoch 39,training,cycle_loss,2.044,raw_logs/sneha_singh/task3_gan/train_full_ngf64_sneha.log
run_submitted,epoch 39,training,identity_loss,0.947,raw_logs/sneha_singh/task3_gan/train_full_ngf64_sneha.log
run_submitted,epoch 39,training,nan_count_cum,0,raw_logs/sneha_singh/task3_gan/train_full_ngf64_sneha.log
run_submitted,epoch 39,training,lr,2.00e-04,raw_logs/sneha_singh/task3_gan/train_full_ngf64_sneha.log
run_submitted,epoch 40,training,g_loss,4.089,raw_logs/sneha_singh/task3_gan/train_full_ngf64_sneha.log
run_submitted,epoch 40,training,d_loss,0.258,raw_logs/sneha_singh/task3_gan/train_full_ngf64_sneha.log
run_submitted,epoch 40,training,cycle_loss,2.035,raw_logs/sneha_singh/task3_gan/train_full_ngf64_sneha.log
run_submitted,epoch 40,training,identity_loss,0.944,raw_logs/sneha_singh/task3_gan/train_full_ngf64_sneha.log
run_submitted,epoch 40,training,nan_count_cum,0,raw_logs/sneha_singh/task3_gan/train_full_ngf64_sneha.log
run_submitted,epoch 40,training,lr,2.00e-04,raw_logs/sneha_singh/task3_gan/train_full_ngf64_sneha.log
run_submitted,epoch 41,training,g_loss,4.018,raw_logs/sneha_singh/task3_gan/train_full_ngf64_sneha.log
run_submitted,epoch 41,training,d_loss,0.260,raw_logs/sneha_singh/task3_gan/train_full_ngf64_sneha.log
run_submitted,epoch 41,training,cycle_loss,1.999,raw_logs/sneha_singh/task3_gan/train_full_ngf64_sneha.log
run_submitted,epoch 41,training,identity_loss,0.918,raw_logs/sneha_singh/task3_gan/train_full_ngf64_sneha.log
run_submitted,epoch 41,training,nan_count_cum,0,raw_logs/sneha_singh/task3_gan/train_full_ngf64_sneha.log
run_submitted,epoch 41,training,lr,2.00e-04,raw_logs/sneha_singh/task3_gan/train_full_ngf64_sneha.log
run_submitted,epoch 42,training,g_loss,4.000,raw_logs/sneha_singh/task3_gan/train_full_ngf64_sneha.log
run_submitted,epoch 42,training,d_loss,0.260,raw_logs/sneha_singh/task3_gan/train_full_ngf64_sneha.log
run_submitted,epoch 42,training,cycle_loss,1.985,raw_logs/sneha_singh/task3_gan/train_full_ngf64_sneha.log
run_submitted,epoch 42,training,identity_loss,0.910,raw_logs/sneha_singh/task3_gan/train_full_ngf64_sneha.log
run_submitted,epoch 42,training,nan_count_cum,0,raw_logs/sneha_singh/task3_gan/train_full_ngf64_sneha.log
run_submitted,epoch 42,training,lr,2.00e-04,raw_logs/sneha_singh/task3_gan/train_full_ngf64_sneha.log
run_submitted,epoch 43,training,g_loss,4.026,raw_logs/sneha_singh/task3_gan/train_full_ngf64_sneha.log
run_submitted,epoch 43,training,d_loss,0.258,raw_logs/sneha_singh/task3_gan/train_full_ngf64_sneha.log
run_submitted,epoch 43,training,cycle_loss,1.990,raw_logs/sneha_singh/task3_gan/train_full_ngf64_sneha.log
run_submitted,epoch 43,training,identity_loss,0.912,raw_logs/sneha_singh/task3_gan/train_full_ngf64_sneha.log
run_submitted,epoch 43,training,nan_count_cum,0,raw_logs/sneha_singh/task3_gan/train_full_ngf64_sneha.log
run_submitted,epoch 43,training,lr,2.00e-04,raw_logs/sneha_singh/task3_gan/train_full_ngf64_sneha.log
run_submitted,epoch 44,training,g_loss,4.077,raw_logs/sneha_singh/task3_gan/train_full_ngf64_sneha.log
run_submitted,epoch 44,training,d_loss,0.251,raw_logs/sneha_singh/task3_gan/train_full_ngf64_sneha.log
run_submitted,epoch 44,training,cycle_loss,2.006,raw_logs/sneha_singh/task3_gan/train_full_ngf64_sneha.log
run_submitted,epoch 44,training,identity_loss,0.915,raw_logs/sneha_singh/task3_gan/train_full_ngf64_sneha.log
run_submitted,epoch 44,training,nan_count_cum,0,raw_logs/sneha_singh/task3_gan/train_full_ngf64_sneha.log
run_submitted,epoch 44,training,lr,2.00e-04,raw_logs/sneha_singh/task3_gan/train_full_ngf64_sneha.log
run_submitted,epoch 45,training,g_loss,3.994,raw_logs/sneha_singh/task3_gan/train_full_ngf64_sneha.log
run_submitted,epoch 45,training,d_loss,0.259,raw_logs/sneha_singh/task3_gan/train_full_ngf64_sneha.log
run_submitted,epoch 45,training,cycle_loss,1.969,raw_logs/sneha_singh/task3_gan/train_full_ngf64_sneha.log
run_submitted,epoch 45,training,identity_loss,0.899,raw_logs/sneha_singh/task3_gan/train_full_ngf64_sneha.log
run_submitted,epoch 45,training,nan_count_cum,0,raw_logs/sneha_singh/task3_gan/train_full_ngf64_sneha.log
run_submitted,epoch 45,training,lr,2.00e-04,raw_logs/sneha_singh/task3_gan/train_full_ngf64_sneha.log
run_submitted,epoch 46,training,g_loss,3.985,raw_logs/sneha_singh/task3_gan/train_full_ngf64_sneha.log
run_submitted,epoch 46,training,d_loss,0.256,raw_logs/sneha_singh/task3_gan/train_full_ngf64_sneha.log
run_submitted,epoch 46,training,cycle_loss,1.983,raw_logs/sneha_singh/task3_gan/train_full_ngf64_sneha.log
run_submitted,epoch 46,training,identity_loss,0.897,raw_logs/sneha_singh/task3_gan/train_full_ngf64_sneha.log
run_submitted,epoch 46,training,nan_count_cum,0,raw_logs/sneha_singh/task3_gan/train_full_ngf64_sneha.log
run_submitted,epoch 46,training,lr,2.00e-04,raw_logs/sneha_singh/task3_gan/train_full_ngf64_sneha.log
run_submitted,epoch 47,training,g_loss,3.938,raw_logs/sneha_singh/task3_gan/train_full_ngf64_sneha.log
run_submitted,epoch 47,training,d_loss,0.258,raw_logs/sneha_singh/task3_gan/train_full_ngf64_sneha.log
run_submitted,epoch 47,training,cycle_loss,1.943,raw_logs/sneha_singh/task3_gan/train_full_ngf64_sneha.log
run_submitted,epoch 47,training,identity_loss,0.886,raw_logs/sneha_singh/task3_gan/train_full_ngf64_sneha.log
run_submitted,epoch 47,training,nan_count_cum,0,raw_logs/sneha_singh/task3_gan/train_full_ngf64_sneha.log
run_submitted,epoch 47,training,lr,2.00e-04,raw_logs/sneha_singh/task3_gan/train_full_ngf64_sneha.log
run_submitted,epoch 48,training,g_loss,4.053,raw_logs/sneha_singh/task3_gan/train_full_ngf64_sneha.log
run_submitted,epoch 48,training,d_loss,0.245,raw_logs/sneha_singh/task3_gan/train_full_ngf64_sneha.log
run_submitted,epoch 48,training,cycle_loss,1.986,raw_logs/sneha_singh/task3_gan/train_full_ngf64_sneha.log
run_submitted,epoch 48,training,identity_loss,0.903,raw_logs/sneha_singh/task3_gan/train_full_ngf64_sneha.log
run_submitted,epoch 48,training,nan_count_cum,0,raw_logs/sneha_singh/task3_gan/train_full_ngf64_sneha.log
run_submitted,epoch 48,training,lr,2.00e-04,raw_logs/sneha_singh/task3_gan/train_full_ngf64_sneha.log
run_submitted,epoch 49,training,g_loss,3.996,raw_logs/sneha_singh/task3_gan/train_full_ngf64_sneha.log
run_submitted,epoch 49,training,d_loss,0.248,raw_logs/sneha_singh/task3_gan/train_full_ngf64_sneha.log
run_submitted,epoch 49,training,cycle_loss,1.954,raw_logs/sneha_singh/task3_gan/train_full_ngf64_sneha.log
run_submitted,epoch 49,training,identity_loss,0.885,raw_logs/sneha_singh/task3_gan/train_full_ngf64_sneha.log
run_submitted,epoch 49,training,nan_count_cum,0,raw_logs/sneha_singh/task3_gan/train_full_ngf64_sneha.log
run_submitted,epoch 49,training,lr,2.00e-04,raw_logs/sneha_singh/task3_gan/train_full_ngf64_sneha.log
run_submitted,epoch 50,training,g_loss,4.223,raw_logs/sneha_singh/task3_gan/train_full_ngf64_sneha.log
run_submitted,epoch 50,training,d_loss,0.647,raw_logs/sneha_singh/task3_gan/train_full_ngf64_sneha.log
run_submitted,epoch 50,training,cycle_loss,1.976,raw_logs/sneha_singh/task3_gan/train_full_ngf64_sneha.log
run_submitted,epoch 50,training,identity_loss,0.888,raw_logs/sneha_singh/task3_gan/train_full_ngf64_sneha.log
run_submitted,epoch 50,training,nan_count_cum,0,raw_logs/sneha_singh/task3_gan/train_full_ngf64_sneha.log
run_submitted,epoch 50,training,lr,2.00e-04,raw_logs/sneha_singh/task3_gan/train_full_ngf64_sneha.log
run_submitted,epoch 51,training,g_loss,3.514,raw_logs/sneha_singh/task3_gan/train_full_ngf64_sneha.log
run_submitted,epoch 51,training,d_loss,0.352,raw_logs/sneha_singh/task3_gan/train_full_ngf64_sneha.log
run_submitted,epoch 51,training,cycle_loss,1.857,raw_logs/sneha_singh/task3_gan/train_full_ngf64_sneha.log
run_submitted,epoch 51,training,identity_loss,0.841,raw_logs/sneha_singh/task3_gan/train_full_ngf64_sneha.log
run_submitted,epoch 51,training,nan_count_cum,0,raw_logs/sneha_singh/task3_gan/train_full_ngf64_sneha.log
run_submitted,epoch 51,training,lr,1.96e-04,raw_logs/sneha_singh/task3_gan/train_full_ngf64_sneha.log
run_submitted,epoch 52,training,g_loss,3.458,raw_logs/sneha_singh/task3_gan/train_full_ngf64_sneha.log
run_submitted,epoch 52,training,d_loss,0.349,raw_logs/sneha_singh/task3_gan/train_full_ngf64_sneha.log
run_submitted,epoch 52,training,cycle_loss,1.816,raw_logs/sneha_singh/task3_gan/train_full_ngf64_sneha.log
run_submitted,epoch 52,training,identity_loss,0.823,raw_logs/sneha_singh/task3_gan/train_full_ngf64_sneha.log
run_submitted,epoch 52,training,nan_count_cum,0,raw_logs/sneha_singh/task3_gan/train_full_ngf64_sneha.log
run_submitted,epoch 52,training,lr,1.92e-04,raw_logs/sneha_singh/task3_gan/train_full_ngf64_sneha.log
run_submitted,epoch 53,training,g_loss,3.447,raw_logs/sneha_singh/task3_gan/train_full_ngf64_sneha.log
run_submitted,epoch 53,training,d_loss,0.349,raw_logs/sneha_singh/task3_gan/train_full_ngf64_sneha.log
run_submitted,epoch 53,training,cycle_loss,1.806,raw_logs/sneha_singh/task3_gan/train_full_ngf64_sneha.log
run_submitted,epoch 53,training,identity_loss,0.815,raw_logs/sneha_singh/task3_gan/train_full_ngf64_sneha.log
run_submitted,epoch 53,training,nan_count_cum,0,raw_logs/sneha_singh/task3_gan/train_full_ngf64_sneha.log
run_submitted,epoch 53,training,lr,1.88e-04,raw_logs/sneha_singh/task3_gan/train_full_ngf64_sneha.log
run_submitted,epoch 54,training,g_loss,3.476,raw_logs/sneha_singh/task3_gan/train_full_ngf64_sneha.log
run_submitted,epoch 54,training,d_loss,0.341,raw_logs/sneha_singh/task3_gan/train_full_ngf64_sneha.log
run_submitted,epoch 54,training,cycle_loss,1.806,raw_logs/sneha_singh/task3_gan/train_full_ngf64_sneha.log
run_submitted,epoch 54,training,identity_loss,0.816,raw_logs/sneha_singh/task3_gan/train_full_ngf64_sneha.log
run_submitted,epoch 54,training,nan_count_cum,0,raw_logs/sneha_singh/task3_gan/train_full_ngf64_sneha.log
run_submitted,epoch 54,training,lr,1.84e-04,raw_logs/sneha_singh/task3_gan/train_full_ngf64_sneha.log
run_submitted,epoch 55,training,g_loss,3.474,raw_logs/sneha_singh/task3_gan/train_full_ngf64_sneha.log
run_submitted,epoch 55,training,d_loss,0.315,raw_logs/sneha_singh/task3_gan/train_full_ngf64_sneha.log
run_submitted,epoch 55,training,cycle_loss,1.777,raw_logs/sneha_singh/task3_gan/train_full_ngf64_sneha.log
run_submitted,epoch 55,training,identity_loss,0.802,raw_logs/sneha_singh/task3_gan/train_full_ngf64_sneha.log
run_submitted,epoch 55,training,nan_count_cum,0,raw_logs/sneha_singh/task3_gan/train_full_ngf64_sneha.log
run_submitted,epoch 55,training,lr,1.80e-04,raw_logs/sneha_singh/task3_gan/train_full_ngf64_sneha.log
run_submitted,epoch 56,training,g_loss,3.578,raw_logs/sneha_singh/task3_gan/train_full_ngf64_sneha.log
run_submitted,epoch 56,training,d_loss,0.270,raw_logs/sneha_singh/task3_gan/train_full_ngf64_sneha.log
run_submitted,epoch 56,training,cycle_loss,1.778,raw_logs/sneha_singh/task3_gan/train_full_ngf64_sneha.log
run_submitted,epoch 56,training,identity_loss,0.792,raw_logs/sneha_singh/task3_gan/train_full_ngf64_sneha.log
run_submitted,epoch 56,training,nan_count_cum,0,raw_logs/sneha_singh/task3_gan/train_full_ngf64_sneha.log
run_submitted,epoch 56,training,lr,1.76e-04,raw_logs/sneha_singh/task3_gan/train_full_ngf64_sneha.log
run_submitted,epoch 57,training,g_loss,3.687,raw_logs/sneha_singh/task3_gan/train_full_ngf64_sneha.log
run_submitted,epoch 57,training,d_loss,0.261,raw_logs/sneha_singh/task3_gan/train_full_ngf64_sneha.log
run_submitted,epoch 57,training,cycle_loss,1.806,raw_logs/sneha_singh/task3_gan/train_full_ngf64_sneha.log
run_submitted,epoch 57,training,identity_loss,0.806,raw_logs/sneha_singh/task3_gan/train_full_ngf64_sneha.log
run_submitted,epoch 57,training,nan_count_cum,0,raw_logs/sneha_singh/task3_gan/train_full_ngf64_sneha.log
run_submitted,epoch 57,training,lr,1.72e-04,raw_logs/sneha_singh/task3_gan/train_full_ngf64_sneha.log
run_submitted,epoch 58,training,g_loss,3.623,raw_logs/sneha_singh/task3_gan/train_full_ngf64_sneha.log
run_submitted,epoch 58,training,d_loss,0.266,raw_logs/sneha_singh/task3_gan/train_full_ngf64_sneha.log
run_submitted,epoch 58,training,cycle_loss,1.766,raw_logs/sneha_singh/task3_gan/train_full_ngf64_sneha.log
run_submitted,epoch 58,training,identity_loss,0.785,raw_logs/sneha_singh/task3_gan/train_full_ngf64_sneha.log
run_submitted,epoch 58,training,nan_count_cum,0,raw_logs/sneha_singh/task3_gan/train_full_ngf64_sneha.log
run_submitted,epoch 58,training,lr,1.68e-04,raw_logs/sneha_singh/task3_gan/train_full_ngf64_sneha.log
run_submitted,epoch 59,training,g_loss,3.684,raw_logs/sneha_singh/task3_gan/train_full_ngf64_sneha.log
run_submitted,epoch 59,training,d_loss,0.261,raw_logs/sneha_singh/task3_gan/train_full_ngf64_sneha.log
run_submitted,epoch 59,training,cycle_loss,1.785,raw_logs/sneha_singh/task3_gan/train_full_ngf64_sneha.log
run_submitted,epoch 59,training,identity_loss,0.795,raw_logs/sneha_singh/task3_gan/train_full_ngf64_sneha.log
run_submitted,epoch 59,training,nan_count_cum,0,raw_logs/sneha_singh/task3_gan/train_full_ngf64_sneha.log
run_submitted,epoch 59,training,lr,1.64e-04,raw_logs/sneha_singh/task3_gan/train_full_ngf64_sneha.log
run_submitted,epoch 60,training,g_loss,3.707,raw_logs/sneha_singh/task3_gan/train_full_ngf64_sneha.log
run_submitted,epoch 60,training,d_loss,0.257,raw_logs/sneha_singh/task3_gan/train_full_ngf64_sneha.log
run_submitted,epoch 60,training,cycle_loss,1.801,raw_logs/sneha_singh/task3_gan/train_full_ngf64_sneha.log
run_submitted,epoch 60,training,identity_loss,0.798,raw_logs/sneha_singh/task3_gan/train_full_ngf64_sneha.log
run_submitted,epoch 60,training,nan_count_cum,0,raw_logs/sneha_singh/task3_gan/train_full_ngf64_sneha.log
run_submitted,epoch 60,training,lr,1.60e-04,raw_logs/sneha_singh/task3_gan/train_full_ngf64_sneha.log
run_submitted,epoch 61,training,g_loss,3.556,raw_logs/sneha_singh/task3_gan/train_full_ngf64_sneha.log
run_submitted,epoch 61,training,d_loss,0.262,raw_logs/sneha_singh/task3_gan/train_full_ngf64_sneha.log
run_submitted,epoch 61,training,cycle_loss,1.722,raw_logs/sneha_singh/task3_gan/train_full_ngf64_sneha.log
run_submitted,epoch 61,training,identity_loss,0.763,raw_logs/sneha_singh/task3_gan/train_full_ngf64_sneha.log
run_submitted,epoch 61,training,nan_count_cum,0,raw_logs/sneha_singh/task3_gan/train_full_ngf64_sneha.log
run_submitted,epoch 61,training,lr,1.56e-04,raw_logs/sneha_singh/task3_gan/train_full_ngf64_sneha.log
run_submitted,epoch 62,training,g_loss,3.565,raw_logs/sneha_singh/task3_gan/train_full_ngf64_sneha.log
run_submitted,epoch 62,training,d_loss,0.260,raw_logs/sneha_singh/task3_gan/train_full_ngf64_sneha.log
run_submitted,epoch 62,training,cycle_loss,1.720,raw_logs/sneha_singh/task3_gan/train_full_ngf64_sneha.log
run_submitted,epoch 62,training,identity_loss,0.758,raw_logs/sneha_singh/task3_gan/train_full_ngf64_sneha.log
run_submitted,epoch 62,training,nan_count_cum,0,raw_logs/sneha_singh/task3_gan/train_full_ngf64_sneha.log
run_submitted,epoch 62,training,lr,1.52e-04,raw_logs/sneha_singh/task3_gan/train_full_ngf64_sneha.log
run_submitted,epoch 63,training,g_loss,3.586,raw_logs/sneha_singh/task3_gan/train_full_ngf64_sneha.log
run_submitted,epoch 63,training,d_loss,0.255,raw_logs/sneha_singh/task3_gan/train_full_ngf64_sneha.log
run_submitted,epoch 63,training,cycle_loss,1.726,raw_logs/sneha_singh/task3_gan/train_full_ngf64_sneha.log
run_submitted,epoch 63,training,identity_loss,0.762,raw_logs/sneha_singh/task3_gan/train_full_ngf64_sneha.log
run_submitted,epoch 63,training,nan_count_cum,0,raw_logs/sneha_singh/task3_gan/train_full_ngf64_sneha.log
run_submitted,epoch 63,training,lr,1.48e-04,raw_logs/sneha_singh/task3_gan/train_full_ngf64_sneha.log
run_submitted,epoch 64,training,g_loss,3.573,raw_logs/sneha_singh/task3_gan/train_full_ngf64_sneha.log
run_submitted,epoch 64,training,d_loss,0.259,raw_logs/sneha_singh/task3_gan/train_full_ngf64_sneha.log
run_submitted,epoch 64,training,cycle_loss,1.716,raw_logs/sneha_singh/task3_gan/train_full_ngf64_sneha.log
run_submitted,epoch 64,training,identity_loss,0.750,raw_logs/sneha_singh/task3_gan/train_full_ngf64_sneha.log
run_submitted,epoch 64,training,nan_count_cum,0,raw_logs/sneha_singh/task3_gan/train_full_ngf64_sneha.log
run_submitted,epoch 64,training,lr,1.44e-04,raw_logs/sneha_singh/task3_gan/train_full_ngf64_sneha.log
run_submitted,epoch 65,training,g_loss,3.537,raw_logs/sneha_singh/task3_gan/train_full_ngf64_sneha.log
run_submitted,epoch 65,training,d_loss,0.258,raw_logs/sneha_singh/task3_gan/train_full_ngf64_sneha.log
run_submitted,epoch 65,training,cycle_loss,1.699,raw_logs/sneha_singh/task3_gan/train_full_ngf64_sneha.log
run_submitted,epoch 65,training,identity_loss,0.741,raw_logs/sneha_singh/task3_gan/train_full_ngf64_sneha.log
run_submitted,epoch 65,training,nan_count_cum,0,raw_logs/sneha_singh/task3_gan/train_full_ngf64_sneha.log
run_submitted,epoch 65,training,lr,1.40e-04,raw_logs/sneha_singh/task3_gan/train_full_ngf64_sneha.log
run_submitted,epoch 66,training,g_loss,3.510,raw_logs/sneha_singh/task3_gan/train_full_ngf64_sneha.log
run_submitted,epoch 66,training,d_loss,0.260,raw_logs/sneha_singh/task3_gan/train_full_ngf64_sneha.log
run_submitted,epoch 66,training,cycle_loss,1.689,raw_logs/sneha_singh/task3_gan/train_full_ngf64_sneha.log
run_submitted,epoch 66,training,identity_loss,0.739,raw_logs/sneha_singh/task3_gan/train_full_ngf64_sneha.log
run_submitted,epoch 66,training,nan_count_cum,0,raw_logs/sneha_singh/task3_gan/train_full_ngf64_sneha.log
run_submitted,epoch 66,training,lr,1.36e-04,raw_logs/sneha_singh/task3_gan/train_full_ngf64_sneha.log
run_submitted,epoch 67,training,g_loss,3.450,raw_logs/sneha_singh/task3_gan/train_full_ngf64_sneha.log
run_submitted,epoch 67,training,d_loss,0.260,raw_logs/sneha_singh/task3_gan/train_full_ngf64_sneha.log
run_submitted,epoch 67,training,cycle_loss,1.653,raw_logs/sneha_singh/task3_gan/train_full_ngf64_sneha.log
run_submitted,epoch 67,training,identity_loss,0.717,raw_logs/sneha_singh/task3_gan/train_full_ngf64_sneha.log
run_submitted,epoch 67,training,nan_count_cum,0,raw_logs/sneha_singh/task3_gan/train_full_ngf64_sneha.log
run_submitted,epoch 67,training,lr,1.32e-04,raw_logs/sneha_singh/task3_gan/train_full_ngf64_sneha.log
run_submitted,epoch 68,training,g_loss,3.472,raw_logs/sneha_singh/task3_gan/train_full_ngf64_sneha.log
run_submitted,epoch 68,training,d_loss,0.261,raw_logs/sneha_singh/task3_gan/train_full_ngf64_sneha.log
run_submitted,epoch 68,training,cycle_loss,1.660,raw_logs/sneha_singh/task3_gan/train_full_ngf64_sneha.log
run_submitted,epoch 68,training,identity_loss,0.718,raw_logs/sneha_singh/task3_gan/train_full_ngf64_sneha.log
run_submitted,epoch 68,training,nan_count_cum,0,raw_logs/sneha_singh/task3_gan/train_full_ngf64_sneha.log
run_submitted,epoch 68,training,lr,1.28e-04,raw_logs/sneha_singh/task3_gan/train_full_ngf64_sneha.log
run_submitted,epoch 69,training,g_loss,3.433,raw_logs/sneha_singh/task3_gan/train_full_ngf64_sneha.log
run_submitted,epoch 69,training,d_loss,0.256,raw_logs/sneha_singh/task3_gan/train_full_ngf64_sneha.log
run_submitted,epoch 69,training,cycle_loss,1.641,raw_logs/sneha_singh/task3_gan/train_full_ngf64_sneha.log
run_submitted,epoch 69,training,identity_loss,0.709,raw_logs/sneha_singh/task3_gan/train_full_ngf64_sneha.log
run_submitted,epoch 69,training,nan_count_cum,0,raw_logs/sneha_singh/task3_gan/train_full_ngf64_sneha.log
run_submitted,epoch 69,training,lr,1.24e-04,raw_logs/sneha_singh/task3_gan/train_full_ngf64_sneha.log
run_submitted,epoch 70,training,g_loss,3.438,raw_logs/sneha_singh/task3_gan/train_full_ngf64_sneha.log
run_submitted,epoch 70,training,d_loss,0.254,raw_logs/sneha_singh/task3_gan/train_full_ngf64_sneha.log
run_submitted,epoch 70,training,cycle_loss,1.638,raw_logs/sneha_singh/task3_gan/train_full_ngf64_sneha.log
run_submitted,epoch 70,training,identity_loss,0.704,raw_logs/sneha_singh/task3_gan/train_full_ngf64_sneha.log
run_submitted,epoch 70,training,nan_count_cum,0,raw_logs/sneha_singh/task3_gan/train_full_ngf64_sneha.log
run_submitted,epoch 70,training,lr,1.20e-04,raw_logs/sneha_singh/task3_gan/train_full_ngf64_sneha.log
run_submitted,epoch 71,training,g_loss,3.468,raw_logs/sneha_singh/task3_gan/train_full_ngf64_sneha.log
run_submitted,epoch 71,training,d_loss,0.252,raw_logs/sneha_singh/task3_gan/train_full_ngf64_sneha.log
run_submitted,epoch 71,training,cycle_loss,1.640,raw_logs/sneha_singh/task3_gan/train_full_ngf64_sneha.log
run_submitted,epoch 71,training,identity_loss,0.707,raw_logs/sneha_singh/task3_gan/train_full_ngf64_sneha.log
run_submitted,epoch 71,training,nan_count_cum,0,raw_logs/sneha_singh/task3_gan/train_full_ngf64_sneha.log
run_submitted,epoch 71,training,lr,1.16e-04,raw_logs/sneha_singh/task3_gan/train_full_ngf64_sneha.log
run_submitted,epoch 72,training,g_loss,3.417,raw_logs/sneha_singh/task3_gan/train_full_ngf64_sneha.log
run_submitted,epoch 72,training,d_loss,0.253,raw_logs/sneha_singh/task3_gan/train_full_ngf64_sneha.log
run_submitted,epoch 72,training,cycle_loss,1.613,raw_logs/sneha_singh/task3_gan/train_full_ngf64_sneha.log
run_submitted,epoch 72,training,identity_loss,0.693,raw_logs/sneha_singh/task3_gan/train_full_ngf64_sneha.log
run_submitted,epoch 72,training,nan_count_cum,0,raw_logs/sneha_singh/task3_gan/train_full_ngf64_sneha.log
run_submitted,epoch 72,training,lr,1.12e-04,raw_logs/sneha_singh/task3_gan/train_full_ngf64_sneha.log
run_submitted,epoch 73,training,g_loss,3.439,raw_logs/sneha_singh/task3_gan/train_full_ngf64_sneha.log
run_submitted,epoch 73,training,d_loss,0.251,raw_logs/sneha_singh/task3_gan/train_full_ngf64_sneha.log
run_submitted,epoch 73,training,cycle_loss,1.619,raw_logs/sneha_singh/task3_gan/train_full_ngf64_sneha.log
run_submitted,epoch 73,training,identity_loss,0.693,raw_logs/sneha_singh/task3_gan/train_full_ngf64_sneha.log
run_submitted,epoch 73,training,nan_count_cum,0,raw_logs/sneha_singh/task3_gan/train_full_ngf64_sneha.log
run_submitted,epoch 73,training,lr,1.08e-04,raw_logs/sneha_singh/task3_gan/train_full_ngf64_sneha.log
run_submitted,epoch 74,training,g_loss,3.400,raw_logs/sneha_singh/task3_gan/train_full_ngf64_sneha.log
run_submitted,epoch 74,training,d_loss,0.247,raw_logs/sneha_singh/task3_gan/train_full_ngf64_sneha.log
run_submitted,epoch 74,training,cycle_loss,1.589,raw_logs/sneha_singh/task3_gan/train_full_ngf64_sneha.log
run_submitted,epoch 74,training,identity_loss,0.682,raw_logs/sneha_singh/task3_gan/train_full_ngf64_sneha.log
run_submitted,epoch 74,training,nan_count_cum,0,raw_logs/sneha_singh/task3_gan/train_full_ngf64_sneha.log
run_submitted,epoch 74,training,lr,1.04e-04,raw_logs/sneha_singh/task3_gan/train_full_ngf64_sneha.log
run_submitted,epoch 75,training,g_loss,3.373,raw_logs/sneha_singh/task3_gan/train_full_ngf64_sneha.log
run_submitted,epoch 75,training,d_loss,0.248,raw_logs/sneha_singh/task3_gan/train_full_ngf64_sneha.log
run_submitted,epoch 75,training,cycle_loss,1.581,raw_logs/sneha_singh/task3_gan/train_full_ngf64_sneha.log
run_submitted,epoch 75,training,identity_loss,0.678,raw_logs/sneha_singh/task3_gan/train_full_ngf64_sneha.log
run_submitted,epoch 75,training,nan_count_cum,0,raw_logs/sneha_singh/task3_gan/train_full_ngf64_sneha.log
run_submitted,epoch 75,training,lr,1.00e-04,raw_logs/sneha_singh/task3_gan/train_full_ngf64_sneha.log
run_submitted,epoch 76,training,g_loss,3.361,raw_logs/sneha_singh/task3_gan/train_full_ngf64_sneha.log
run_submitted,epoch 76,training,d_loss,0.244,raw_logs/sneha_singh/task3_gan/train_full_ngf64_sneha.log
run_submitted,epoch 76,training,cycle_loss,1.566,raw_logs/sneha_singh/task3_gan/train_full_ngf64_sneha.log
run_submitted,epoch 76,training,identity_loss,0.671,raw_logs/sneha_singh/task3_gan/train_full_ngf64_sneha.log
run_submitted,epoch 76,training,nan_count_cum,0,raw_logs/sneha_singh/task3_gan/train_full_ngf64_sneha.log
run_submitted,epoch 76,training,lr,9.60e-05,raw_logs/sneha_singh/task3_gan/train_full_ngf64_sneha.log
run_submitted,epoch 77,training,g_loss,3.336,raw_logs/sneha_singh/task3_gan/train_full_ngf64_sneha.log
run_submitted,epoch 77,training,d_loss,0.243,raw_logs/sneha_singh/task3_gan/train_full_ngf64_sneha.log
run_submitted,epoch 77,training,cycle_loss,1.550,raw_logs/sneha_singh/task3_gan/train_full_ngf64_sneha.log
run_submitted,epoch 77,training,identity_loss,0.661,raw_logs/sneha_singh/task3_gan/train_full_ngf64_sneha.log
run_submitted,epoch 77,training,nan_count_cum,0,raw_logs/sneha_singh/task3_gan/train_full_ngf64_sneha.log
run_submitted,epoch 77,training,lr,9.20e-05,raw_logs/sneha_singh/task3_gan/train_full_ngf64_sneha.log
run_submitted,epoch 78,training,g_loss,3.357,raw_logs/sneha_singh/task3_gan/train_full_ngf64_sneha.log
run_submitted,epoch 78,training,d_loss,0.240,raw_logs/sneha_singh/task3_gan/train_full_ngf64_sneha.log
run_submitted,epoch 78,training,cycle_loss,1.556,raw_logs/sneha_singh/task3_gan/train_full_ngf64_sneha.log
run_submitted,epoch 78,training,identity_loss,0.662,raw_logs/sneha_singh/task3_gan/train_full_ngf64_sneha.log
run_submitted,epoch 78,training,nan_count_cum,0,raw_logs/sneha_singh/task3_gan/train_full_ngf64_sneha.log
run_submitted,epoch 78,training,lr,8.80e-05,raw_logs/sneha_singh/task3_gan/train_full_ngf64_sneha.log
run_submitted,epoch 79,training,g_loss,3.327,raw_logs/sneha_singh/task3_gan/train_full_ngf64_sneha.log
run_submitted,epoch 79,training,d_loss,0.240,raw_logs/sneha_singh/task3_gan/train_full_ngf64_sneha.log
run_submitted,epoch 79,training,cycle_loss,1.538,raw_logs/sneha_singh/task3_gan/train_full_ngf64_sneha.log
run_submitted,epoch 79,training,identity_loss,0.658,raw_logs/sneha_singh/task3_gan/train_full_ngf64_sneha.log
run_submitted,epoch 79,training,nan_count_cum,0,raw_logs/sneha_singh/task3_gan/train_full_ngf64_sneha.log
run_submitted,epoch 79,training,lr,8.40e-05,raw_logs/sneha_singh/task3_gan/train_full_ngf64_sneha.log
run_submitted,epoch 80,training,g_loss,3.302,raw_logs/sneha_singh/task3_gan/train_full_ngf64_sneha.log
run_submitted,epoch 80,training,d_loss,0.240,raw_logs/sneha_singh/task3_gan/train_full_ngf64_sneha.log
run_submitted,epoch 80,training,cycle_loss,1.518,raw_logs/sneha_singh/task3_gan/train_full_ngf64_sneha.log
run_submitted,epoch 80,training,identity_loss,0.643,raw_logs/sneha_singh/task3_gan/train_full_ngf64_sneha.log
run_submitted,epoch 80,training,nan_count_cum,0,raw_logs/sneha_singh/task3_gan/train_full_ngf64_sneha.log
run_submitted,epoch 80,training,lr,8.00e-05,raw_logs/sneha_singh/task3_gan/train_full_ngf64_sneha.log
run_submitted,epoch 81,training,g_loss,3.325,raw_logs/sneha_singh/task3_gan/train_full_ngf64_sneha.log
run_submitted,epoch 81,training,d_loss,0.236,raw_logs/sneha_singh/task3_gan/train_full_ngf64_sneha.log
run_submitted,epoch 81,training,cycle_loss,1.526,raw_logs/sneha_singh/task3_gan/train_full_ngf64_sneha.log
run_submitted,epoch 81,training,identity_loss,0.645,raw_logs/sneha_singh/task3_gan/train_full_ngf64_sneha.log
run_submitted,epoch 81,training,nan_count_cum,0,raw_logs/sneha_singh/task3_gan/train_full_ngf64_sneha.log
run_submitted,epoch 81,training,lr,7.60e-05,raw_logs/sneha_singh/task3_gan/train_full_ngf64_sneha.log
run_submitted,epoch 82,training,g_loss,3.295,raw_logs/sneha_singh/task3_gan/train_full_ngf64_sneha.log
run_submitted,epoch 82,training,d_loss,0.235,raw_logs/sneha_singh/task3_gan/train_full_ngf64_sneha.log
run_submitted,epoch 82,training,cycle_loss,1.505,raw_logs/sneha_singh/task3_gan/train_full_ngf64_sneha.log
run_submitted,epoch 82,training,identity_loss,0.636,raw_logs/sneha_singh/task3_gan/train_full_ngf64_sneha.log
run_submitted,epoch 82,training,nan_count_cum,0,raw_logs/sneha_singh/task3_gan/train_full_ngf64_sneha.log
run_submitted,epoch 82,training,lr,7.20e-05,raw_logs/sneha_singh/task3_gan/train_full_ngf64_sneha.log
run_submitted,epoch 83,training,g_loss,3.285,raw_logs/sneha_singh/task3_gan/train_full_ngf64_sneha.log
run_submitted,epoch 83,training,d_loss,0.235,raw_logs/sneha_singh/task3_gan/train_full_ngf64_sneha.log
run_submitted,epoch 83,training,cycle_loss,1.496,raw_logs/sneha_singh/task3_gan/train_full_ngf64_sneha.log
run_submitted,epoch 83,training,identity_loss,0.635,raw_logs/sneha_singh/task3_gan/train_full_ngf64_sneha.log
run_submitted,epoch 83,training,nan_count_cum,0,raw_logs/sneha_singh/task3_gan/train_full_ngf64_sneha.log
run_submitted,epoch 83,training,lr,6.80e-05,raw_logs/sneha_singh/task3_gan/train_full_ngf64_sneha.log
run_submitted,epoch 84,training,g_loss,3.302,raw_logs/sneha_singh/task3_gan/train_full_ngf64_sneha.log
run_submitted,epoch 84,training,d_loss,0.233,raw_logs/sneha_singh/task3_gan/train_full_ngf64_sneha.log
run_submitted,epoch 84,training,cycle_loss,1.508,raw_logs/sneha_singh/task3_gan/train_full_ngf64_sneha.log
run_submitted,epoch 84,training,identity_loss,0.631,raw_logs/sneha_singh/task3_gan/train_full_ngf64_sneha.log
run_submitted,epoch 84,training,nan_count_cum,0,raw_logs/sneha_singh/task3_gan/train_full_ngf64_sneha.log
run_submitted,epoch 84,training,lr,6.40e-05,raw_logs/sneha_singh/task3_gan/train_full_ngf64_sneha.log
run_submitted,epoch 85,training,g_loss,3.272,raw_logs/sneha_singh/task3_gan/train_full_ngf64_sneha.log
run_submitted,epoch 85,training,d_loss,0.230,raw_logs/sneha_singh/task3_gan/train_full_ngf64_sneha.log
run_submitted,epoch 85,training,cycle_loss,1.482,raw_logs/sneha_singh/task3_gan/train_full_ngf64_sneha.log
run_submitted,epoch 85,training,identity_loss,0.624,raw_logs/sneha_singh/task3_gan/train_full_ngf64_sneha.log
run_submitted,epoch 85,training,nan_count_cum,0,raw_logs/sneha_singh/task3_gan/train_full_ngf64_sneha.log
run_submitted,epoch 85,training,lr,6.00e-05,raw_logs/sneha_singh/task3_gan/train_full_ngf64_sneha.log
run_submitted,epoch 86,training,g_loss,3.229,raw_logs/sneha_singh/task3_gan/train_full_ngf64_sneha.log
run_submitted,epoch 86,training,d_loss,0.232,raw_logs/sneha_singh/task3_gan/train_full_ngf64_sneha.log
run_submitted,epoch 86,training,cycle_loss,1.463,raw_logs/sneha_singh/task3_gan/train_full_ngf64_sneha.log
run_submitted,epoch 86,training,identity_loss,0.612,raw_logs/sneha_singh/task3_gan/train_full_ngf64_sneha.log
run_submitted,epoch 86,training,nan_count_cum,0,raw_logs/sneha_singh/task3_gan/train_full_ngf64_sneha.log
run_submitted,epoch 86,training,lr,5.60e-05,raw_logs/sneha_singh/task3_gan/train_full_ngf64_sneha.log
run_submitted,epoch 87,training,g_loss,3.248,raw_logs/sneha_singh/task3_gan/train_full_ngf64_sneha.log
run_submitted,epoch 87,training,d_loss,0.230,raw_logs/sneha_singh/task3_gan/train_full_ngf64_sneha.log
run_submitted,epoch 87,training,cycle_loss,1.463,raw_logs/sneha_singh/task3_gan/train_full_ngf64_sneha.log
run_submitted,epoch 87,training,identity_loss,0.611,raw_logs/sneha_singh/task3_gan/train_full_ngf64_sneha.log
run_submitted,epoch 87,training,nan_count_cum,0,raw_logs/sneha_singh/task3_gan/train_full_ngf64_sneha.log
run_submitted,epoch 87,training,lr,5.20e-05,raw_logs/sneha_singh/task3_gan/train_full_ngf64_sneha.log
run_submitted,epoch 88,training,g_loss,3.244,raw_logs/sneha_singh/task3_gan/train_full_ngf64_sneha.log
run_submitted,epoch 88,training,d_loss,0.224,raw_logs/sneha_singh/task3_gan/train_full_ngf64_sneha.log
run_submitted,epoch 88,training,cycle_loss,1.451,raw_logs/sneha_singh/task3_gan/train_full_ngf64_sneha.log
run_submitted,epoch 88,training,identity_loss,0.609,raw_logs/sneha_singh/task3_gan/train_full_ngf64_sneha.log
run_submitted,epoch 88,training,nan_count_cum,0,raw_logs/sneha_singh/task3_gan/train_full_ngf64_sneha.log
run_submitted,epoch 88,training,lr,4.80e-05,raw_logs/sneha_singh/task3_gan/train_full_ngf64_sneha.log
run_submitted,epoch 89,training,g_loss,3.234,raw_logs/sneha_singh/task3_gan/train_full_ngf64_sneha.log
run_submitted,epoch 89,training,d_loss,0.226,raw_logs/sneha_singh/task3_gan/train_full_ngf64_sneha.log
run_submitted,epoch 89,training,cycle_loss,1.444,raw_logs/sneha_singh/task3_gan/train_full_ngf64_sneha.log
run_submitted,epoch 89,training,identity_loss,0.602,raw_logs/sneha_singh/task3_gan/train_full_ngf64_sneha.log
run_submitted,epoch 89,training,nan_count_cum,0,raw_logs/sneha_singh/task3_gan/train_full_ngf64_sneha.log
run_submitted,epoch 89,training,lr,4.40e-05,raw_logs/sneha_singh/task3_gan/train_full_ngf64_sneha.log
run_submitted,epoch 90,training,g_loss,3.188,raw_logs/sneha_singh/task3_gan/train_full_ngf64_sneha.log
run_submitted,epoch 90,training,d_loss,0.225,raw_logs/sneha_singh/task3_gan/train_full_ngf64_sneha.log
run_submitted,epoch 90,training,cycle_loss,1.428,raw_logs/sneha_singh/task3_gan/train_full_ngf64_sneha.log
run_submitted,epoch 90,training,identity_loss,0.592,raw_logs/sneha_singh/task3_gan/train_full_ngf64_sneha.log
run_submitted,epoch 90,training,nan_count_cum,0,raw_logs/sneha_singh/task3_gan/train_full_ngf64_sneha.log
run_submitted,epoch 90,training,lr,4.00e-05,raw_logs/sneha_singh/task3_gan/train_full_ngf64_sneha.log
run_submitted,epoch 91,training,g_loss,3.191,raw_logs/sneha_singh/task3_gan/train_full_ngf64_sneha.log
run_submitted,epoch 91,training,d_loss,0.224,raw_logs/sneha_singh/task3_gan/train_full_ngf64_sneha.log
run_submitted,epoch 91,training,cycle_loss,1.420,raw_logs/sneha_singh/task3_gan/train_full_ngf64_sneha.log
run_submitted,epoch 91,training,identity_loss,0.589,raw_logs/sneha_singh/task3_gan/train_full_ngf64_sneha.log
run_submitted,epoch 91,training,nan_count_cum,0,raw_logs/sneha_singh/task3_gan/train_full_ngf64_sneha.log
run_submitted,epoch 91,training,lr,3.60e-05,raw_logs/sneha_singh/task3_gan/train_full_ngf64_sneha.log
run_submitted,epoch 92,training,g_loss,3.192,raw_logs/sneha_singh/task3_gan/train_full_ngf64_sneha.log
run_submitted,epoch 92,training,d_loss,0.223,raw_logs/sneha_singh/task3_gan/train_full_ngf64_sneha.log
run_submitted,epoch 92,training,cycle_loss,1.421,raw_logs/sneha_singh/task3_gan/train_full_ngf64_sneha.log
run_submitted,epoch 92,training,identity_loss,0.592,raw_logs/sneha_singh/task3_gan/train_full_ngf64_sneha.log
run_submitted,epoch 92,training,nan_count_cum,0,raw_logs/sneha_singh/task3_gan/train_full_ngf64_sneha.log
run_submitted,epoch 92,training,lr,3.20e-05,raw_logs/sneha_singh/task3_gan/train_full_ngf64_sneha.log
run_submitted,epoch 93,training,g_loss,3.190,raw_logs/sneha_singh/task3_gan/train_full_ngf64_sneha.log
run_submitted,epoch 93,training,d_loss,0.219,raw_logs/sneha_singh/task3_gan/train_full_ngf64_sneha.log
run_submitted,epoch 93,training,cycle_loss,1.405,raw_logs/sneha_singh/task3_gan/train_full_ngf64_sneha.log
run_submitted,epoch 93,training,identity_loss,0.582,raw_logs/sneha_singh/task3_gan/train_full_ngf64_sneha.log
run_submitted,epoch 93,training,nan_count_cum,0,raw_logs/sneha_singh/task3_gan/train_full_ngf64_sneha.log
run_submitted,epoch 93,training,lr,2.80e-05,raw_logs/sneha_singh/task3_gan/train_full_ngf64_sneha.log
run_submitted,epoch 94,training,g_loss,3.164,raw_logs/sneha_singh/task3_gan/train_full_ngf64_sneha.log
run_submitted,epoch 94,training,d_loss,0.220,raw_logs/sneha_singh/task3_gan/train_full_ngf64_sneha.log
run_submitted,epoch 94,training,cycle_loss,1.397,raw_logs/sneha_singh/task3_gan/train_full_ngf64_sneha.log
run_submitted,epoch 94,training,identity_loss,0.582,raw_logs/sneha_singh/task3_gan/train_full_ngf64_sneha.log
run_submitted,epoch 94,training,nan_count_cum,0,raw_logs/sneha_singh/task3_gan/train_full_ngf64_sneha.log
run_submitted,epoch 94,training,lr,2.40e-05,raw_logs/sneha_singh/task3_gan/train_full_ngf64_sneha.log
run_submitted,epoch 95,training,g_loss,3.169,raw_logs/sneha_singh/task3_gan/train_full_ngf64_sneha.log
run_submitted,epoch 95,training,d_loss,0.218,raw_logs/sneha_singh/task3_gan/train_full_ngf64_sneha.log
run_submitted,epoch 95,training,cycle_loss,1.396,raw_logs/sneha_singh/task3_gan/train_full_ngf64_sneha.log
run_submitted,epoch 95,training,identity_loss,0.578,raw_logs/sneha_singh/task3_gan/train_full_ngf64_sneha.log
run_submitted,epoch 95,training,nan_count_cum,0,raw_logs/sneha_singh/task3_gan/train_full_ngf64_sneha.log
run_submitted,epoch 95,training,lr,2.00e-05,raw_logs/sneha_singh/task3_gan/train_full_ngf64_sneha.log
run_submitted,epoch 96,training,g_loss,3.143,raw_logs/sneha_singh/task3_gan/train_full_ngf64_sneha.log
run_submitted,epoch 96,training,d_loss,0.216,raw_logs/sneha_singh/task3_gan/train_full_ngf64_sneha.log
run_submitted,epoch 96,training,cycle_loss,1.382,raw_logs/sneha_singh/task3_gan/train_full_ngf64_sneha.log
run_submitted,epoch 96,training,identity_loss,0.573,raw_logs/sneha_singh/task3_gan/train_full_ngf64_sneha.log
run_submitted,epoch 96,training,nan_count_cum,0,raw_logs/sneha_singh/task3_gan/train_full_ngf64_sneha.log
run_submitted,epoch 96,training,lr,1.60e-05,raw_logs/sneha_singh/task3_gan/train_full_ngf64_sneha.log
run_submitted,epoch 97,training,g_loss,3.156,raw_logs/sneha_singh/task3_gan/train_full_ngf64_sneha.log
run_submitted,epoch 97,training,d_loss,0.215,raw_logs/sneha_singh/task3_gan/train_full_ngf64_sneha.log
run_submitted,epoch 97,training,cycle_loss,1.373,raw_logs/sneha_singh/task3_gan/train_full_ngf64_sneha.log
run_submitted,epoch 97,training,identity_loss,0.571,raw_logs/sneha_singh/task3_gan/train_full_ngf64_sneha.log
run_submitted,epoch 97,training,nan_count_cum,0,raw_logs/sneha_singh/task3_gan/train_full_ngf64_sneha.log
run_submitted,epoch 97,training,lr,1.20e-05,raw_logs/sneha_singh/task3_gan/train_full_ngf64_sneha.log
run_submitted,epoch 98,training,g_loss,3.130,raw_logs/sneha_singh/task3_gan/train_full_ngf64_sneha.log
run_submitted,epoch 98,training,d_loss,0.217,raw_logs/sneha_singh/task3_gan/train_full_ngf64_sneha.log
run_submitted,epoch 98,training,cycle_loss,1.370,raw_logs/sneha_singh/task3_gan/train_full_ngf64_sneha.log
run_submitted,epoch 98,training,identity_loss,0.568,raw_logs/sneha_singh/task3_gan/train_full_ngf64_sneha.log
run_submitted,epoch 98,training,nan_count_cum,0,raw_logs/sneha_singh/task3_gan/train_full_ngf64_sneha.log
run_submitted,epoch 98,training,lr,8.00e-06,raw_logs/sneha_singh/task3_gan/train_full_ngf64_sneha.log
run_submitted,epoch 99,training,g_loss,3.117,raw_logs/sneha_singh/task3_gan/train_full_ngf64_sneha.log
run_submitted,epoch 99,training,d_loss,0.215,raw_logs/sneha_singh/task3_gan/train_full_ngf64_sneha.log
run_submitted,epoch 99,training,cycle_loss,1.361,raw_logs/sneha_singh/task3_gan/train_full_ngf64_sneha.log
run_submitted,epoch 99,training,identity_loss,0.564,raw_logs/sneha_singh/task3_gan/train_full_ngf64_sneha.log
run_submitted,epoch 99,training,nan_count_cum,0,raw_logs/sneha_singh/task3_gan/train_full_ngf64_sneha.log
run_submitted,epoch 99,training,lr,4.00e-06,raw_logs/sneha_singh/task3_gan/train_full_ngf64_sneha.log
run_submitted,epoch 100,training,g_loss,3.113,raw_logs/sneha_singh/task3_gan/train_full_ngf64_sneha.log
run_submitted,epoch 100,training,d_loss,0.213,raw_logs/sneha_singh/task3_gan/train_full_ngf64_sneha.log
run_submitted,epoch 100,training,cycle_loss,1.355,raw_logs/sneha_singh/task3_gan/train_full_ngf64_sneha.log
run_submitted,epoch 100,training,identity_loss,0.561,raw_logs/sneha_singh/task3_gan/train_full_ngf64_sneha.log
run_submitted,epoch 100,training,nan_count_cum,0,raw_logs/sneha_singh/task3_gan/train_full_ngf64_sneha.log
run_submitted,epoch 100,training,lr,0.00e+00,raw_logs/sneha_singh/task3_gan/train_full_ngf64_sneha.log
run_submitted,epoch 76 (raw),checkpoint_score,score,50.6679,outputs/checkpoint_scores_epochs76_100.csv
run_submitted,epoch 76 (ema),checkpoint_score,score,49.3588,outputs/checkpoint_scores_epochs76_100.csv
run_submitted,epoch 77 (raw),checkpoint_score,score,49.7864,outputs/checkpoint_scores_epochs76_100.csv
run_submitted,epoch 77 (ema),checkpoint_score,score,49.2933,outputs/checkpoint_scores_epochs76_100.csv
run_submitted,epoch 78 (raw),checkpoint_score,score,49.3326,outputs/checkpoint_scores_epochs76_100.csv
run_submitted,epoch 78 (ema),checkpoint_score,score,49.1733,outputs/checkpoint_scores_epochs76_100.csv
run_submitted,epoch 79 (raw),checkpoint_score,score,49.8588,outputs/checkpoint_scores_epochs76_100.csv
run_submitted,epoch 79 (ema),checkpoint_score,score,49.1858,outputs/checkpoint_scores_epochs76_100.csv
run_submitted,epoch 80 (raw),checkpoint_score,score,49.7611,outputs/checkpoint_scores_epochs76_100.csv
run_submitted,epoch 80 (ema),checkpoint_score,score,49.1009,outputs/checkpoint_scores_epochs76_100.csv
run_submitted,epoch 81 (raw),checkpoint_score,score,49.3153,outputs/checkpoint_scores_epochs76_100.csv
run_submitted,epoch 81 (ema),checkpoint_score,score,48.9906,outputs/checkpoint_scores_epochs76_100.csv
run_submitted,epoch 82 (raw),checkpoint_score,score,49.8475,outputs/checkpoint_scores_epochs76_100.csv
run_submitted,epoch 82 (ema),checkpoint_score,score,49.0404,outputs/checkpoint_scores_epochs76_100.csv
run_submitted,epoch 83 (raw),checkpoint_score,score,49.375,outputs/checkpoint_scores_epochs76_100.csv
run_submitted,epoch 83 (ema),checkpoint_score,score,49.1922,outputs/checkpoint_scores_epochs76_100.csv
run_submitted,epoch 84 (raw),checkpoint_score,score,49.6437,outputs/checkpoint_scores_epochs76_100.csv
run_submitted,epoch 84 (ema),checkpoint_score,score,49.1538,outputs/checkpoint_scores_epochs76_100.csv
run_submitted,epoch 85 (raw),checkpoint_score,score,48.3306,outputs/checkpoint_scores_epochs76_100.csv
run_submitted,epoch 85 (ema),checkpoint_score,score,49.0168,outputs/checkpoint_scores_epochs76_100.csv
run_submitted,epoch 86 (raw),checkpoint_score,score,49.397,outputs/checkpoint_scores_epochs76_100.csv
run_submitted,epoch 86 (ema),checkpoint_score,score,48.6821,outputs/checkpoint_scores_epochs76_100.csv
run_submitted,epoch 87 (raw),checkpoint_score,score,48.7446,outputs/checkpoint_scores_epochs76_100.csv
run_submitted,epoch 87 (ema),checkpoint_score,score,48.8817,outputs/checkpoint_scores_epochs76_100.csv
run_submitted,epoch 88 (raw),checkpoint_score,score,48.4255,outputs/checkpoint_scores_epochs76_100.csv
run_submitted,epoch 88 (ema),checkpoint_score,score,48.7567,outputs/checkpoint_scores_epochs76_100.csv
run_submitted,epoch 89 (raw),checkpoint_score,score,48.4102,outputs/checkpoint_scores_epochs76_100.csv
run_submitted,epoch 89 (ema),checkpoint_score,score,48.5209,outputs/checkpoint_scores_epochs76_100.csv
run_submitted,epoch 90 (raw),checkpoint_score,score,48.6719,outputs/checkpoint_scores_epochs76_100.csv
run_submitted,epoch 90 (ema),checkpoint_score,score,48.4663,outputs/checkpoint_scores_epochs76_100.csv
run_submitted,epoch 91 (raw),checkpoint_score,score,47.802,outputs/checkpoint_scores_epochs76_100.csv
run_submitted,epoch 91 (ema),checkpoint_score,score,48.5205,outputs/checkpoint_scores_epochs76_100.csv
run_submitted,epoch 92 (raw),checkpoint_score,score,48.3427,outputs/checkpoint_scores_epochs76_100.csv
run_submitted,epoch 92 (ema),checkpoint_score,score,48.4611,outputs/checkpoint_scores_epochs76_100.csv
run_submitted,epoch 93 (raw),checkpoint_score,score,48.6582,outputs/checkpoint_scores_epochs76_100.csv
run_submitted,epoch 93 (ema),checkpoint_score,score,48.3045,outputs/checkpoint_scores_epochs76_100.csv
run_submitted,epoch 94 (raw),checkpoint_score,score,48.5511,outputs/checkpoint_scores_epochs76_100.csv
run_submitted,epoch 94 (ema),checkpoint_score,score,48.3388,outputs/checkpoint_scores_epochs76_100.csv
run_submitted,epoch 95 (raw),checkpoint_score,score,48.72,outputs/checkpoint_scores_epochs76_100.csv
run_submitted,epoch 95 (ema),checkpoint_score,score,48.3261,outputs/checkpoint_scores_epochs76_100.csv
run_submitted,epoch 96 (raw),checkpoint_score,score,48.3,outputs/checkpoint_scores_epochs76_100.csv
run_submitted,epoch 96 (ema),checkpoint_score,score,48.3143,outputs/checkpoint_scores_epochs76_100.csv
run_submitted,epoch 97 (raw),checkpoint_score,score,48.5404,outputs/checkpoint_scores_epochs76_100.csv
run_submitted,epoch 97 (ema),checkpoint_score,score,48.4147,outputs/checkpoint_scores_epochs76_100.csv
run_submitted,epoch 98 (raw),checkpoint_score,score,48.3737,outputs/checkpoint_scores_epochs76_100.csv
run_submitted,epoch 98 (ema),checkpoint_score,score,48.3713,outputs/checkpoint_scores_epochs76_100.csv
run_submitted,epoch 99 (raw),checkpoint_score,score,48.2192,outputs/checkpoint_scores_epochs76_100.csv
run_submitted,epoch 99 (ema),checkpoint_score,score,48.3249,outputs/checkpoint_scores_epochs76_100.csv
run_submitted,epoch 100 (raw),checkpoint_score,score,48.2115,outputs/checkpoint_scores_epochs76_100.csv
run_submitted,epoch 100 (ema),checkpoint_score,score,48.3278,outputs/checkpoint_scores_epochs76_100.csv
earlier_run_32filters,checkpoints/best.pt (epoch 93),A2B,fid,101.3861,"Colab L4, professor script"
earlier_run_32filters,checkpoints/best.pt (epoch 93),A2B,kid,0.0193,evaluate_local.py on outputs/pred_*
earlier_run_32filters,checkpoints/best.pt (epoch 93),A2B,mifid,0.4183,"Colab L4, professor script"
earlier_run_32filters,checkpoints/best.pt (epoch 93),A2B,precision,0.7467,evaluate_local.py on outputs/pred_*
earlier_run_32filters,checkpoints/best.pt (epoch 93),A2B,recall,0.0784,evaluate_local.py on outputs/pred_*
earlier_run_32filters,checkpoints/best.pt (epoch 93),A2B,cycle_l1,0.083,"cycle check, 16 images"
earlier_run_32filters,checkpoints/best.pt (epoch 93),A2B,lpips,0.3604,evaluate_local.py on outputs/pred_*
earlier_run_32filters,checkpoints/best.pt (epoch 93),A2B,content_cosine,0.6361,evaluate_local.py on outputs/pred_*
earlier_run_32filters,checkpoints/best.pt (epoch 93),A2B,g_loss,3.9596,raw log epoch 93 / notebook
earlier_run_32filters,checkpoints/best.pt (epoch 93),A2B,d_loss,0.1118,raw log epoch 93 / notebook
earlier_run_32filters,checkpoints/best.pt (epoch 93),A2B,cycle_loss,1.6448,raw log epoch 93 / notebook
earlier_run_32filters,checkpoints/best.pt (epoch 93),A2B,identity_loss,0.7394,raw log epoch 93 / notebook
earlier_run_32filters,checkpoints/best.pt (epoch 93),A2B,grad_norm,122.1295,raw log epoch 93 / notebook
earlier_run_32filters,checkpoints/best.pt (epoch 93),A2B,nan_count,0,raw log epoch 93 / notebook
earlier_run_32filters,checkpoints/best.pt (epoch 93),A2B,param_count,11223560,raw log epoch 93 / notebook
earlier_run_32filters,checkpoints/best.pt (epoch 93),A2B,train_time_sec,19482.5,raw log epoch 93 / notebook
earlier_run_32filters,checkpoints/best.pt (epoch 93),A2B,images_per_sec,32.85,raw log epoch 93 / notebook
earlier_run_32filters,checkpoints/best.pt (epoch 93),A2B,peak_memory_mb,3361.5,raw log epoch 93 / notebook
earlier_run_32filters,checkpoints/best.pt (epoch 93),B2A,fid,98.2911,"Colab L4, professor script"
earlier_run_32filters,checkpoints/best.pt (epoch 93),B2A,kid,0.0122,evaluate_local.py on outputs/pred_*
earlier_run_32filters,checkpoints/best.pt (epoch 93),B2A,mifid,0.406,"Colab L4, professor script"
earlier_run_32filters,checkpoints/best.pt (epoch 93),B2A,precision,0.6786,evaluate_local.py on outputs/pred_*
earlier_run_32filters,checkpoints/best.pt (epoch 93),B2A,recall,0.12,evaluate_local.py on outputs/pred_*
earlier_run_32filters,checkpoints/best.pt (epoch 93),B2A,cycle_l1,0.0827,"cycle check, 16 images"
earlier_run_32filters,checkpoints/best.pt (epoch 93),B2A,lpips,0.3956,evaluate_local.py on outputs/pred_*
earlier_run_32filters,checkpoints/best.pt (epoch 93),B2A,content_cosine,0.595,evaluate_local.py on outputs/pred_*
earlier_run_32filters,checkpoints/best.pt (epoch 93),B2A,g_loss,3.9596,raw log epoch 93 / notebook
earlier_run_32filters,checkpoints/best.pt (epoch 93),B2A,d_loss,0.1118,raw log epoch 93 / notebook
earlier_run_32filters,checkpoints/best.pt (epoch 93),B2A,cycle_loss,1.6448,raw log epoch 93 / notebook
earlier_run_32filters,checkpoints/best.pt (epoch 93),B2A,identity_loss,0.7394,raw log epoch 93 / notebook
earlier_run_32filters,checkpoints/best.pt (epoch 93),B2A,grad_norm,122.1295,raw log epoch 93 / notebook
earlier_run_32filters,checkpoints/best.pt (epoch 93),B2A,nan_count,0,raw log epoch 93 / notebook
earlier_run_32filters,checkpoints/best.pt (epoch 93),B2A,param_count,11223560,raw log epoch 93 / notebook
earlier_run_32filters,checkpoints/best.pt (epoch 93),B2A,train_time_sec,19482.5,raw log epoch 93 / notebook
earlier_run_32filters,checkpoints/best.pt (epoch 93),B2A,images_per_sec,32.85,raw log epoch 93 / notebook
earlier_run_32filters,checkpoints/best.pt (epoch 93),B2A,peak_memory_mb,3361.5,raw log epoch 93 / notebook
earlier_run_32filters,checkpoints/best.pt (epoch 93),average_A2B_B2A,submission_FID,99.8386168442841,"submission.csv (Colab L4, professor script)"
earlier_run_32filters,checkpoints/best.pt (epoch 93),average_A2B_B2A,submission_MiFID,0.41217851638793945,"submission.csv (Colab L4, professor script)"
earlier_run_32filters,checkpoints/best.pt (epoch 93),average_A2B_B2A,score_(FID+MiFID)/2,50.1254,computed from submission.csv
earlier_run_32filters,checkpoints/best.pt (epoch 93),A2B,inference,"average of 6 views (original, flip, four 4-px shifts)",make_submission.py
earlier_run_32filters,checkpoints/best.pt (epoch 93),B2A,inference,single pass,make_submission.py
earlier_run_32filters,epoch 1,training,g_loss,7.7669,raw_logs/sneha_singh/task3_gan/train_full_light.log
earlier_run_32filters,epoch 1,training,d_loss,0.4064,raw_logs/sneha_singh/task3_gan/train_full_light.log
earlier_run_32filters,epoch 1,training,cycle_loss,4.7479,raw_logs/sneha_singh/task3_gan/train_full_light.log
earlier_run_32filters,epoch 1,training,identity_loss,2.1862,raw_logs/sneha_singh/task3_gan/train_full_light.log
earlier_run_32filters,epoch 1,training,grad_norm_sum,inf,raw_logs/sneha_singh/task3_gan/train_full_light.log
earlier_run_32filters,epoch 1,training,nan_count_cum,0,raw_logs/sneha_singh/task3_gan/train_full_light.log
earlier_run_32filters,epoch 2,training,g_loss,6.8344,raw_logs/sneha_singh/task3_gan/train_full_light.log
earlier_run_32filters,epoch 2,training,d_loss,0.3216,raw_logs/sneha_singh/task3_gan/train_full_light.log
earlier_run_32filters,epoch 2,training,cycle_loss,4.0191,raw_logs/sneha_singh/task3_gan/train_full_light.log
earlier_run_32filters,epoch 2,training,identity_loss,1.8780,raw_logs/sneha_singh/task3_gan/train_full_light.log
earlier_run_32filters,epoch 2,training,grad_norm_sum,inf,raw_logs/sneha_singh/task3_gan/train_full_light.log
earlier_run_32filters,epoch 2,training,nan_count_cum,0,raw_logs/sneha_singh/task3_gan/train_full_light.log
earlier_run_32filters,epoch 3,training,g_loss,6.4226,raw_logs/sneha_singh/task3_gan/train_full_light.log
earlier_run_32filters,epoch 3,training,d_loss,0.3196,raw_logs/sneha_singh/task3_gan/train_full_light.log
earlier_run_32filters,epoch 3,training,cycle_loss,3.7113,raw_logs/sneha_singh/task3_gan/train_full_light.log
earlier_run_32filters,epoch 3,training,identity_loss,1.7391,raw_logs/sneha_singh/task3_gan/train_full_light.log
earlier_run_32filters,epoch 3,training,grad_norm_sum,150.9645,raw_logs/sneha_singh/task3_gan/train_full_light.log
earlier_run_32filters,epoch 3,training,nan_count_cum,0,raw_logs/sneha_singh/task3_gan/train_full_light.log
earlier_run_32filters,epoch 4,training,g_loss,6.0594,raw_logs/sneha_singh/task3_gan/train_full_light.log
earlier_run_32filters,epoch 4,training,d_loss,0.3233,raw_logs/sneha_singh/task3_gan/train_full_light.log
earlier_run_32filters,epoch 4,training,cycle_loss,3.4756,raw_logs/sneha_singh/task3_gan/train_full_light.log
earlier_run_32filters,epoch 4,training,identity_loss,1.6353,raw_logs/sneha_singh/task3_gan/train_full_light.log
earlier_run_32filters,epoch 4,training,grad_norm_sum,149.8540,raw_logs/sneha_singh/task3_gan/train_full_light.log
earlier_run_32filters,epoch 4,training,nan_count_cum,0,raw_logs/sneha_singh/task3_gan/train_full_light.log
earlier_run_32filters,epoch 5,training,g_loss,5.8291,raw_logs/sneha_singh/task3_gan/train_full_light.log
earlier_run_32filters,epoch 5,training,d_loss,0.3144,raw_logs/sneha_singh/task3_gan/train_full_light.log
earlier_run_32filters,epoch 5,training,cycle_loss,3.3068,raw_logs/sneha_singh/task3_gan/train_full_light.log
earlier_run_32filters,epoch 5,training,identity_loss,1.5678,raw_logs/sneha_singh/task3_gan/train_full_light.log
earlier_run_32filters,epoch 5,training,grad_norm_sum,nan,raw_logs/sneha_singh/task3_gan/train_full_light.log
earlier_run_32filters,epoch 5,training,nan_count_cum,0,raw_logs/sneha_singh/task3_gan/train_full_light.log
earlier_run_32filters,epoch 6,training,g_loss,5.6827,raw_logs/sneha_singh/task3_gan/train_full_light.log
earlier_run_32filters,epoch 6,training,d_loss,0.3138,raw_logs/sneha_singh/task3_gan/train_full_light.log
earlier_run_32filters,epoch 6,training,cycle_loss,3.2015,raw_logs/sneha_singh/task3_gan/train_full_light.log
earlier_run_32filters,epoch 6,training,identity_loss,1.5173,raw_logs/sneha_singh/task3_gan/train_full_light.log
earlier_run_32filters,epoch 6,training,grad_norm_sum,142.7757,raw_logs/sneha_singh/task3_gan/train_full_light.log
earlier_run_32filters,epoch 6,training,nan_count_cum,0,raw_logs/sneha_singh/task3_gan/train_full_light.log
earlier_run_32filters,epoch 7,training,g_loss,5.5225,raw_logs/sneha_singh/task3_gan/train_full_light.log
earlier_run_32filters,epoch 7,training,d_loss,0.3096,raw_logs/sneha_singh/task3_gan/train_full_light.log
earlier_run_32filters,epoch 7,training,cycle_loss,3.1011,raw_logs/sneha_singh/task3_gan/train_full_light.log
earlier_run_32filters,epoch 7,training,identity_loss,1.4690,raw_logs/sneha_singh/task3_gan/train_full_light.log
earlier_run_32filters,epoch 7,training,grad_norm_sum,139.1432,raw_logs/sneha_singh/task3_gan/train_full_light.log
earlier_run_32filters,epoch 7,training,nan_count_cum,0,raw_logs/sneha_singh/task3_gan/train_full_light.log
earlier_run_32filters,epoch 8,training,g_loss,5.3353,raw_logs/sneha_singh/task3_gan/train_full_light.log
earlier_run_32filters,epoch 8,training,d_loss,0.3084,raw_logs/sneha_singh/task3_gan/train_full_light.log
earlier_run_32filters,epoch 8,training,cycle_loss,2.9543,raw_logs/sneha_singh/task3_gan/train_full_light.log
earlier_run_32filters,epoch 8,training,identity_loss,1.4085,raw_logs/sneha_singh/task3_gan/train_full_light.log
earlier_run_32filters,epoch 8,training,grad_norm_sum,inf,raw_logs/sneha_singh/task3_gan/train_full_light.log
earlier_run_32filters,epoch 8,training,nan_count_cum,0,raw_logs/sneha_singh/task3_gan/train_full_light.log
earlier_run_32filters,epoch 9,training,g_loss,5.2864,raw_logs/sneha_singh/task3_gan/train_full_light.log
earlier_run_32filters,epoch 9,training,d_loss,0.3014,raw_logs/sneha_singh/task3_gan/train_full_light.log
earlier_run_32filters,epoch 9,training,cycle_loss,2.9130,raw_logs/sneha_singh/task3_gan/train_full_light.log
earlier_run_32filters,epoch 9,training,identity_loss,1.3911,raw_logs/sneha_singh/task3_gan/train_full_light.log
earlier_run_32filters,epoch 9,training,grad_norm_sum,134.7802,raw_logs/sneha_singh/task3_gan/train_full_light.log
earlier_run_32filters,epoch 9,training,nan_count_cum,0,raw_logs/sneha_singh/task3_gan/train_full_light.log
earlier_run_32filters,epoch 10,training,g_loss,5.1908,raw_logs/sneha_singh/task3_gan/train_full_light.log
earlier_run_32filters,epoch 10,training,d_loss,0.3011,raw_logs/sneha_singh/task3_gan/train_full_light.log
earlier_run_32filters,epoch 10,training,cycle_loss,2.8485,raw_logs/sneha_singh/task3_gan/train_full_light.log
earlier_run_32filters,epoch 10,training,identity_loss,1.3564,raw_logs/sneha_singh/task3_gan/train_full_light.log
earlier_run_32filters,epoch 10,training,grad_norm_sum,129.8132,raw_logs/sneha_singh/task3_gan/train_full_light.log
earlier_run_32filters,epoch 10,training,nan_count_cum,0,raw_logs/sneha_singh/task3_gan/train_full_light.log
earlier_run_32filters,epoch 11,training,g_loss,5.1448,raw_logs/sneha_singh/task3_gan/train_full_light.log
earlier_run_32filters,epoch 11,training,d_loss,0.2982,raw_logs/sneha_singh/task3_gan/train_full_light.log
earlier_run_32filters,epoch 11,training,cycle_loss,2.8168,raw_logs/sneha_singh/task3_gan/train_full_light.log
earlier_run_32filters,epoch 11,training,identity_loss,1.3407,raw_logs/sneha_singh/task3_gan/train_full_light.log
earlier_run_32filters,epoch 11,training,grad_norm_sum,inf,raw_logs/sneha_singh/task3_gan/train_full_light.log
earlier_run_32filters,epoch 11,training,nan_count_cum,0,raw_logs/sneha_singh/task3_gan/train_full_light.log
earlier_run_32filters,epoch 12,training,g_loss,5.0802,raw_logs/sneha_singh/task3_gan/train_full_light.log
earlier_run_32filters,epoch 12,training,d_loss,0.2971,raw_logs/sneha_singh/task3_gan/train_full_light.log
earlier_run_32filters,epoch 12,training,cycle_loss,2.7601,raw_logs/sneha_singh/task3_gan/train_full_light.log
earlier_run_32filters,epoch 12,training,identity_loss,1.3108,raw_logs/sneha_singh/task3_gan/train_full_light.log
earlier_run_32filters,epoch 12,training,grad_norm_sum,130.5468,raw_logs/sneha_singh/task3_gan/train_full_light.log
earlier_run_32filters,epoch 12,training,nan_count_cum,0,raw_logs/sneha_singh/task3_gan/train_full_light.log
earlier_run_32filters,epoch 13,training,g_loss,4.9851,raw_logs/sneha_singh/task3_gan/train_full_light.log
earlier_run_32filters,epoch 13,training,d_loss,0.2944,raw_logs/sneha_singh/task3_gan/train_full_light.log
earlier_run_32filters,epoch 13,training,cycle_loss,2.6978,raw_logs/sneha_singh/task3_gan/train_full_light.log
earlier_run_32filters,epoch 13,training,identity_loss,1.2855,raw_logs/sneha_singh/task3_gan/train_full_light.log
earlier_run_32filters,epoch 13,training,grad_norm_sum,inf,raw_logs/sneha_singh/task3_gan/train_full_light.log
earlier_run_32filters,epoch 13,training,nan_count_cum,0,raw_logs/sneha_singh/task3_gan/train_full_light.log
earlier_run_32filters,epoch 14,training,g_loss,5.0201,raw_logs/sneha_singh/task3_gan/train_full_light.log
earlier_run_32filters,epoch 14,training,d_loss,0.2899,raw_logs/sneha_singh/task3_gan/train_full_light.log
earlier_run_32filters,epoch 14,training,cycle_loss,2.7201,raw_logs/sneha_singh/task3_gan/train_full_light.log
earlier_run_32filters,epoch 14,training,identity_loss,1.2836,raw_logs/sneha_singh/task3_gan/train_full_light.log
earlier_run_32filters,epoch 14,training,grad_norm_sum,128.9939,raw_logs/sneha_singh/task3_gan/train_full_light.log
earlier_run_32filters,epoch 14,training,nan_count_cum,0,raw_logs/sneha_singh/task3_gan/train_full_light.log
earlier_run_32filters,epoch 15,training,g_loss,4.9152,raw_logs/sneha_singh/task3_gan/train_full_light.log
earlier_run_32filters,epoch 15,training,d_loss,0.2913,raw_logs/sneha_singh/task3_gan/train_full_light.log
earlier_run_32filters,epoch 15,training,cycle_loss,2.6507,raw_logs/sneha_singh/task3_gan/train_full_light.log
earlier_run_32filters,epoch 15,training,identity_loss,1.2563,raw_logs/sneha_singh/task3_gan/train_full_light.log
earlier_run_32filters,epoch 15,training,grad_norm_sum,125.0299,raw_logs/sneha_singh/task3_gan/train_full_light.log
earlier_run_32filters,epoch 15,training,nan_count_cum,0,raw_logs/sneha_singh/task3_gan/train_full_light.log
earlier_run_32filters,epoch 16,training,g_loss,4.8494,raw_logs/sneha_singh/task3_gan/train_full_light.log
earlier_run_32filters,epoch 16,training,d_loss,0.2868,raw_logs/sneha_singh/task3_gan/train_full_light.log
earlier_run_32filters,epoch 16,training,cycle_loss,2.5974,raw_logs/sneha_singh/task3_gan/train_full_light.log
earlier_run_32filters,epoch 16,training,identity_loss,1.2266,raw_logs/sneha_singh/task3_gan/train_full_light.log
earlier_run_32filters,epoch 16,training,grad_norm_sum,nan,raw_logs/sneha_singh/task3_gan/train_full_light.log
earlier_run_32filters,epoch 16,training,nan_count_cum,0,raw_logs/sneha_singh/task3_gan/train_full_light.log
earlier_run_32filters,epoch 17,training,g_loss,4.8624,raw_logs/sneha_singh/task3_gan/train_full_light.log
earlier_run_32filters,epoch 17,training,d_loss,0.2892,raw_logs/sneha_singh/task3_gan/train_full_light.log
earlier_run_32filters,epoch 17,training,cycle_loss,2.6131,raw_logs/sneha_singh/task3_gan/train_full_light.log
earlier_run_32filters,epoch 17,training,identity_loss,1.2268,raw_logs/sneha_singh/task3_gan/train_full_light.log
earlier_run_32filters,epoch 17,training,grad_norm_sum,125.0590,raw_logs/sneha_singh/task3_gan/train_full_light.log
earlier_run_32filters,epoch 17,training,nan_count_cum,0,raw_logs/sneha_singh/task3_gan/train_full_light.log
earlier_run_32filters,epoch 18,training,g_loss,4.7853,raw_logs/sneha_singh/task3_gan/train_full_light.log
earlier_run_32filters,epoch 18,training,d_loss,0.2866,raw_logs/sneha_singh/task3_gan/train_full_light.log
earlier_run_32filters,epoch 18,training,cycle_loss,2.5626,raw_logs/sneha_singh/task3_gan/train_full_light.log
earlier_run_32filters,epoch 18,training,identity_loss,1.2065,raw_logs/sneha_singh/task3_gan/train_full_light.log
earlier_run_32filters,epoch 18,training,grad_norm_sum,nan,raw_logs/sneha_singh/task3_gan/train_full_light.log
earlier_run_32filters,epoch 18,training,nan_count_cum,0,raw_logs/sneha_singh/task3_gan/train_full_light.log
earlier_run_32filters,epoch 19,training,g_loss,4.7248,raw_logs/sneha_singh/task3_gan/train_full_light.log
earlier_run_32filters,epoch 19,training,d_loss,0.2851,raw_logs/sneha_singh/task3_gan/train_full_light.log
earlier_run_32filters,epoch 19,training,cycle_loss,2.5195,raw_logs/sneha_singh/task3_gan/train_full_light.log
earlier_run_32filters,epoch 19,training,identity_loss,1.1810,raw_logs/sneha_singh/task3_gan/train_full_light.log
earlier_run_32filters,epoch 19,training,grad_norm_sum,120.4997,raw_logs/sneha_singh/task3_gan/train_full_light.log
earlier_run_32filters,epoch 19,training,nan_count_cum,0,raw_logs/sneha_singh/task3_gan/train_full_light.log
earlier_run_32filters,epoch 20,training,g_loss,4.6469,raw_logs/sneha_singh/task3_gan/train_full_light.log
earlier_run_32filters,epoch 20,training,d_loss,0.2933,raw_logs/sneha_singh/task3_gan/train_full_light.log
earlier_run_32filters,epoch 20,training,cycle_loss,2.4653,raw_logs/sneha_singh/task3_gan/train_full_light.log
earlier_run_32filters,epoch 20,training,identity_loss,1.1590,raw_logs/sneha_singh/task3_gan/train_full_light.log
earlier_run_32filters,epoch 20,training,grad_norm_sum,114.4182,raw_logs/sneha_singh/task3_gan/train_full_light.log
earlier_run_32filters,epoch 20,training,nan_count_cum,0,raw_logs/sneha_singh/task3_gan/train_full_light.log
earlier_run_32filters,epoch 21,training,g_loss,4.6381,raw_logs/sneha_singh/task3_gan/train_full_light.log
earlier_run_32filters,epoch 21,training,d_loss,0.2870,raw_logs/sneha_singh/task3_gan/train_full_light.log
earlier_run_32filters,epoch 21,training,cycle_loss,2.4636,raw_logs/sneha_singh/task3_gan/train_full_light.log
earlier_run_32filters,epoch 21,training,identity_loss,1.1516,raw_logs/sneha_singh/task3_gan/train_full_light.log
earlier_run_32filters,epoch 21,training,grad_norm_sum,116.6785,raw_logs/sneha_singh/task3_gan/train_full_light.log
earlier_run_32filters,epoch 21,training,nan_count_cum,0,raw_logs/sneha_singh/task3_gan/train_full_light.log
earlier_run_32filters,epoch 22,training,g_loss,4.6971,raw_logs/sneha_singh/task3_gan/train_full_light.log
earlier_run_32filters,epoch 22,training,d_loss,0.2775,raw_logs/sneha_singh/task3_gan/train_full_light.log
earlier_run_32filters,epoch 22,training,cycle_loss,2.4854,raw_logs/sneha_singh/task3_gan/train_full_light.log
earlier_run_32filters,epoch 22,training,identity_loss,1.1582,raw_logs/sneha_singh/task3_gan/train_full_light.log
earlier_run_32filters,epoch 22,training,grad_norm_sum,inf,raw_logs/sneha_singh/task3_gan/train_full_light.log
earlier_run_32filters,epoch 22,training,nan_count_cum,0,raw_logs/sneha_singh/task3_gan/train_full_light.log
earlier_run_32filters,epoch 23,training,g_loss,4.7194,raw_logs/sneha_singh/task3_gan/train_full_light.log
earlier_run_32filters,epoch 23,training,d_loss,0.2669,raw_logs/sneha_singh/task3_gan/train_full_light.log
earlier_run_32filters,epoch 23,training,cycle_loss,2.4838,raw_logs/sneha_singh/task3_gan/train_full_light.log
earlier_run_32filters,epoch 23,training,identity_loss,1.1466,raw_logs/sneha_singh/task3_gan/train_full_light.log
earlier_run_32filters,epoch 23,training,grad_norm_sum,118.3084,raw_logs/sneha_singh/task3_gan/train_full_light.log
earlier_run_32filters,epoch 23,training,nan_count_cum,0,raw_logs/sneha_singh/task3_gan/train_full_light.log
earlier_run_32filters,epoch 24,training,g_loss,4.6795,raw_logs/sneha_singh/task3_gan/train_full_light.log
earlier_run_32filters,epoch 24,training,d_loss,0.2619,raw_logs/sneha_singh/task3_gan/train_full_light.log
earlier_run_32filters,epoch 24,training,cycle_loss,2.4532,raw_logs/sneha_singh/task3_gan/train_full_light.log
earlier_run_32filters,epoch 24,training,identity_loss,1.1421,raw_logs/sneha_singh/task3_gan/train_full_light.log
earlier_run_32filters,epoch 24,training,grad_norm_sum,116.2505,raw_logs/sneha_singh/task3_gan/train_full_light.log
earlier_run_32filters,epoch 24,training,nan_count_cum,0,raw_logs/sneha_singh/task3_gan/train_full_light.log
earlier_run_32filters,epoch 25,training,g_loss,4.5650,raw_logs/sneha_singh/task3_gan/train_full_light.log
earlier_run_32filters,epoch 25,training,d_loss,0.2701,raw_logs/sneha_singh/task3_gan/train_full_light.log
earlier_run_32filters,epoch 25,training,cycle_loss,2.3916,raw_logs/sneha_singh/task3_gan/train_full_light.log
earlier_run_32filters,epoch 25,training,identity_loss,1.1085,raw_logs/sneha_singh/task3_gan/train_full_light.log
earlier_run_32filters,epoch 25,training,grad_norm_sum,111.3799,raw_logs/sneha_singh/task3_gan/train_full_light.log
earlier_run_32filters,epoch 25,training,nan_count_cum,0,raw_logs/sneha_singh/task3_gan/train_full_light.log
earlier_run_32filters,epoch 26,training,g_loss,4.5181,raw_logs/sneha_singh/task3_gan/train_full_light.log
earlier_run_32filters,epoch 26,training,d_loss,0.2742,raw_logs/sneha_singh/task3_gan/train_full_light.log
earlier_run_32filters,epoch 26,training,cycle_loss,2.3672,raw_logs/sneha_singh/task3_gan/train_full_light.log
earlier_run_32filters,epoch 26,training,identity_loss,1.0922,raw_logs/sneha_singh/task3_gan/train_full_light.log
earlier_run_32filters,epoch 26,training,grad_norm_sum,111.9343,raw_logs/sneha_singh/task3_gan/train_full_light.log
earlier_run_32filters,epoch 26,training,nan_count_cum,0,raw_logs/sneha_singh/task3_gan/train_full_light.log
earlier_run_32filters,epoch 27,training,g_loss,4.5161,raw_logs/sneha_singh/task3_gan/train_full_light.log
earlier_run_32filters,epoch 27,training,d_loss,0.2740,raw_logs/sneha_singh/task3_gan/train_full_light.log
earlier_run_32filters,epoch 27,training,cycle_loss,2.3606,raw_logs/sneha_singh/task3_gan/train_full_light.log
earlier_run_32filters,epoch 27,training,identity_loss,1.0931,raw_logs/sneha_singh/task3_gan/train_full_light.log
earlier_run_32filters,epoch 27,training,grad_norm_sum,109.3230,raw_logs/sneha_singh/task3_gan/train_full_light.log
earlier_run_32filters,epoch 27,training,nan_count_cum,0,raw_logs/sneha_singh/task3_gan/train_full_light.log
earlier_run_32filters,epoch 28,training,g_loss,4.5225,raw_logs/sneha_singh/task3_gan/train_full_light.log
earlier_run_32filters,epoch 28,training,d_loss,0.2641,raw_logs/sneha_singh/task3_gan/train_full_light.log
earlier_run_32filters,epoch 28,training,cycle_loss,2.3576,raw_logs/sneha_singh/task3_gan/train_full_light.log
earlier_run_32filters,epoch 28,training,identity_loss,1.0855,raw_logs/sneha_singh/task3_gan/train_full_light.log
earlier_run_32filters,epoch 28,training,grad_norm_sum,110.5888,raw_logs/sneha_singh/task3_gan/train_full_light.log
earlier_run_32filters,epoch 28,training,nan_count_cum,0,raw_logs/sneha_singh/task3_gan/train_full_light.log
earlier_run_32filters,epoch 29,training,g_loss,4.4835,raw_logs/sneha_singh/task3_gan/train_full_light.log
earlier_run_32filters,epoch 29,training,d_loss,0.2621,raw_logs/sneha_singh/task3_gan/train_full_light.log
earlier_run_32filters,epoch 29,training,cycle_loss,2.3144,raw_logs/sneha_singh/task3_gan/train_full_light.log
earlier_run_32filters,epoch 29,training,identity_loss,1.0665,raw_logs/sneha_singh/task3_gan/train_full_light.log
earlier_run_32filters,epoch 29,training,grad_norm_sum,nan,raw_logs/sneha_singh/task3_gan/train_full_light.log
earlier_run_32filters,epoch 29,training,nan_count_cum,0,raw_logs/sneha_singh/task3_gan/train_full_light.log
earlier_run_32filters,epoch 30,training,g_loss,4.4842,raw_logs/sneha_singh/task3_gan/train_full_light.log
earlier_run_32filters,epoch 30,training,d_loss,0.2547,raw_logs/sneha_singh/task3_gan/train_full_light.log
earlier_run_32filters,epoch 30,training,cycle_loss,2.3060,raw_logs/sneha_singh/task3_gan/train_full_light.log
earlier_run_32filters,epoch 30,training,identity_loss,1.0672,raw_logs/sneha_singh/task3_gan/train_full_light.log
earlier_run_32filters,epoch 30,training,grad_norm_sum,105.2900,raw_logs/sneha_singh/task3_gan/train_full_light.log
earlier_run_32filters,epoch 30,training,nan_count_cum,0,raw_logs/sneha_singh/task3_gan/train_full_light.log
earlier_run_32filters,epoch 31,training,g_loss,4.4776,raw_logs/sneha_singh/task3_gan/train_full_light.log
earlier_run_32filters,epoch 31,training,d_loss,0.2612,raw_logs/sneha_singh/task3_gan/train_full_light.log
earlier_run_32filters,epoch 31,training,cycle_loss,2.3137,raw_logs/sneha_singh/task3_gan/train_full_light.log
earlier_run_32filters,epoch 31,training,identity_loss,1.0613,raw_logs/sneha_singh/task3_gan/train_full_light.log
earlier_run_32filters,epoch 31,training,grad_norm_sum,nan,raw_logs/sneha_singh/task3_gan/train_full_light.log
earlier_run_32filters,epoch 31,training,nan_count_cum,0,raw_logs/sneha_singh/task3_gan/train_full_light.log
earlier_run_32filters,epoch 32,training,g_loss,4.4908,raw_logs/sneha_singh/task3_gan/train_full_light.log
earlier_run_32filters,epoch 32,training,d_loss,0.3318,raw_logs/sneha_singh/task3_gan/train_full_light.log
earlier_run_32filters,epoch 32,training,cycle_loss,2.2974,raw_logs/sneha_singh/task3_gan/train_full_light.log
earlier_run_32filters,epoch 32,training,identity_loss,1.0533,raw_logs/sneha_singh/task3_gan/train_full_light.log
earlier_run_32filters,epoch 32,training,grad_norm_sum,105.6214,raw_logs/sneha_singh/task3_gan/train_full_light.log
earlier_run_32filters,epoch 32,training,nan_count_cum,0,raw_logs/sneha_singh/task3_gan/train_full_light.log
earlier_run_32filters,epoch 33,training,g_loss,4.2403,raw_logs/sneha_singh/task3_gan/train_full_light.log
earlier_run_32filters,epoch 33,training,d_loss,0.2828,raw_logs/sneha_singh/task3_gan/train_full_light.log
earlier_run_32filters,epoch 33,training,cycle_loss,2.2267,raw_logs/sneha_singh/task3_gan/train_full_light.log
earlier_run_32filters,epoch 33,training,identity_loss,1.0265,raw_logs/sneha_singh/task3_gan/train_full_light.log
earlier_run_32filters,epoch 33,training,grad_norm_sum,99.5029,raw_logs/sneha_singh/task3_gan/train_full_light.log
earlier_run_32filters,epoch 33,training,nan_count_cum,0,raw_logs/sneha_singh/task3_gan/train_full_light.log
earlier_run_32filters,epoch 34,training,g_loss,4.3211,raw_logs/sneha_singh/task3_gan/train_full_light.log
earlier_run_32filters,epoch 34,training,d_loss,0.2548,raw_logs/sneha_singh/task3_gan/train_full_light.log
earlier_run_32filters,epoch 34,training,cycle_loss,2.2290,raw_logs/sneha_singh/task3_gan/train_full_light.log
earlier_run_32filters,epoch 34,training,identity_loss,1.0195,raw_logs/sneha_singh/task3_gan/train_full_light.log
earlier_run_32filters,epoch 34,training,grad_norm_sum,100.5320,raw_logs/sneha_singh/task3_gan/train_full_light.log
earlier_run_32filters,epoch 34,training,nan_count_cum,0,raw_logs/sneha_singh/task3_gan/train_full_light.log
earlier_run_32filters,epoch 35,training,g_loss,4.4246,raw_logs/sneha_singh/task3_gan/train_full_light.log
earlier_run_32filters,epoch 35,training,d_loss,0.2485,raw_logs/sneha_singh/task3_gan/train_full_light.log
earlier_run_32filters,epoch 35,training,cycle_loss,2.2612,raw_logs/sneha_singh/task3_gan/train_full_light.log
earlier_run_32filters,epoch 35,training,identity_loss,1.0316,raw_logs/sneha_singh/task3_gan/train_full_light.log
earlier_run_32filters,epoch 35,training,grad_norm_sum,104.1922,raw_logs/sneha_singh/task3_gan/train_full_light.log
earlier_run_32filters,epoch 35,training,nan_count_cum,0,raw_logs/sneha_singh/task3_gan/train_full_light.log
earlier_run_32filters,epoch 36,training,g_loss,4.3850,raw_logs/sneha_singh/task3_gan/train_full_light.log
earlier_run_32filters,epoch 36,training,d_loss,0.2454,raw_logs/sneha_singh/task3_gan/train_full_light.log
earlier_run_32filters,epoch 36,training,cycle_loss,2.2278,raw_logs/sneha_singh/task3_gan/train_full_light.log
earlier_run_32filters,epoch 36,training,identity_loss,1.0165,raw_logs/sneha_singh/task3_gan/train_full_light.log
earlier_run_32filters,epoch 36,training,grad_norm_sum,100.9156,raw_logs/sneha_singh/task3_gan/train_full_light.log
earlier_run_32filters,epoch 36,training,nan_count_cum,0,raw_logs/sneha_singh/task3_gan/train_full_light.log
earlier_run_32filters,epoch 37,training,g_loss,4.3950,raw_logs/sneha_singh/task3_gan/train_full_light.log
earlier_run_32filters,epoch 37,training,d_loss,0.2360,raw_logs/sneha_singh/task3_gan/train_full_light.log
earlier_run_32filters,epoch 37,training,cycle_loss,2.2182,raw_logs/sneha_singh/task3_gan/train_full_light.log
earlier_run_32filters,epoch 37,training,identity_loss,1.0118,raw_logs/sneha_singh/task3_gan/train_full_light.log
earlier_run_32filters,epoch 37,training,grad_norm_sum,nan,raw_logs/sneha_singh/task3_gan/train_full_light.log
earlier_run_32filters,epoch 37,training,nan_count_cum,0,raw_logs/sneha_singh/task3_gan/train_full_light.log
earlier_run_32filters,epoch 38,training,g_loss,4.3750,raw_logs/sneha_singh/task3_gan/train_full_light.log
earlier_run_32filters,epoch 38,training,d_loss,0.2319,raw_logs/sneha_singh/task3_gan/train_full_light.log
earlier_run_32filters,epoch 38,training,cycle_loss,2.1976,raw_logs/sneha_singh/task3_gan/train_full_light.log
earlier_run_32filters,epoch 38,training,identity_loss,1.0015,raw_logs/sneha_singh/task3_gan/train_full_light.log
earlier_run_32filters,epoch 38,training,grad_norm_sum,nan,raw_logs/sneha_singh/task3_gan/train_full_light.log
earlier_run_32filters,epoch 38,training,nan_count_cum,0,raw_logs/sneha_singh/task3_gan/train_full_light.log
earlier_run_32filters,epoch 39,training,g_loss,4.4262,raw_logs/sneha_singh/task3_gan/train_full_light.log
earlier_run_32filters,epoch 39,training,d_loss,0.2206,raw_logs/sneha_singh/task3_gan/train_full_light.log
earlier_run_32filters,epoch 39,training,cycle_loss,2.2133,raw_logs/sneha_singh/task3_gan/train_full_light.log
earlier_run_32filters,epoch 39,training,identity_loss,0.9992,raw_logs/sneha_singh/task3_gan/train_full_light.log
earlier_run_32filters,epoch 39,training,grad_norm_sum,99.3487,raw_logs/sneha_singh/task3_gan/train_full_light.log
earlier_run_32filters,epoch 39,training,nan_count_cum,0,raw_logs/sneha_singh/task3_gan/train_full_light.log
earlier_run_32filters,epoch 40,training,g_loss,4.4072,raw_logs/sneha_singh/task3_gan/train_full_light.log
earlier_run_32filters,epoch 40,training,d_loss,0.2257,raw_logs/sneha_singh/task3_gan/train_full_light.log
earlier_run_32filters,epoch 40,training,cycle_loss,2.2006,raw_logs/sneha_singh/task3_gan/train_full_light.log
earlier_run_32filters,epoch 40,training,identity_loss,0.9998,raw_logs/sneha_singh/task3_gan/train_full_light.log
earlier_run_32filters,epoch 40,training,grad_norm_sum,100.3920,raw_logs/sneha_singh/task3_gan/train_full_light.log
earlier_run_32filters,epoch 40,training,nan_count_cum,0,raw_logs/sneha_singh/task3_gan/train_full_light.log
earlier_run_32filters,epoch 41,training,g_loss,4.3977,raw_logs/sneha_singh/task3_gan/train_full_light.log
earlier_run_32filters,epoch 41,training,d_loss,0.2249,raw_logs/sneha_singh/task3_gan/train_full_light.log
earlier_run_32filters,epoch 41,training,cycle_loss,2.1998,raw_logs/sneha_singh/task3_gan/train_full_light.log
earlier_run_32filters,epoch 41,training,identity_loss,0.9970,raw_logs/sneha_singh/task3_gan/train_full_light.log
earlier_run_32filters,epoch 41,training,grad_norm_sum,nan,raw_logs/sneha_singh/task3_gan/train_full_light.log
earlier_run_32filters,epoch 41,training,nan_count_cum,0,raw_logs/sneha_singh/task3_gan/train_full_light.log
earlier_run_32filters,epoch 42,training,g_loss,4.4161,raw_logs/sneha_singh/task3_gan/train_full_light.log
earlier_run_32filters,epoch 42,training,d_loss,0.2234,raw_logs/sneha_singh/task3_gan/train_full_light.log
earlier_run_32filters,epoch 42,training,cycle_loss,2.2070,raw_logs/sneha_singh/task3_gan/train_full_light.log
earlier_run_32filters,epoch 42,training,identity_loss,0.9994,raw_logs/sneha_singh/task3_gan/train_full_light.log
earlier_run_32filters,epoch 42,training,grad_norm_sum,101.3422,raw_logs/sneha_singh/task3_gan/train_full_light.log
earlier_run_32filters,epoch 42,training,nan_count_cum,0,raw_logs/sneha_singh/task3_gan/train_full_light.log
earlier_run_32filters,epoch 43,training,g_loss,4.3461,raw_logs/sneha_singh/task3_gan/train_full_light.log
earlier_run_32filters,epoch 43,training,d_loss,0.2243,raw_logs/sneha_singh/task3_gan/train_full_light.log
earlier_run_32filters,epoch 43,training,cycle_loss,2.1626,raw_logs/sneha_singh/task3_gan/train_full_light.log
earlier_run_32filters,epoch 43,training,identity_loss,0.9860,raw_logs/sneha_singh/task3_gan/train_full_light.log
earlier_run_32filters,epoch 43,training,grad_norm_sum,98.4642,raw_logs/sneha_singh/task3_gan/train_full_light.log
earlier_run_32filters,epoch 43,training,nan_count_cum,0,raw_logs/sneha_singh/task3_gan/train_full_light.log
earlier_run_32filters,epoch 44,training,g_loss,4.3092,raw_logs/sneha_singh/task3_gan/train_full_light.log
earlier_run_32filters,epoch 44,training,d_loss,0.2223,raw_logs/sneha_singh/task3_gan/train_full_light.log
earlier_run_32filters,epoch 44,training,cycle_loss,2.1278,raw_logs/sneha_singh/task3_gan/train_full_light.log
earlier_run_32filters,epoch 44,training,identity_loss,0.9673,raw_logs/sneha_singh/task3_gan/train_full_light.log
earlier_run_32filters,epoch 44,training,grad_norm_sum,97.2804,raw_logs/sneha_singh/task3_gan/train_full_light.log
earlier_run_32filters,epoch 44,training,nan_count_cum,0,raw_logs/sneha_singh/task3_gan/train_full_light.log
earlier_run_32filters,epoch 45,training,g_loss,4.3201,raw_logs/sneha_singh/task3_gan/train_full_light.log
earlier_run_32filters,epoch 45,training,d_loss,0.2161,raw_logs/sneha_singh/task3_gan/train_full_light.log
earlier_run_32filters,epoch 45,training,cycle_loss,2.1282,raw_logs/sneha_singh/task3_gan/train_full_light.log
earlier_run_32filters,epoch 45,training,identity_loss,0.9628,raw_logs/sneha_singh/task3_gan/train_full_light.log
earlier_run_32filters,epoch 45,training,grad_norm_sum,97.8604,raw_logs/sneha_singh/task3_gan/train_full_light.log
earlier_run_32filters,epoch 45,training,nan_count_cum,0,raw_logs/sneha_singh/task3_gan/train_full_light.log
earlier_run_32filters,epoch 46,training,g_loss,4.3207,raw_logs/sneha_singh/task3_gan/train_full_light.log
earlier_run_32filters,epoch 46,training,d_loss,0.2177,raw_logs/sneha_singh/task3_gan/train_full_light.log
earlier_run_32filters,epoch 46,training,cycle_loss,2.1274,raw_logs/sneha_singh/task3_gan/train_full_light.log
earlier_run_32filters,epoch 46,training,identity_loss,0.9582,raw_logs/sneha_singh/task3_gan/train_full_light.log
earlier_run_32filters,epoch 46,training,grad_norm_sum,97.5197,raw_logs/sneha_singh/task3_gan/train_full_light.log
earlier_run_32filters,epoch 46,training,nan_count_cum,0,raw_logs/sneha_singh/task3_gan/train_full_light.log
earlier_run_32filters,epoch 47,training,g_loss,4.3167,raw_logs/sneha_singh/task3_gan/train_full_light.log
earlier_run_32filters,epoch 47,training,d_loss,0.2102,raw_logs/sneha_singh/task3_gan/train_full_light.log
earlier_run_32filters,epoch 47,training,cycle_loss,2.1151,raw_logs/sneha_singh/task3_gan/train_full_light.log
earlier_run_32filters,epoch 47,training,identity_loss,0.9543,raw_logs/sneha_singh/task3_gan/train_full_light.log
earlier_run_32filters,epoch 47,training,grad_norm_sum,97.3531,raw_logs/sneha_singh/task3_gan/train_full_light.log
earlier_run_32filters,epoch 47,training,nan_count_cum,0,raw_logs/sneha_singh/task3_gan/train_full_light.log
earlier_run_32filters,epoch 48,training,g_loss,4.3197,raw_logs/sneha_singh/task3_gan/train_full_light.log
earlier_run_32filters,epoch 48,training,d_loss,0.2095,raw_logs/sneha_singh/task3_gan/train_full_light.log
earlier_run_32filters,epoch 48,training,cycle_loss,2.1021,raw_logs/sneha_singh/task3_gan/train_full_light.log
earlier_run_32filters,epoch 48,training,identity_loss,0.9483,raw_logs/sneha_singh/task3_gan/train_full_light.log
earlier_run_32filters,epoch 48,training,grad_norm_sum,nan,raw_logs/sneha_singh/task3_gan/train_full_light.log
earlier_run_32filters,epoch 48,training,nan_count_cum,0,raw_logs/sneha_singh/task3_gan/train_full_light.log
earlier_run_32filters,epoch 49,training,g_loss,4.2971,raw_logs/sneha_singh/task3_gan/train_full_light.log
earlier_run_32filters,epoch 49,training,d_loss,0.2059,raw_logs/sneha_singh/task3_gan/train_full_light.log
earlier_run_32filters,epoch 49,training,cycle_loss,2.0866,raw_logs/sneha_singh/task3_gan/train_full_light.log
earlier_run_32filters,epoch 49,training,identity_loss,0.9407,raw_logs/sneha_singh/task3_gan/train_full_light.log
earlier_run_32filters,epoch 49,training,grad_norm_sum,95.3717,raw_logs/sneha_singh/task3_gan/train_full_light.log
earlier_run_32filters,epoch 49,training,nan_count_cum,0,raw_logs/sneha_singh/task3_gan/train_full_light.log
earlier_run_32filters,epoch 50,training,g_loss,4.3248,raw_logs/sneha_singh/task3_gan/train_full_light.log
earlier_run_32filters,epoch 50,training,d_loss,0.1964,raw_logs/sneha_singh/task3_gan/train_full_light.log
earlier_run_32filters,epoch 50,training,cycle_loss,2.0936,raw_logs/sneha_singh/task3_gan/train_full_light.log
earlier_run_32filters,epoch 50,training,identity_loss,0.9440,raw_logs/sneha_singh/task3_gan/train_full_light.log
earlier_run_32filters,epoch 50,training,grad_norm_sum,96.8372,raw_logs/sneha_singh/task3_gan/train_full_light.log
earlier_run_32filters,epoch 50,training,nan_count_cum,0,raw_logs/sneha_singh/task3_gan/train_full_light.log
earlier_run_32filters,epoch 51,training,g_loss,4.3388,raw_logs/sneha_singh/task3_gan/train_full_light.log
earlier_run_32filters,epoch 51,training,d_loss,0.2009,raw_logs/sneha_singh/task3_gan/train_full_light.log
earlier_run_32filters,epoch 51,training,cycle_loss,2.0983,raw_logs/sneha_singh/task3_gan/train_full_light.log
earlier_run_32filters,epoch 51,training,identity_loss,0.9443,raw_logs/sneha_singh/task3_gan/train_full_light.log
earlier_run_32filters,epoch 51,training,grad_norm_sum,97.4655,raw_logs/sneha_singh/task3_gan/train_full_light.log
earlier_run_32filters,epoch 51,training,nan_count_cum,0,raw_logs/sneha_singh/task3_gan/train_full_light.log
earlier_run_32filters,epoch 52,training,g_loss,5.1297,raw_logs/sneha_singh/task3_gan/train_full_light.log
earlier_run_32filters,epoch 52,training,d_loss,1.1878,raw_logs/sneha_singh/task3_gan/train_full_light.log
earlier_run_32filters,epoch 52,training,cycle_loss,2.2307,raw_logs/sneha_singh/task3_gan/train_full_light.log
earlier_run_32filters,epoch 52,training,identity_loss,0.9907,raw_logs/sneha_singh/task3_gan/train_full_light.log
earlier_run_32filters,epoch 52,training,grad_norm_sum,nan,raw_logs/sneha_singh/task3_gan/train_full_light.log
earlier_run_32filters,epoch 52,training,nan_count_cum,0,raw_logs/sneha_singh/task3_gan/train_full_light.log
earlier_run_32filters,epoch 53,training,g_loss,3.8769,raw_logs/sneha_singh/task3_gan/train_full_light.log
earlier_run_32filters,epoch 53,training,d_loss,0.3124,raw_logs/sneha_singh/task3_gan/train_full_light.log
earlier_run_32filters,epoch 53,training,cycle_loss,2.0300,raw_logs/sneha_singh/task3_gan/train_full_light.log
earlier_run_32filters,epoch 53,training,identity_loss,0.9192,raw_logs/sneha_singh/task3_gan/train_full_light.log
earlier_run_32filters,epoch 53,training,grad_norm_sum,84.4000,raw_logs/sneha_singh/task3_gan/train_full_light.log
earlier_run_32filters,epoch 53,training,nan_count_cum,0,raw_logs/sneha_singh/task3_gan/train_full_light.log
earlier_run_32filters,epoch 54,training,g_loss,3.8721,raw_logs/sneha_singh/task3_gan/train_full_light.log
earlier_run_32filters,epoch 54,training,d_loss,0.2689,raw_logs/sneha_singh/task3_gan/train_full_light.log
earlier_run_32filters,epoch 54,training,cycle_loss,1.9716,raw_logs/sneha_singh/task3_gan/train_full_light.log
earlier_run_32filters,epoch 54,training,identity_loss,0.8953,raw_logs/sneha_singh/task3_gan/train_full_light.log
earlier_run_32filters,epoch 54,training,grad_norm_sum,83.3699,raw_logs/sneha_singh/task3_gan/train_full_light.log
earlier_run_32filters,epoch 54,training,nan_count_cum,0,raw_logs/sneha_singh/task3_gan/train_full_light.log
earlier_run_32filters,epoch 55,training,g_loss,3.9969,raw_logs/sneha_singh/task3_gan/train_full_light.log
earlier_run_32filters,epoch 55,training,d_loss,0.2173,raw_logs/sneha_singh/task3_gan/train_full_light.log
earlier_run_32filters,epoch 55,training,cycle_loss,1.9754,raw_logs/sneha_singh/task3_gan/train_full_light.log
earlier_run_32filters,epoch 55,training,identity_loss,0.8933,raw_logs/sneha_singh/task3_gan/train_full_light.log
earlier_run_32filters,epoch 55,training,grad_norm_sum,85.7666,raw_logs/sneha_singh/task3_gan/train_full_light.log
earlier_run_32filters,epoch 55,training,nan_count_cum,0,raw_logs/sneha_singh/task3_gan/train_full_light.log
earlier_run_32filters,epoch 56,training,g_loss,4.0930,raw_logs/sneha_singh/task3_gan/train_full_light.log
earlier_run_32filters,epoch 56,training,d_loss,0.1906,raw_logs/sneha_singh/task3_gan/train_full_light.log
earlier_run_32filters,epoch 56,training,cycle_loss,1.9756,raw_logs/sneha_singh/task3_gan/train_full_light.log
earlier_run_32filters,epoch 56,training,identity_loss,0.8903,raw_logs/sneha_singh/task3_gan/train_full_light.log
earlier_run_32filters,epoch 56,training,grad_norm_sum,87.7516,raw_logs/sneha_singh/task3_gan/train_full_light.log
earlier_run_32filters,epoch 56,training,nan_count_cum,0,raw_logs/sneha_singh/task3_gan/train_full_light.log
earlier_run_32filters,epoch 57,training,g_loss,4.1858,raw_logs/sneha_singh/task3_gan/train_full_light.log
earlier_run_32filters,epoch 57,training,d_loss,0.1803,raw_logs/sneha_singh/task3_gan/train_full_light.log
earlier_run_32filters,epoch 57,training,cycle_loss,1.9900,raw_logs/sneha_singh/task3_gan/train_full_light.log
earlier_run_32filters,epoch 57,training,identity_loss,0.8960,raw_logs/sneha_singh/task3_gan/train_full_light.log
earlier_run_32filters,epoch 57,training,grad_norm_sum,94.3629,raw_logs/sneha_singh/task3_gan/train_full_light.log
earlier_run_32filters,epoch 57,training,nan_count_cum,0,raw_logs/sneha_singh/task3_gan/train_full_light.log
earlier_run_32filters,epoch 58,training,g_loss,4.2048,raw_logs/sneha_singh/task3_gan/train_full_light.log
earlier_run_32filters,epoch 58,training,d_loss,0.1756,raw_logs/sneha_singh/task3_gan/train_full_light.log
earlier_run_32filters,epoch 58,training,cycle_loss,1.9858,raw_logs/sneha_singh/task3_gan/train_full_light.log
earlier_run_32filters,epoch 58,training,identity_loss,0.8896,raw_logs/sneha_singh/task3_gan/train_full_light.log
earlier_run_32filters,epoch 58,training,grad_norm_sum,95.8909,raw_logs/sneha_singh/task3_gan/train_full_light.log
earlier_run_32filters,epoch 58,training,nan_count_cum,0,raw_logs/sneha_singh/task3_gan/train_full_light.log
earlier_run_32filters,epoch 59,training,g_loss,4.2104,raw_logs/sneha_singh/task3_gan/train_full_light.log
earlier_run_32filters,epoch 59,training,d_loss,0.1721,raw_logs/sneha_singh/task3_gan/train_full_light.log
earlier_run_32filters,epoch 59,training,cycle_loss,1.9757,raw_logs/sneha_singh/task3_gan/train_full_light.log
earlier_run_32filters,epoch 59,training,identity_loss,0.8913,raw_logs/sneha_singh/task3_gan/train_full_light.log
earlier_run_32filters,epoch 59,training,grad_norm_sum,96.5081,raw_logs/sneha_singh/task3_gan/train_full_light.log
earlier_run_32filters,epoch 59,training,nan_count_cum,0,raw_logs/sneha_singh/task3_gan/train_full_light.log
earlier_run_32filters,epoch 60,training,g_loss,4.2162,raw_logs/sneha_singh/task3_gan/train_full_light.log
earlier_run_32filters,epoch 60,training,d_loss,0.1682,raw_logs/sneha_singh/task3_gan/train_full_light.log
earlier_run_32filters,epoch 60,training,cycle_loss,1.9613,raw_logs/sneha_singh/task3_gan/train_full_light.log
earlier_run_32filters,epoch 60,training,identity_loss,0.8765,raw_logs/sneha_singh/task3_gan/train_full_light.log
earlier_run_32filters,epoch 60,training,grad_norm_sum,97.4916,raw_logs/sneha_singh/task3_gan/train_full_light.log
earlier_run_32filters,epoch 60,training,nan_count_cum,0,raw_logs/sneha_singh/task3_gan/train_full_light.log
earlier_run_32filters,epoch 61,training,g_loss,4.2150,raw_logs/sneha_singh/task3_gan/train_full_light.log
earlier_run_32filters,epoch 61,training,d_loss,0.1625,raw_logs/sneha_singh/task3_gan/train_full_light.log
earlier_run_32filters,epoch 61,training,cycle_loss,1.9486,raw_logs/sneha_singh/task3_gan/train_full_light.log
earlier_run_32filters,epoch 61,training,identity_loss,0.8756,raw_logs/sneha_singh/task3_gan/train_full_light.log
earlier_run_32filters,epoch 61,training,grad_norm_sum,nan,raw_logs/sneha_singh/task3_gan/train_full_light.log
earlier_run_32filters,epoch 61,training,nan_count_cum,0,raw_logs/sneha_singh/task3_gan/train_full_light.log
earlier_run_32filters,epoch 62,training,g_loss,4.2270,raw_logs/sneha_singh/task3_gan/train_full_light.log
earlier_run_32filters,epoch 62,training,d_loss,0.1647,raw_logs/sneha_singh/task3_gan/train_full_light.log
earlier_run_32filters,epoch 62,training,cycle_loss,1.9607,raw_logs/sneha_singh/task3_gan/train_full_light.log
earlier_run_32filters,epoch 62,training,identity_loss,0.8777,raw_logs/sneha_singh/task3_gan/train_full_light.log
earlier_run_32filters,epoch 62,training,grad_norm_sum,101.4146,raw_logs/sneha_singh/task3_gan/train_full_light.log
earlier_run_32filters,epoch 62,training,nan_count_cum,0,raw_logs/sneha_singh/task3_gan/train_full_light.log
earlier_run_32filters,epoch 63,training,g_loss,4.1844,raw_logs/sneha_singh/task3_gan/train_full_light.log
earlier_run_32filters,epoch 63,training,d_loss,0.1678,raw_logs/sneha_singh/task3_gan/train_full_light.log
earlier_run_32filters,epoch 63,training,cycle_loss,1.9478,raw_logs/sneha_singh/task3_gan/train_full_light.log
earlier_run_32filters,epoch 63,training,identity_loss,0.8708,raw_logs/sneha_singh/task3_gan/train_full_light.log
earlier_run_32filters,epoch 63,training,grad_norm_sum,nan,raw_logs/sneha_singh/task3_gan/train_full_light.log
earlier_run_32filters,epoch 63,training,nan_count_cum,0,raw_logs/sneha_singh/task3_gan/train_full_light.log
earlier_run_32filters,epoch 64,training,g_loss,4.2104,raw_logs/sneha_singh/task3_gan/train_full_light.log
earlier_run_32filters,epoch 64,training,d_loss,0.1658,raw_logs/sneha_singh/task3_gan/train_full_light.log
earlier_run_32filters,epoch 64,training,cycle_loss,1.9444,raw_logs/sneha_singh/task3_gan/train_full_light.log
earlier_run_32filters,epoch 64,training,identity_loss,0.8742,raw_logs/sneha_singh/task3_gan/train_full_light.log
earlier_run_32filters,epoch 64,training,grad_norm_sum,101.3898,raw_logs/sneha_singh/task3_gan/train_full_light.log
earlier_run_32filters,epoch 64,training,nan_count_cum,0,raw_logs/sneha_singh/task3_gan/train_full_light.log
earlier_run_32filters,epoch 65,training,g_loss,4.1779,raw_logs/sneha_singh/task3_gan/train_full_light.log
earlier_run_32filters,epoch 65,training,d_loss,0.1617,raw_logs/sneha_singh/task3_gan/train_full_light.log
earlier_run_32filters,epoch 65,training,cycle_loss,1.9107,raw_logs/sneha_singh/task3_gan/train_full_light.log
earlier_run_32filters,epoch 65,training,identity_loss,0.8578,raw_logs/sneha_singh/task3_gan/train_full_light.log
earlier_run_32filters,epoch 65,training,grad_norm_sum,100.2162,raw_logs/sneha_singh/task3_gan/train_full_light.log
earlier_run_32filters,epoch 65,training,nan_count_cum,0,raw_logs/sneha_singh/task3_gan/train_full_light.log
earlier_run_32filters,epoch 66,training,g_loss,4.1872,raw_logs/sneha_singh/task3_gan/train_full_light.log
earlier_run_32filters,epoch 66,training,d_loss,0.1599,raw_logs/sneha_singh/task3_gan/train_full_light.log
earlier_run_32filters,epoch 66,training,cycle_loss,1.9111,raw_logs/sneha_singh/task3_gan/train_full_light.log
earlier_run_32filters,epoch 66,training,identity_loss,0.8569,raw_logs/sneha_singh/task3_gan/train_full_light.log
earlier_run_32filters,epoch 66,training,grad_norm_sum,101.1106,raw_logs/sneha_singh/task3_gan/train_full_light.log
earlier_run_32filters,epoch 66,training,nan_count_cum,0,raw_logs/sneha_singh/task3_gan/train_full_light.log
earlier_run_32filters,epoch 67,training,g_loss,4.1752,raw_logs/sneha_singh/task3_gan/train_full_light.log
earlier_run_32filters,epoch 67,training,d_loss,0.1548,raw_logs/sneha_singh/task3_gan/train_full_light.log
earlier_run_32filters,epoch 67,training,cycle_loss,1.9001,raw_logs/sneha_singh/task3_gan/train_full_light.log
earlier_run_32filters,epoch 67,training,identity_loss,0.8487,raw_logs/sneha_singh/task3_gan/train_full_light.log
earlier_run_32filters,epoch 67,training,grad_norm_sum,101.7981,raw_logs/sneha_singh/task3_gan/train_full_light.log
earlier_run_32filters,epoch 67,training,nan_count_cum,0,raw_logs/sneha_singh/task3_gan/train_full_light.log
earlier_run_32filters,epoch 68,training,g_loss,4.1433,raw_logs/sneha_singh/task3_gan/train_full_light.log
earlier_run_32filters,epoch 68,training,d_loss,0.1545,raw_logs/sneha_singh/task3_gan/train_full_light.log
earlier_run_32filters,epoch 68,training,cycle_loss,1.8797,raw_logs/sneha_singh/task3_gan/train_full_light.log
earlier_run_32filters,epoch 68,training,identity_loss,0.8413,raw_logs/sneha_singh/task3_gan/train_full_light.log
earlier_run_32filters,epoch 68,training,grad_norm_sum,nan,raw_logs/sneha_singh/task3_gan/train_full_light.log
earlier_run_32filters,epoch 68,training,nan_count_cum,0,raw_logs/sneha_singh/task3_gan/train_full_light.log
earlier_run_32filters,epoch 69,training,g_loss,4.1305,raw_logs/sneha_singh/task3_gan/train_full_light.log
earlier_run_32filters,epoch 69,training,d_loss,0.1486,raw_logs/sneha_singh/task3_gan/train_full_light.log
earlier_run_32filters,epoch 69,training,cycle_loss,1.8620,raw_logs/sneha_singh/task3_gan/train_full_light.log
earlier_run_32filters,epoch 69,training,identity_loss,0.8372,raw_logs/sneha_singh/task3_gan/train_full_light.log
earlier_run_32filters,epoch 69,training,grad_norm_sum,101.1930,raw_logs/sneha_singh/task3_gan/train_full_light.log
earlier_run_32filters,epoch 69,training,nan_count_cum,0,raw_logs/sneha_singh/task3_gan/train_full_light.log
earlier_run_32filters,epoch 70,training,g_loss,4.1515,raw_logs/sneha_singh/task3_gan/train_full_light.log
earlier_run_32filters,epoch 70,training,d_loss,0.1476,raw_logs/sneha_singh/task3_gan/train_full_light.log
earlier_run_32filters,epoch 70,training,cycle_loss,1.8651,raw_logs/sneha_singh/task3_gan/train_full_light.log
earlier_run_32filters,epoch 70,training,identity_loss,0.8355,raw_logs/sneha_singh/task3_gan/train_full_light.log
earlier_run_32filters,epoch 70,training,grad_norm_sum,102.0656,raw_logs/sneha_singh/task3_gan/train_full_light.log
earlier_run_32filters,epoch 70,training,nan_count_cum,0,raw_logs/sneha_singh/task3_gan/train_full_light.log
earlier_run_32filters,epoch 71,training,g_loss,4.1521,raw_logs/sneha_singh/task3_gan/train_full_light.log
earlier_run_32filters,epoch 71,training,d_loss,0.1430,raw_logs/sneha_singh/task3_gan/train_full_light.log
earlier_run_32filters,epoch 71,training,cycle_loss,1.8599,raw_logs/sneha_singh/task3_gan/train_full_light.log
earlier_run_32filters,epoch 71,training,identity_loss,0.8314,raw_logs/sneha_singh/task3_gan/train_full_light.log
earlier_run_32filters,epoch 71,training,grad_norm_sum,103.0713,raw_logs/sneha_singh/task3_gan/train_full_light.log
earlier_run_32filters,epoch 71,training,nan_count_cum,0,raw_logs/sneha_singh/task3_gan/train_full_light.log
earlier_run_32filters,epoch 72,training,g_loss,4.1292,raw_logs/sneha_singh/task3_gan/train_full_light.log
earlier_run_32filters,epoch 72,training,d_loss,0.1433,raw_logs/sneha_singh/task3_gan/train_full_light.log
earlier_run_32filters,epoch 72,training,cycle_loss,1.8425,raw_logs/sneha_singh/task3_gan/train_full_light.log
earlier_run_32filters,epoch 72,training,identity_loss,0.8240,raw_logs/sneha_singh/task3_gan/train_full_light.log
earlier_run_32filters,epoch 72,training,grad_norm_sum,103.5970,raw_logs/sneha_singh/task3_gan/train_full_light.log
earlier_run_32filters,epoch 72,training,nan_count_cum,0,raw_logs/sneha_singh/task3_gan/train_full_light.log
earlier_run_32filters,epoch 73,training,g_loss,4.1212,raw_logs/sneha_singh/task3_gan/train_full_light.log
earlier_run_32filters,epoch 73,training,d_loss,0.1428,raw_logs/sneha_singh/task3_gan/train_full_light.log
earlier_run_32filters,epoch 73,training,cycle_loss,1.8312,raw_logs/sneha_singh/task3_gan/train_full_light.log
earlier_run_32filters,epoch 73,training,identity_loss,0.8187,raw_logs/sneha_singh/task3_gan/train_full_light.log
earlier_run_32filters,epoch 73,training,grad_norm_sum,103.7526,raw_logs/sneha_singh/task3_gan/train_full_light.log
earlier_run_32filters,epoch 73,training,nan_count_cum,0,raw_logs/sneha_singh/task3_gan/train_full_light.log
earlier_run_32filters,epoch 74,training,g_loss,4.1319,raw_logs/sneha_singh/task3_gan/train_full_light.log
earlier_run_32filters,epoch 74,training,d_loss,0.1399,raw_logs/sneha_singh/task3_gan/train_full_light.log
earlier_run_32filters,epoch 74,training,cycle_loss,1.8284,raw_logs/sneha_singh/task3_gan/train_full_light.log
earlier_run_32filters,epoch 74,training,identity_loss,0.8162,raw_logs/sneha_singh/task3_gan/train_full_light.log
earlier_run_32filters,epoch 74,training,grad_norm_sum,nan,raw_logs/sneha_singh/task3_gan/train_full_light.log
earlier_run_32filters,epoch 74,training,nan_count_cum,0,raw_logs/sneha_singh/task3_gan/train_full_light.log
earlier_run_32filters,epoch 75,training,g_loss,4.0955,raw_logs/sneha_singh/task3_gan/train_full_light.log
earlier_run_32filters,epoch 75,training,d_loss,0.1389,raw_logs/sneha_singh/task3_gan/train_full_light.log
earlier_run_32filters,epoch 75,training,cycle_loss,1.8152,raw_logs/sneha_singh/task3_gan/train_full_light.log
earlier_run_32filters,epoch 75,training,identity_loss,0.8138,raw_logs/sneha_singh/task3_gan/train_full_light.log
earlier_run_32filters,epoch 75,training,grad_norm_sum,104.7692,raw_logs/sneha_singh/task3_gan/train_full_light.log
earlier_run_32filters,epoch 75,training,nan_count_cum,0,raw_logs/sneha_singh/task3_gan/train_full_light.log
earlier_run_32filters,epoch 76,training,g_loss,4.0778,raw_logs/sneha_singh/task3_gan/train_full_light.log
earlier_run_32filters,epoch 76,training,d_loss,0.1379,raw_logs/sneha_singh/task3_gan/train_full_light.log
earlier_run_32filters,epoch 76,training,cycle_loss,1.7934,raw_logs/sneha_singh/task3_gan/train_full_light.log
earlier_run_32filters,epoch 76,training,identity_loss,0.8040,raw_logs/sneha_singh/task3_gan/train_full_light.log
earlier_run_32filters,epoch 76,training,grad_norm_sum,106.0826,raw_logs/sneha_singh/task3_gan/train_full_light.log
earlier_run_32filters,epoch 76,training,nan_count_cum,0,raw_logs/sneha_singh/task3_gan/train_full_light.log
earlier_run_32filters,epoch 77,training,g_loss,4.0830,raw_logs/sneha_singh/task3_gan/train_full_light.log
earlier_run_32filters,epoch 77,training,d_loss,0.1353,raw_logs/sneha_singh/task3_gan/train_full_light.log
earlier_run_32filters,epoch 77,training,cycle_loss,1.7866,raw_logs/sneha_singh/task3_gan/train_full_light.log
earlier_run_32filters,epoch 77,training,identity_loss,0.8038,raw_logs/sneha_singh/task3_gan/train_full_light.log
earlier_run_32filters,epoch 77,training,grad_norm_sum,nan,raw_logs/sneha_singh/task3_gan/train_full_light.log
earlier_run_32filters,epoch 77,training,nan_count_cum,0,raw_logs/sneha_singh/task3_gan/train_full_light.log
earlier_run_32filters,epoch 78,training,g_loss,4.0775,raw_logs/sneha_singh/task3_gan/train_full_light.log
earlier_run_32filters,epoch 78,training,d_loss,0.1315,raw_logs/sneha_singh/task3_gan/train_full_light.log
earlier_run_32filters,epoch 78,training,cycle_loss,1.7855,raw_logs/sneha_singh/task3_gan/train_full_light.log
earlier_run_32filters,epoch 78,training,identity_loss,0.7996,raw_logs/sneha_singh/task3_gan/train_full_light.log
earlier_run_32filters,epoch 78,training,grad_norm_sum,nan,raw_logs/sneha_singh/task3_gan/train_full_light.log
earlier_run_32filters,epoch 78,training,nan_count_cum,0,raw_logs/sneha_singh/task3_gan/train_full_light.log
earlier_run_32filters,epoch 79,training,g_loss,4.0738,raw_logs/sneha_singh/task3_gan/train_full_light.log
earlier_run_32filters,epoch 79,training,d_loss,0.1324,raw_logs/sneha_singh/task3_gan/train_full_light.log
earlier_run_32filters,epoch 79,training,cycle_loss,1.7799,raw_logs/sneha_singh/task3_gan/train_full_light.log
earlier_run_32filters,epoch 79,training,identity_loss,0.8016,raw_logs/sneha_singh/task3_gan/train_full_light.log
earlier_run_32filters,epoch 79,training,grad_norm_sum,109.7308,raw_logs/sneha_singh/task3_gan/train_full_light.log
earlier_run_32filters,epoch 79,training,nan_count_cum,0,raw_logs/sneha_singh/task3_gan/train_full_light.log
earlier_run_32filters,epoch 80,training,g_loss,4.0659,raw_logs/sneha_singh/task3_gan/train_full_light.log
earlier_run_32filters,epoch 80,training,d_loss,0.1324,raw_logs/sneha_singh/task3_gan/train_full_light.log
earlier_run_32filters,epoch 80,training,cycle_loss,1.7643,raw_logs/sneha_singh/task3_gan/train_full_light.log
earlier_run_32filters,epoch 80,training,identity_loss,0.7912,raw_logs/sneha_singh/task3_gan/train_full_light.log
earlier_run_32filters,epoch 80,training,grad_norm_sum,nan,raw_logs/sneha_singh/task3_gan/train_full_light.log
earlier_run_32filters,epoch 80,training,nan_count_cum,0,raw_logs/sneha_singh/task3_gan/train_full_light.log
earlier_run_32filters,epoch 81,training,g_loss,4.0637,raw_logs/sneha_singh/task3_gan/train_full_light.log
earlier_run_32filters,epoch 81,training,d_loss,0.1260,raw_logs/sneha_singh/task3_gan/train_full_light.log
earlier_run_32filters,epoch 81,training,cycle_loss,1.7610,raw_logs/sneha_singh/task3_gan/train_full_light.log
earlier_run_32filters,epoch 81,training,identity_loss,0.7890,raw_logs/sneha_singh/task3_gan/train_full_light.log
earlier_run_32filters,epoch 81,training,grad_norm_sum,111.2808,raw_logs/sneha_singh/task3_gan/train_full_light.log
earlier_run_32filters,epoch 81,training,nan_count_cum,0,raw_logs/sneha_singh/task3_gan/train_full_light.log
earlier_run_32filters,epoch 82,training,g_loss,4.0411,raw_logs/sneha_singh/task3_gan/train_full_light.log
earlier_run_32filters,epoch 82,training,d_loss,0.1277,raw_logs/sneha_singh/task3_gan/train_full_light.log
earlier_run_32filters,epoch 82,training,cycle_loss,1.7419,raw_logs/sneha_singh/task3_gan/train_full_light.log
earlier_run_32filters,epoch 82,training,identity_loss,0.7791,raw_logs/sneha_singh/task3_gan/train_full_light.log
earlier_run_32filters,epoch 82,training,grad_norm_sum,110.8719,raw_logs/sneha_singh/task3_gan/train_full_light.log
earlier_run_32filters,epoch 82,training,nan_count_cum,0,raw_logs/sneha_singh/task3_gan/train_full_light.log
earlier_run_32filters,epoch 83,training,g_loss,4.0401,raw_logs/sneha_singh/task3_gan/train_full_light.log
earlier_run_32filters,epoch 83,training,d_loss,0.1271,raw_logs/sneha_singh/task3_gan/train_full_light.log
earlier_run_32filters,epoch 83,training,cycle_loss,1.7412,raw_logs/sneha_singh/task3_gan/train_full_light.log
earlier_run_32filters,epoch 83,training,identity_loss,0.7822,raw_logs/sneha_singh/task3_gan/train_full_light.log
earlier_run_32filters,epoch 83,training,grad_norm_sum,nan,raw_logs/sneha_singh/task3_gan/train_full_light.log
earlier_run_32filters,epoch 83,training,nan_count_cum,0,raw_logs/sneha_singh/task3_gan/train_full_light.log
earlier_run_32filters,epoch 84,training,g_loss,4.0439,raw_logs/sneha_singh/task3_gan/train_full_light.log
earlier_run_32filters,epoch 84,training,d_loss,0.1247,raw_logs/sneha_singh/task3_gan/train_full_light.log
earlier_run_32filters,epoch 84,training,cycle_loss,1.7324,raw_logs/sneha_singh/task3_gan/train_full_light.log
earlier_run_32filters,epoch 84,training,identity_loss,0.7770,raw_logs/sneha_singh/task3_gan/train_full_light.log
earlier_run_32filters,epoch 84,training,grad_norm_sum,113.1083,raw_logs/sneha_singh/task3_gan/train_full_light.log
earlier_run_32filters,epoch 84,training,nan_count_cum,0,raw_logs/sneha_singh/task3_gan/train_full_light.log
earlier_run_32filters,epoch 85,training,g_loss,4.0284,raw_logs/sneha_singh/task3_gan/train_full_light.log
earlier_run_32filters,epoch 85,training,d_loss,0.1227,raw_logs/sneha_singh/task3_gan/train_full_light.log
earlier_run_32filters,epoch 85,training,cycle_loss,1.7183,raw_logs/sneha_singh/task3_gan/train_full_light.log
earlier_run_32filters,epoch 85,training,identity_loss,0.7684,raw_logs/sneha_singh/task3_gan/train_full_light.log
earlier_run_32filters,epoch 85,training,grad_norm_sum,115.9452,raw_logs/sneha_singh/task3_gan/train_full_light.log
earlier_run_32filters,epoch 85,training,nan_count_cum,0,raw_logs/sneha_singh/task3_gan/train_full_light.log
earlier_run_32filters,epoch 86,training,g_loss,3.9887,raw_logs/sneha_singh/task3_gan/train_full_light.log
earlier_run_32filters,epoch 86,training,d_loss,0.1204,raw_logs/sneha_singh/task3_gan/train_full_light.log
earlier_run_32filters,epoch 86,training,cycle_loss,1.7008,raw_logs/sneha_singh/task3_gan/train_full_light.log
earlier_run_32filters,epoch 86,training,identity_loss,0.7610,raw_logs/sneha_singh/task3_gan/train_full_light.log
earlier_run_32filters,epoch 86,training,grad_norm_sum,114.4167,raw_logs/sneha_singh/task3_gan/train_full_light.log
earlier_run_32filters,epoch 86,training,nan_count_cum,0,raw_logs/sneha_singh/task3_gan/train_full_light.log
earlier_run_32filters,epoch 87,training,g_loss,3.9911,raw_logs/sneha_singh/task3_gan/train_full_light.log
earlier_run_32filters,epoch 87,training,d_loss,0.1196,raw_logs/sneha_singh/task3_gan/train_full_light.log
earlier_run_32filters,epoch 87,training,cycle_loss,1.6968,raw_logs/sneha_singh/task3_gan/train_full_light.log
earlier_run_32filters,epoch 87,training,identity_loss,0.7604,raw_logs/sneha_singh/task3_gan/train_full_light.log
earlier_run_32filters,epoch 87,training,grad_norm_sum,114.5940,raw_logs/sneha_singh/task3_gan/train_full_light.log
earlier_run_32filters,epoch 87,training,nan_count_cum,0,raw_logs/sneha_singh/task3_gan/train_full_light.log
earlier_run_32filters,epoch 88,training,g_loss,3.9828,raw_logs/sneha_singh/task3_gan/train_full_light.log
earlier_run_32filters,epoch 88,training,d_loss,0.1163,raw_logs/sneha_singh/task3_gan/train_full_light.log
earlier_run_32filters,epoch 88,training,cycle_loss,1.6760,raw_logs/sneha_singh/task3_gan/train_full_light.log
earlier_run_32filters,epoch 88,training,identity_loss,0.7538,raw_logs/sneha_singh/task3_gan/train_full_light.log
earlier_run_32filters,epoch 88,training,grad_norm_sum,nan,raw_logs/sneha_singh/task3_gan/train_full_light.log
earlier_run_32filters,epoch 88,training,nan_count_cum,0,raw_logs/sneha_singh/task3_gan/train_full_light.log
earlier_run_32filters,epoch 89,training,g_loss,3.9821,raw_logs/sneha_singh/task3_gan/train_full_light.log
earlier_run_32filters,epoch 89,training,d_loss,0.1185,raw_logs/sneha_singh/task3_gan/train_full_light.log
earlier_run_32filters,epoch 89,training,cycle_loss,1.6796,raw_logs/sneha_singh/task3_gan/train_full_light.log
earlier_run_32filters,epoch 89,training,identity_loss,0.7534,raw_logs/sneha_singh/task3_gan/train_full_light.log
earlier_run_32filters,epoch 89,training,grad_norm_sum,nan,raw_logs/sneha_singh/task3_gan/train_full_light.log
earlier_run_32filters,epoch 89,training,nan_count_cum,0,raw_logs/sneha_singh/task3_gan/train_full_light.log
earlier_run_32filters,epoch 90,training,g_loss,3.9777,raw_logs/sneha_singh/task3_gan/train_full_light.log
earlier_run_32filters,epoch 90,training,d_loss,0.1154,raw_logs/sneha_singh/task3_gan/train_full_light.log
earlier_run_32filters,epoch 90,training,cycle_loss,1.6638,raw_logs/sneha_singh/task3_gan/train_full_light.log
earlier_run_32filters,epoch 90,training,identity_loss,0.7482,raw_logs/sneha_singh/task3_gan/train_full_light.log
earlier_run_32filters,epoch 90,training,grad_norm_sum,120.1788,raw_logs/sneha_singh/task3_gan/train_full_light.log
earlier_run_32filters,epoch 90,training,nan_count_cum,0,raw_logs/sneha_singh/task3_gan/train_full_light.log
earlier_run_32filters,epoch 91,training,g_loss,3.9692,raw_logs/sneha_singh/task3_gan/train_full_light.log
earlier_run_32filters,epoch 91,training,d_loss,0.1135,raw_logs/sneha_singh/task3_gan/train_full_light.log
earlier_run_32filters,epoch 91,training,cycle_loss,1.6564,raw_logs/sneha_singh/task3_gan/train_full_light.log
earlier_run_32filters,epoch 91,training,identity_loss,0.7462,raw_logs/sneha_singh/task3_gan/train_full_light.log
earlier_run_32filters,epoch 91,training,grad_norm_sum,120.7251,raw_logs/sneha_singh/task3_gan/train_full_light.log
earlier_run_32filters,epoch 91,training,nan_count_cum,0,raw_logs/sneha_singh/task3_gan/train_full_light.log
earlier_run_32filters,epoch 92,training,g_loss,3.9751,raw_logs/sneha_singh/task3_gan/train_full_light.log
earlier_run_32filters,epoch 92,training,d_loss,0.1127,raw_logs/sneha_singh/task3_gan/train_full_light.log
earlier_run_32filters,epoch 92,training,cycle_loss,1.6613,raw_logs/sneha_singh/task3_gan/train_full_light.log
earlier_run_32filters,epoch 92,training,identity_loss,0.7476,raw_logs/sneha_singh/task3_gan/train_full_light.log
earlier_run_32filters,epoch 92,training,grad_norm_sum,nan,raw_logs/sneha_singh/task3_gan/train_full_light.log
earlier_run_32filters,epoch 92,training,nan_count_cum,0,raw_logs/sneha_singh/task3_gan/train_full_light.log
earlier_run_32filters,epoch 93,training,g_loss,3.9596,raw_logs/sneha_singh/task3_gan/train_full_light.log
earlier_run_32filters,epoch 93,training,d_loss,0.1118,raw_logs/sneha_singh/task3_gan/train_full_light.log
earlier_run_32filters,epoch 93,training,cycle_loss,1.6448,raw_logs/sneha_singh/task3_gan/train_full_light.log
earlier_run_32filters,epoch 93,training,identity_loss,0.7394,raw_logs/sneha_singh/task3_gan/train_full_light.log
earlier_run_32filters,epoch 93,training,grad_norm_sum,122.1295,raw_logs/sneha_singh/task3_gan/train_full_light.log
earlier_run_32filters,epoch 93,training,nan_count_cum,0,raw_logs/sneha_singh/task3_gan/train_full_light.log
earlier_run_32filters,epoch 94,training,g_loss,3.9497,raw_logs/sneha_singh/task3_gan/train_full_light.log
earlier_run_32filters,epoch 94,training,d_loss,0.1083,raw_logs/sneha_singh/task3_gan/train_full_light.log
earlier_run_32filters,epoch 94,training,cycle_loss,1.6348,raw_logs/sneha_singh/task3_gan/train_full_light.log
earlier_run_32filters,epoch 94,training,identity_loss,0.7346,raw_logs/sneha_singh/task3_gan/train_full_light.log
earlier_run_32filters,epoch 94,training,grad_norm_sum,121.5969,raw_logs/sneha_singh/task3_gan/train_full_light.log
earlier_run_32filters,epoch 94,training,nan_count_cum,0,raw_logs/sneha_singh/task3_gan/train_full_light.log
earlier_run_32filters,epoch 95,training,g_loss,3.9510,raw_logs/sneha_singh/task3_gan/train_full_light.log
earlier_run_32filters,epoch 95,training,d_loss,0.1083,raw_logs/sneha_singh/task3_gan/train_full_light.log
earlier_run_32filters,epoch 95,training,cycle_loss,1.6267,raw_logs/sneha_singh/task3_gan/train_full_light.log
earlier_run_32filters,epoch 95,training,identity_loss,0.7364,raw_logs/sneha_singh/task3_gan/train_full_light.log
earlier_run_32filters,epoch 95,training,grad_norm_sum,nan,raw_logs/sneha_singh/task3_gan/train_full_light.log
earlier_run_32filters,epoch 95,training,nan_count_cum,0,raw_logs/sneha_singh/task3_gan/train_full_light.log
earlier_run_32filters,epoch 96,training,g_loss,3.9430,raw_logs/sneha_singh/task3_gan/train_full_light.log
earlier_run_32filters,epoch 96,training,d_loss,0.1078,raw_logs/sneha_singh/task3_gan/train_full_light.log
earlier_run_32filters,epoch 96,training,cycle_loss,1.6191,raw_logs/sneha_singh/task3_gan/train_full_light.log
earlier_run_32filters,epoch 96,training,identity_loss,0.7337,raw_logs/sneha_singh/task3_gan/train_full_light.log
earlier_run_32filters,epoch 96,training,grad_norm_sum,126.2686,raw_logs/sneha_singh/task3_gan/train_full_light.log
earlier_run_32filters,epoch 96,training,nan_count_cum,0,raw_logs/sneha_singh/task3_gan/train_full_light.log
earlier_run_32filters,epoch 97,training,g_loss,3.9153,raw_logs/sneha_singh/task3_gan/train_full_light.log
earlier_run_32filters,epoch 97,training,d_loss,0.1056,raw_logs/sneha_singh/task3_gan/train_full_light.log
earlier_run_32filters,epoch 97,training,cycle_loss,1.6058,raw_logs/sneha_singh/task3_gan/train_full_light.log
earlier_run_32filters,epoch 97,training,identity_loss,0.7285,raw_logs/sneha_singh/task3_gan/train_full_light.log
earlier_run_32filters,epoch 97,training,grad_norm_sum,124.2664,raw_logs/sneha_singh/task3_gan/train_full_light.log
earlier_run_32filters,epoch 97,training,nan_count_cum,0,raw_logs/sneha_singh/task3_gan/train_full_light.log
earlier_run_32filters,epoch 98,training,g_loss,3.9312,raw_logs/sneha_singh/task3_gan/train_full_light.log
earlier_run_32filters,epoch 98,training,d_loss,0.1042,raw_logs/sneha_singh/task3_gan/train_full_light.log
earlier_run_32filters,epoch 98,training,cycle_loss,1.6027,raw_logs/sneha_singh/task3_gan/train_full_light.log
earlier_run_32filters,epoch 98,training,identity_loss,0.7245,raw_logs/sneha_singh/task3_gan/train_full_light.log
earlier_run_32filters,epoch 98,training,grad_norm_sum,nan,raw_logs/sneha_singh/task3_gan/train_full_light.log
earlier_run_32filters,epoch 98,training,nan_count_cum,0,raw_logs/sneha_singh/task3_gan/train_full_light.log
earlier_run_32filters,epoch 99,training,g_loss,3.9132,raw_logs/sneha_singh/task3_gan/train_full_light.log
earlier_run_32filters,epoch 99,training,d_loss,0.1036,raw_logs/sneha_singh/task3_gan/train_full_light.log
earlier_run_32filters,epoch 99,training,cycle_loss,1.5976,raw_logs/sneha_singh/task3_gan/train_full_light.log
earlier_run_32filters,epoch 99,training,identity_loss,0.7230,raw_logs/sneha_singh/task3_gan/train_full_light.log
earlier_run_32filters,epoch 99,training,grad_norm_sum,125.2822,raw_logs/sneha_singh/task3_gan/train_full_light.log
earlier_run_32filters,epoch 99,training,nan_count_cum,0,raw_logs/sneha_singh/task3_gan/train_full_light.log
earlier_run_32filters,epoch 100,training,g_loss,3.9174,raw_logs/sneha_singh/task3_gan/train_full_light.log
earlier_run_32filters,epoch 100,training,d_loss,0.1024,raw_logs/sneha_singh/task3_gan/train_full_light.log
earlier_run_32filters,epoch 100,training,cycle_loss,1.5865,raw_logs/sneha_singh/task3_gan/train_full_light.log
earlier_run_32filters,epoch 100,training,identity_loss,0.7207,raw_logs/sneha_singh/task3_gan/train_full_light.log
earlier_run_32filters,epoch 100,training,grad_norm_sum,124.9417,raw_logs/sneha_singh/task3_gan/train_full_light.log
earlier_run_32filters,epoch 100,training,nan_count_cum,0,raw_logs/sneha_singh/task3_gan/train_full_light.log
run_submitted_checkpoint_selection,epoch 93,B2A,fid,98.2911,score_checkpoints.py (Colab L4)
run_submitted_checkpoint_selection,epoch 93,B2A,mifid,0.406,score_checkpoints.py (Colab L4)
run_submitted_checkpoint_selection,epoch 93,A2B,fid,105.2309,score_checkpoints.py (Colab L4)
run_submitted_checkpoint_selection,epoch 93,A2B,mifid,0.4155,score_checkpoints.py (Colab L4)
run_submitted_checkpoint_selection,epoch 93,average_A2B_B2A,score_(FID+MiFID)/2 single pass,51.0859,score_checkpoints.py (Colab L4)
run_submitted_checkpoint_selection,epoch 91,B2A,fid,99.2848,score_checkpoints.py (Colab L4)
run_submitted_checkpoint_selection,epoch 91,B2A,mifid,0.4064,score_checkpoints.py (Colab L4)
run_submitted_checkpoint_selection,epoch 91,A2B,fid,104.4357,score_checkpoints.py (Colab L4)
run_submitted_checkpoint_selection,epoch 91,A2B,mifid,0.4187,score_checkpoints.py (Colab L4)
run_submitted_checkpoint_selection,epoch 91,average_A2B_B2A,score_(FID+MiFID)/2 single pass,51.1364,score_checkpoints.py (Colab L4)
run_submitted_checkpoint_selection,epoch 96,B2A,fid,98.4065,score_checkpoints.py (Colab L4)
run_submitted_checkpoint_selection,epoch 96,B2A,mifid,0.4095,score_checkpoints.py (Colab L4)
run_submitted_checkpoint_selection,epoch 96,A2B,fid,105.7143,score_checkpoints.py (Colab L4)
run_submitted_checkpoint_selection,epoch 96,A2B,mifid,0.4163,score_checkpoints.py (Colab L4)
run_submitted_checkpoint_selection,epoch 96,average_A2B_B2A,score_(FID+MiFID)/2 single pass,51.2366,score_checkpoints.py (Colab L4)
run_submitted_checkpoint_selection,epoch 95,B2A,fid,99.102,score_checkpoints.py (Colab L4)
run_submitted_checkpoint_selection,epoch 95,B2A,mifid,0.4082,score_checkpoints.py (Colab L4)
run_submitted_checkpoint_selection,epoch 95,A2B,fid,105.3977,score_checkpoints.py (Colab L4)
run_submitted_checkpoint_selection,epoch 95,A2B,mifid,0.4162,score_checkpoints.py (Colab L4)
run_submitted_checkpoint_selection,epoch 95,average_A2B_B2A,score_(FID+MiFID)/2 single pass,51.331,score_checkpoints.py (Colab L4)
run_submitted_checkpoint_selection,epoch 87,B2A,fid,99.6574,score_checkpoints.py (Colab L4)
run_submitted_checkpoint_selection,epoch 87,B2A,mifid,0.407,score_checkpoints.py (Colab L4)
run_submitted_checkpoint_selection,epoch 87,A2B,fid,105.9433,score_checkpoints.py (Colab L4)
run_submitted_checkpoint_selection,epoch 87,A2B,mifid,0.4185,score_checkpoints.py (Colab L4)
run_submitted_checkpoint_selection,epoch 87,average_A2B_B2A,score_(FID+MiFID)/2 single pass,51.6066,score_checkpoints.py (Colab L4)
run_submitted_checkpoint_selection,epoch 100,B2A,fid,99.7912,score_checkpoints.py (Colab L4)
run_submitted_checkpoint_selection,epoch 100,B2A,mifid,0.4104,score_checkpoints.py (Colab L4)
run_submitted_checkpoint_selection,epoch 100,A2B,fid,105.9999,score_checkpoints.py (Colab L4)
run_submitted_checkpoint_selection,epoch 100,A2B,mifid,0.4176,score_checkpoints.py (Colab L4)
run_submitted_checkpoint_selection,epoch 100,average_A2B_B2A,score_(FID+MiFID)/2 single pass,51.6548,score_checkpoints.py (Colab L4)
run_submitted_checkpoint_selection,epoch 88,B2A,fid,99.032,score_checkpoints.py (Colab L4)
run_submitted_checkpoint_selection,epoch 88,B2A,mifid,0.4054,score_checkpoints.py (Colab L4)
run_submitted_checkpoint_selection,epoch 88,A2B,fid,106.9457,score_checkpoints.py (Colab L4)
run_submitted_checkpoint_selection,epoch 88,A2B,mifid,0.4175,score_checkpoints.py (Colab L4)
run_submitted_checkpoint_selection,epoch 88,average_A2B_B2A,score_(FID+MiFID)/2 single pass,51.7001,score_checkpoints.py (Colab L4)
run_submitted_checkpoint_selection,epoch 98,B2A,fid,99.7686,score_checkpoints.py (Colab L4)
run_submitted_checkpoint_selection,epoch 98,B2A,mifid,0.4098,score_checkpoints.py (Colab L4)
run_submitted_checkpoint_selection,epoch 98,A2B,fid,106.2365,score_checkpoints.py (Colab L4)
run_submitted_checkpoint_selection,epoch 98,A2B,mifid,0.4182,score_checkpoints.py (Colab L4)
run_submitted_checkpoint_selection,epoch 98,average_A2B_B2A,score_(FID+MiFID)/2 single pass,51.7083,score_checkpoints.py (Colab L4)
run_submitted_checkpoint_selection,epoch 97,B2A,fid,98.8845,score_checkpoints.py (Colab L4)
run_submitted_checkpoint_selection,epoch 97,B2A,mifid,0.4092,score_checkpoints.py (Colab L4)
run_submitted_checkpoint_selection,epoch 97,A2B,fid,107.1326,score_checkpoints.py (Colab L4)
run_submitted_checkpoint_selection,epoch 97,A2B,mifid,0.4183,score_checkpoints.py (Colab L4)
run_submitted_checkpoint_selection,epoch 97,average_A2B_B2A,score_(FID+MiFID)/2 single pass,51.7111,score_checkpoints.py (Colab L4)
run_submitted_checkpoint_selection,epoch 89,B2A,fid,101.478,score_checkpoints.py (Colab L4)
run_submitted_checkpoint_selection,epoch 89,B2A,mifid,0.4052,score_checkpoints.py (Colab L4)
run_submitted_checkpoint_selection,epoch 89,A2B,fid,104.635,score_checkpoints.py (Colab L4)
run_submitted_checkpoint_selection,epoch 89,A2B,mifid,0.415,score_checkpoints.py (Colab L4)
run_submitted_checkpoint_selection,epoch 89,average_A2B_B2A,score_(FID+MiFID)/2 single pass,51.7333,score_checkpoints.py (Colab L4)
run_submitted_checkpoint_selection,epoch 86,B2A,fid,97.611,score_checkpoints.py (Colab L4)
run_submitted_checkpoint_selection,epoch 86,B2A,mifid,0.4064,score_checkpoints.py (Colab L4)
run_submitted_checkpoint_selection,epoch 86,A2B,fid,108.5162,score_checkpoints.py (Colab L4)
run_submitted_checkpoint_selection,epoch 86,A2B,mifid,0.4203,score_checkpoints.py (Colab L4)
run_submitted_checkpoint_selection,epoch 86,average_A2B_B2A,score_(FID+MiFID)/2 single pass,51.7385,score_checkpoints.py (Colab L4)
run_submitted_checkpoint_selection,epoch 94,B2A,fid,101.0296,score_checkpoints.py (Colab L4)
run_submitted_checkpoint_selection,epoch 94,B2A,mifid,0.411,score_checkpoints.py (Colab L4)
run_submitted_checkpoint_selection,epoch 94,A2B,fid,105.1183,score_checkpoints.py (Colab L4)
run_submitted_checkpoint_selection,epoch 94,A2B,mifid,0.4146,score_checkpoints.py (Colab L4)
run_submitted_checkpoint_selection,epoch 94,average_A2B_B2A,score_(FID+MiFID)/2 single pass,51.7434,score_checkpoints.py (Colab L4)
run_submitted_checkpoint_selection,epoch 92,B2A,fid,100.4143,score_checkpoints.py (Colab L4)
run_submitted_checkpoint_selection,epoch 92,B2A,mifid,0.406,score_checkpoints.py (Colab L4)
run_submitted_checkpoint_selection,epoch 92,A2B,fid,106.6552,score_checkpoints.py (Colab L4)
run_submitted_checkpoint_selection,epoch 92,A2B,mifid,0.4178,score_checkpoints.py (Colab L4)
run_submitted_checkpoint_selection,epoch 92,average_A2B_B2A,score_(FID+MiFID)/2 single pass,51.9734,score_checkpoints.py (Colab L4)
run_submitted_checkpoint_selection,epoch 99,B2A,fid,100.8597,score_checkpoints.py (Colab L4)
run_submitted_checkpoint_selection,epoch 99,B2A,mifid,0.4104,score_checkpoints.py (Colab L4)
run_submitted_checkpoint_selection,epoch 99,A2B,fid,106.5271,score_checkpoints.py (Colab L4)
run_submitted_checkpoint_selection,epoch 99,A2B,mifid,0.4183,score_checkpoints.py (Colab L4)
run_submitted_checkpoint_selection,epoch 99,average_A2B_B2A,score_(FID+MiFID)/2 single pass,52.0539,score_checkpoints.py (Colab L4)
run_submitted_checkpoint_selection,epoch 90,B2A,fid,100.6902,score_checkpoints.py (Colab L4)
run_submitted_checkpoint_selection,epoch 90,B2A,mifid,0.4033,score_checkpoints.py (Colab L4)
run_submitted_checkpoint_selection,epoch 90,A2B,fid,106.9053,score_checkpoints.py (Colab L4)
run_submitted_checkpoint_selection,epoch 90,A2B,mifid,0.4167,score_checkpoints.py (Colab L4)
run_submitted_checkpoint_selection,epoch 90,average_A2B_B2A,score_(FID+MiFID)/2 single pass,52.1039,score_checkpoints.py (Colab L4)
run_submitted_inference_variants,"epoch 93, A2B single pass",A2B,fid,105.23,professor script (Colab L4)
run_submitted_inference_variants,"epoch 93, A2B single pass",average_A2B_B2A,score_(FID+MiFID)/2,51.09,with B2A single pass (98.29)
run_submitted_inference_variants,"epoch 93, A2B flip (2 views)",A2B,fid,102.75,professor script (Colab L4)
run_submitted_inference_variants,"epoch 93, A2B flip (2 views)",average_A2B_B2A,score_(FID+MiFID)/2,50.47,with B2A single pass (98.29)
run_submitted_inference_variants,"epoch 93, A2B 6 views (submitted)",A2B,fid,101.39,professor script (Colab L4)
run_submitted_inference_variants,"epoch 93, A2B 6 views (submitted)",average_A2B_B2A,score_(FID+MiFID)/2,50.13,with B2A single pass (98.29)
run_submitted_inference_variants,"epoch 93, A2B 10 views (4 px)",A2B,fid,101.81,professor script (Colab L4)
run_submitted_inference_variants,"epoch 93, A2B 10 views (8 px)",A2B,fid,101.58,professor script (Colab L4)
run_submitted_inference_variants,"epochs 93+94, A2B 6 views each",A2B,fid,100.93,professor script (Colab L4)
run_submitted_inference_variants,"epochs 93+94, A2B 6 views each",average_A2B_B2A,score_(FID+MiFID)/2,50.01,with B2A single pass (98.29)
run_submitted_inference_variants,"epoch 93, B2A 4 shifts (2 px)",B2A,fid,101.19,"professor script (Colab L4), not used"
finetune_ema_from_epoch93,ft_ema_13.pt,B2A,fid_b2a,98.724,"finetune_ema.py (Colab L4), not submitted"
finetune_ema_from_epoch93,ft_ema_13.pt,A2B,fid_a2b_flip,103.542,"finetune_ema.py (Colab L4), not submitted"
finetune_ema_from_epoch93,ft_ema_13.pt,average_A2B_B2A,score_a2b_flip,50.7732,"finetune_ema.py (Colab L4), not submitted"
finetune_ema_from_epoch93,ft_ema_17.pt,B2A,fid_b2a,98.76,"finetune_ema.py (Colab L4), not submitted"
finetune_ema_from_epoch93,ft_ema_17.pt,A2B,fid_a2b_flip,103.516,"finetune_ema.py (Colab L4), not submitted"
finetune_ema_from_epoch93,ft_ema_17.pt,average_A2B_B2A,score_a2b_flip,50.7756,"finetune_ema.py (Colab L4), not submitted"
finetune_ema_from_epoch93,ft_ema_14.pt,B2A,fid_b2a,98.415,"finetune_ema.py (Colab L4), not submitted"
finetune_ema_from_epoch93,ft_ema_14.pt,A2B,fid_a2b_flip,103.959,"finetune_ema.py (Colab L4), not submitted"
finetune_ema_from_epoch93,ft_ema_14.pt,average_A2B_B2A,score_a2b_flip,50.8001,"finetune_ema.py (Colab L4), not submitted"
finetune_ema_from_epoch93,ft_ema_19.pt,B2A,fid_b2a,99.012,"finetune_ema.py (Colab L4), not submitted"
finetune_ema_from_epoch93,ft_ema_19.pt,A2B,fid_a2b_flip,103.496,"finetune_ema.py (Colab L4), not submitted"
finetune_ema_from_epoch93,ft_ema_19.pt,average_A2B_B2A,score_a2b_flip,50.8341,"finetune_ema.py (Colab L4), not submitted"
finetune_ema_from_epoch93,ft_ema_15.pt,B2A,fid_b2a,98.362,"finetune_ema.py (Colab L4), not submitted"
finetune_ema_from_epoch93,ft_ema_15.pt,A2B,fid_a2b_flip,104.22,"finetune_ema.py (Colab L4), not submitted"
finetune_ema_from_epoch93,ft_ema_15.pt,average_A2B_B2A,score_a2b_flip,50.8526,"finetune_ema.py (Colab L4), not submitted"
finetune_ema_from_epoch93,ft_ema_16.pt,B2A,fid_b2a,98.528,"finetune_ema.py (Colab L4), not submitted"
finetune_ema_from_epoch93,ft_ema_16.pt,A2B,fid_a2b_flip,104.076,"finetune_ema.py (Colab L4), not submitted"
finetune_ema_from_epoch93,ft_ema_16.pt,average_A2B_B2A,score_a2b_flip,50.858,"finetune_ema.py (Colab L4), not submitted"
finetune_ema_from_epoch93,ft_ema_20.pt,B2A,fid_b2a,99.214,"finetune_ema.py (Colab L4), not submitted"
finetune_ema_from_epoch93,ft_ema_20.pt,A2B,fid_a2b_flip,103.411,"finetune_ema.py (Colab L4), not submitted"
finetune_ema_from_epoch93,ft_ema_20.pt,average_A2B_B2A,score_a2b_flip,50.8633,"finetune_ema.py (Colab L4), not submitted"
finetune_ema_from_epoch93,ft_ema_18.pt,B2A,fid_b2a,99.326,"finetune_ema.py (Colab L4), not submitted"
finetune_ema_from_epoch93,ft_ema_18.pt,A2B,fid_a2b_flip,103.334,"finetune_ema.py (Colab L4), not submitted"
finetune_ema_from_epoch93,ft_ema_18.pt,average_A2B_B2A,score_a2b_flip,50.872,"finetune_ema.py (Colab L4), not submitted"
earlier_run_100ep_ngf64,"earlier best.pt (epoch 100, ngf 64, replaced)",A2B,fid,108.122,"Colab L4, professor script (notebook)"
earlier_run_100ep_ngf64,"earlier best.pt (epoch 100, ngf 64, replaced)",A2B,kid,0.0257,evaluate_local.py on outputs/pred_* (Apple MPS)
earlier_run_100ep_ngf64,"earlier best.pt (epoch 100, ngf 64, replaced)",A2B,mifid,0.4217,"Colab L4, professor script (notebook)"
earlier_run_100ep_ngf64,"earlier best.pt (epoch 100, ngf 64, replaced)",A2B,precision,0.61,evaluate_local.py on outputs/pred_* (Apple MPS)
earlier_run_100ep_ngf64,"earlier best.pt (epoch 100, ngf 64, replaced)",A2B,recall,0.113,evaluate_local.py on outputs/pred_* (Apple MPS)
earlier_run_100ep_ngf64,"earlier best.pt (epoch 100, ngf 64, replaced)",A2B,cycle_l1,0.0885,notebook cycle-L1 cell
earlier_run_100ep_ngf64,"earlier best.pt (epoch 100, ngf 64, replaced)",A2B,lpips,0.2743,evaluate_local.py on outputs/pred_* (Apple MPS)
earlier_run_100ep_ngf64,"earlier best.pt (epoch 100, ngf 64, replaced)",A2B,content_cosine,0.688,evaluate_local.py on outputs/pred_* (Apple MPS)
earlier_run_100ep_ngf64,"earlier best.pt (epoch 100, ngf 64, replaced)",A2B,g_loss,8.5053,raw log / notebook (training)
earlier_run_100ep_ngf64,"earlier best.pt (epoch 100, ngf 64, replaced)",A2B,d_loss,0.0941,raw log / notebook (training)
earlier_run_100ep_ngf64,"earlier best.pt (epoch 100, ngf 64, replaced)",A2B,cycle_loss,1.6758,raw log / notebook (training)
earlier_run_100ep_ngf64,"earlier best.pt (epoch 100, ngf 64, replaced)",A2B,identity_loss,5.2234,raw log / notebook (training)
earlier_run_100ep_ngf64,"earlier best.pt (epoch 100, ngf 64, replaced)",A2B,grad_norm,268.4072,raw log / notebook (training)
earlier_run_100ep_ngf64,"earlier best.pt (epoch 100, ngf 64, replaced)",A2B,nan_count,0,raw log / notebook (training)
earlier_run_100ep_ngf64,"earlier best.pt (epoch 100, ngf 64, replaced)",A2B,param_count,28273544,raw log / notebook (training)
earlier_run_100ep_ngf64,"earlier best.pt (epoch 100, ngf 64, replaced)",A2B,train_time_sec,14348.8,raw log / notebook (training)
earlier_run_100ep_ngf64,"earlier best.pt (epoch 100, ngf 64, replaced)",A2B,images_per_sec,16.726,raw log / notebook (training)
earlier_run_100ep_ngf64,"earlier best.pt (epoch 100, ngf 64, replaced)",A2B,peak_memory_mb,6570.4,raw log / notebook (training)
earlier_run_100ep_ngf64,"earlier best.pt (epoch 100, ngf 64, replaced)",B2A,fid,105.906,"Colab L4, professor script (notebook)"
earlier_run_100ep_ngf64,"earlier best.pt (epoch 100, ngf 64, replaced)",B2A,kid,0.0214,evaluate_local.py on outputs/pred_* (Apple MPS)
earlier_run_100ep_ngf64,"earlier best.pt (epoch 100, ngf 64, replaced)",B2A,mifid,0.4122,"Colab L4, professor script (notebook)"
earlier_run_100ep_ngf64,"earlier best.pt (epoch 100, ngf 64, replaced)",B2A,precision,0.3923,evaluate_local.py on outputs/pred_* (Apple MPS)
earlier_run_100ep_ngf64,"earlier best.pt (epoch 100, ngf 64, replaced)",B2A,recall,0.41,evaluate_local.py on outputs/pred_* (Apple MPS)
earlier_run_100ep_ngf64,"earlier best.pt (epoch 100, ngf 64, replaced)",B2A,cycle_l1,0.0763,notebook cycle-L1 cell
earlier_run_100ep_ngf64,"earlier best.pt (epoch 100, ngf 64, replaced)",B2A,lpips,0.2787,evaluate_local.py on outputs/pred_* (Apple MPS)
earlier_run_100ep_ngf64,"earlier best.pt (epoch 100, ngf 64, replaced)",B2A,content_cosine,0.717,evaluate_local.py on outputs/pred_* (Apple MPS)
earlier_run_100ep_ngf64,"earlier best.pt (epoch 100, ngf 64, replaced)",B2A,g_loss,8.5053,raw log / notebook (training)
earlier_run_100ep_ngf64,"earlier best.pt (epoch 100, ngf 64, replaced)",B2A,d_loss,0.0941,raw log / notebook (training)
earlier_run_100ep_ngf64,"earlier best.pt (epoch 100, ngf 64, replaced)",B2A,cycle_loss,1.6758,raw log / notebook (training)
earlier_run_100ep_ngf64,"earlier best.pt (epoch 100, ngf 64, replaced)",B2A,identity_loss,5.2234,raw log / notebook (training)
earlier_run_100ep_ngf64,"earlier best.pt (epoch 100, ngf 64, replaced)",B2A,grad_norm,268.4072,raw log / notebook (training)
earlier_run_100ep_ngf64,"earlier best.pt (epoch 100, ngf 64, replaced)",B2A,nan_count,0,raw log / notebook (training)
earlier_run_100ep_ngf64,"earlier best.pt (epoch 100, ngf 64, replaced)",B2A,param_count,28273544,raw log / notebook (training)
earlier_run_100ep_ngf64,"earlier best.pt (epoch 100, ngf 64, replaced)",B2A,train_time_sec,14348.8,raw log / notebook (training)
earlier_run_100ep_ngf64,"earlier best.pt (epoch 100, ngf 64, replaced)",B2A,images_per_sec,16.726,raw log / notebook (training)
earlier_run_100ep_ngf64,"earlier best.pt (epoch 100, ngf 64, replaced)",B2A,peak_memory_mb,6570.4,raw log / notebook (training)
earlier_run_100ep_ngf64,"earlier best.pt (epoch 100, ngf 64, replaced)",average_A2B_B2A,submission_FID,107.01382976154575,"submission.csv (Colab L4, professor script)"
earlier_run_100ep_ngf64,"earlier best.pt (epoch 100, ngf 64, replaced)",average_A2B_B2A,submission_MiFID,0.4169285297393799,"submission.csv (Colab L4, professor script)"
earlier_run_100ep_ngf64,"earlier best.pt (epoch 100, ngf 64, replaced)",average_A2B_B2A,score_(FID+MiFID)/2,53.7154,computed from submission.csv
earlier_run_100ep_ngf64,"earlier best.pt (epoch 100, ngf 64, replaced)",average_A2B_B2A,score_(FID+MiFID)/2_apple_mps_rerun,54.3143,"score_checkpoints.py, same checkpoint on Apple MPS"
earlier_run_100ep_ngf64,epoch 1,training,g_loss,30.9069,raw_logs/sneha_singh/task3_gan/train_full_100ep.log
earlier_run_100ep_ngf64,epoch 1,training,d_loss,0.4193,raw_logs/sneha_singh/task3_gan/train_full_100ep.log
earlier_run_100ep_ngf64,epoch 1,training,cycle_loss,5.4685,raw_logs/sneha_singh/task3_gan/train_full_100ep.log
earlier_run_100ep_ngf64,epoch 1,training,identity_loss,24.4994,raw_logs/sneha_singh/task3_gan/train_full_100ep.log
earlier_run_100ep_ngf64,epoch 1,training,grad_norm_sum,inf,raw_logs/sneha_singh/task3_gan/train_full_100ep.log
earlier_run_100ep_ngf64,epoch 1,training,nan_count_cum,0,raw_logs/sneha_singh/task3_gan/train_full_100ep.log
earlier_run_100ep_ngf64,epoch 2,training,g_loss,25.2869,raw_logs/sneha_singh/task3_gan/train_full_100ep.log
earlier_run_100ep_ngf64,epoch 2,training,d_loss,0.2221,raw_logs/sneha_singh/task3_gan/train_full_100ep.log
earlier_run_100ep_ngf64,epoch 2,training,cycle_loss,4.5063,raw_logs/sneha_singh/task3_gan/train_full_100ep.log
earlier_run_100ep_ngf64,epoch 2,training,identity_loss,19.5024,raw_logs/sneha_singh/task3_gan/train_full_100ep.log
earlier_run_100ep_ngf64,epoch 2,training,grad_norm_sum,549.9861,raw_logs/sneha_singh/task3_gan/train_full_100ep.log
earlier_run_100ep_ngf64,epoch 2,training,nan_count_cum,0,raw_logs/sneha_singh/task3_gan/train_full_100ep.log
earlier_run_100ep_ngf64,epoch 3,training,g_loss,23.7614,raw_logs/sneha_singh/task3_gan/train_full_100ep.log
earlier_run_100ep_ngf64,epoch 3,training,d_loss,0.2273,raw_logs/sneha_singh/task3_gan/train_full_100ep.log
earlier_run_100ep_ngf64,epoch 3,training,cycle_loss,4.2391,raw_logs/sneha_singh/task3_gan/train_full_100ep.log
earlier_run_100ep_ngf64,epoch 3,training,identity_loss,18.1682,raw_logs/sneha_singh/task3_gan/train_full_100ep.log
earlier_run_100ep_ngf64,epoch 3,training,grad_norm_sum,505.7825,raw_logs/sneha_singh/task3_gan/train_full_100ep.log
earlier_run_100ep_ngf64,epoch 3,training,nan_count_cum,0,raw_logs/sneha_singh/task3_gan/train_full_100ep.log
earlier_run_100ep_ngf64,epoch 4,training,g_loss,22.1459,raw_logs/sneha_singh/task3_gan/train_full_100ep.log
earlier_run_100ep_ngf64,epoch 4,training,d_loss,0.1564,raw_logs/sneha_singh/task3_gan/train_full_100ep.log
earlier_run_100ep_ngf64,epoch 4,training,cycle_loss,4.0001,raw_logs/sneha_singh/task3_gan/train_full_100ep.log
earlier_run_100ep_ngf64,epoch 4,training,identity_loss,16.7670,raw_logs/sneha_singh/task3_gan/train_full_100ep.log
earlier_run_100ep_ngf64,epoch 4,training,grad_norm_sum,481.5382,raw_logs/sneha_singh/task3_gan/train_full_100ep.log
earlier_run_100ep_ngf64,epoch 4,training,nan_count_cum,0,raw_logs/sneha_singh/task3_gan/train_full_100ep.log
earlier_run_100ep_ngf64,epoch 5,training,g_loss,21.5087,raw_logs/sneha_singh/task3_gan/train_full_100ep.log
earlier_run_100ep_ngf64,epoch 5,training,d_loss,0.1697,raw_logs/sneha_singh/task3_gan/train_full_100ep.log
earlier_run_100ep_ngf64,epoch 5,training,cycle_loss,3.8808,raw_logs/sneha_singh/task3_gan/train_full_100ep.log
earlier_run_100ep_ngf64,epoch 5,training,identity_loss,16.2809,raw_logs/sneha_singh/task3_gan/train_full_100ep.log
earlier_run_100ep_ngf64,epoch 5,training,grad_norm_sum,475.4751,raw_logs/sneha_singh/task3_gan/train_full_100ep.log
earlier_run_100ep_ngf64,epoch 5,training,nan_count_cum,0,raw_logs/sneha_singh/task3_gan/train_full_100ep.log
earlier_run_100ep_ngf64,epoch 6,training,g_loss,20.8075,raw_logs/sneha_singh/task3_gan/train_full_100ep.log
earlier_run_100ep_ngf64,epoch 6,training,d_loss,0.1870,raw_logs/sneha_singh/task3_gan/train_full_100ep.log
earlier_run_100ep_ngf64,epoch 6,training,cycle_loss,3.8075,raw_logs/sneha_singh/task3_gan/train_full_100ep.log
earlier_run_100ep_ngf64,epoch 6,training,identity_loss,15.6672,raw_logs/sneha_singh/task3_gan/train_full_100ep.log
earlier_run_100ep_ngf64,epoch 6,training,grad_norm_sum,nan,raw_logs/sneha_singh/task3_gan/train_full_100ep.log
earlier_run_100ep_ngf64,epoch 6,training,nan_count_cum,0,raw_logs/sneha_singh/task3_gan/train_full_100ep.log
earlier_run_100ep_ngf64,epoch 7,training,g_loss,19.8339,raw_logs/sneha_singh/task3_gan/train_full_100ep.log
earlier_run_100ep_ngf64,epoch 7,training,d_loss,0.1893,raw_logs/sneha_singh/task3_gan/train_full_100ep.log
earlier_run_100ep_ngf64,epoch 7,training,cycle_loss,3.6261,raw_logs/sneha_singh/task3_gan/train_full_100ep.log
earlier_run_100ep_ngf64,epoch 7,training,identity_loss,14.8784,raw_logs/sneha_singh/task3_gan/train_full_100ep.log
earlier_run_100ep_ngf64,epoch 7,training,grad_norm_sum,442.5149,raw_logs/sneha_singh/task3_gan/train_full_100ep.log
earlier_run_100ep_ngf64,epoch 7,training,nan_count_cum,0,raw_logs/sneha_singh/task3_gan/train_full_100ep.log
earlier_run_100ep_ngf64,epoch 8,training,g_loss,19.2101,raw_logs/sneha_singh/task3_gan/train_full_100ep.log
earlier_run_100ep_ngf64,epoch 8,training,d_loss,0.1721,raw_logs/sneha_singh/task3_gan/train_full_100ep.log
earlier_run_100ep_ngf64,epoch 8,training,cycle_loss,3.5286,raw_logs/sneha_singh/task3_gan/train_full_100ep.log
earlier_run_100ep_ngf64,epoch 8,training,identity_loss,14.3049,raw_logs/sneha_singh/task3_gan/train_full_100ep.log
earlier_run_100ep_ngf64,epoch 8,training,grad_norm_sum,444.8317,raw_logs/sneha_singh/task3_gan/train_full_100ep.log
earlier_run_100ep_ngf64,epoch 8,training,nan_count_cum,0,raw_logs/sneha_singh/task3_gan/train_full_100ep.log
earlier_run_100ep_ngf64,epoch 9,training,g_loss,19.2651,raw_logs/sneha_singh/task3_gan/train_full_100ep.log
earlier_run_100ep_ngf64,epoch 9,training,d_loss,0.1619,raw_logs/sneha_singh/task3_gan/train_full_100ep.log
earlier_run_100ep_ngf64,epoch 9,training,cycle_loss,3.5739,raw_logs/sneha_singh/task3_gan/train_full_100ep.log
earlier_run_100ep_ngf64,epoch 9,training,identity_loss,14.2867,raw_logs/sneha_singh/task3_gan/train_full_100ep.log
earlier_run_100ep_ngf64,epoch 9,training,grad_norm_sum,448.5905,raw_logs/sneha_singh/task3_gan/train_full_100ep.log
earlier_run_100ep_ngf64,epoch 9,training,nan_count_cum,0,raw_logs/sneha_singh/task3_gan/train_full_100ep.log
earlier_run_100ep_ngf64,epoch 10,training,g_loss,18.8767,raw_logs/sneha_singh/task3_gan/train_full_100ep.log
earlier_run_100ep_ngf64,epoch 10,training,d_loss,0.1496,raw_logs/sneha_singh/task3_gan/train_full_100ep.log
earlier_run_100ep_ngf64,epoch 10,training,cycle_loss,3.4893,raw_logs/sneha_singh/task3_gan/train_full_100ep.log
earlier_run_100ep_ngf64,epoch 10,training,identity_loss,13.9285,raw_logs/sneha_singh/task3_gan/train_full_100ep.log
earlier_run_100ep_ngf64,epoch 10,training,grad_norm_sum,442.5793,raw_logs/sneha_singh/task3_gan/train_full_100ep.log
earlier_run_100ep_ngf64,epoch 10,training,nan_count_cum,0,raw_logs/sneha_singh/task3_gan/train_full_100ep.log
earlier_run_100ep_ngf64,epoch 11,training,g_loss,17.9232,raw_logs/sneha_singh/task3_gan/train_full_100ep.log
earlier_run_100ep_ngf64,epoch 11,training,d_loss,0.2137,raw_logs/sneha_singh/task3_gan/train_full_100ep.log
earlier_run_100ep_ngf64,epoch 11,training,cycle_loss,3.3472,raw_logs/sneha_singh/task3_gan/train_full_100ep.log
earlier_run_100ep_ngf64,epoch 11,training,identity_loss,13.1864,raw_logs/sneha_singh/task3_gan/train_full_100ep.log
earlier_run_100ep_ngf64,epoch 11,training,grad_norm_sum,425.5988,raw_logs/sneha_singh/task3_gan/train_full_100ep.log
earlier_run_100ep_ngf64,epoch 11,training,nan_count_cum,0,raw_logs/sneha_singh/task3_gan/train_full_100ep.log
earlier_run_100ep_ngf64,epoch 12,training,g_loss,17.6728,raw_logs/sneha_singh/task3_gan/train_full_100ep.log
earlier_run_100ep_ngf64,epoch 12,training,d_loss,0.3134,raw_logs/sneha_singh/task3_gan/train_full_100ep.log
earlier_run_100ep_ngf64,epoch 12,training,cycle_loss,3.3066,raw_logs/sneha_singh/task3_gan/train_full_100ep.log
earlier_run_100ep_ngf64,epoch 12,training,identity_loss,12.8455,raw_logs/sneha_singh/task3_gan/train_full_100ep.log
earlier_run_100ep_ngf64,epoch 12,training,grad_norm_sum,422.5017,raw_logs/sneha_singh/task3_gan/train_full_100ep.log
earlier_run_100ep_ngf64,epoch 12,training,nan_count_cum,0,raw_logs/sneha_singh/task3_gan/train_full_100ep.log
earlier_run_100ep_ngf64,epoch 13,training,g_loss,16.7694,raw_logs/sneha_singh/task3_gan/train_full_100ep.log
earlier_run_100ep_ngf64,epoch 13,training,d_loss,0.3296,raw_logs/sneha_singh/task3_gan/train_full_100ep.log
earlier_run_100ep_ngf64,epoch 13,training,cycle_loss,3.1647,raw_logs/sneha_singh/task3_gan/train_full_100ep.log
earlier_run_100ep_ngf64,epoch 13,training,identity_loss,12.4541,raw_logs/sneha_singh/task3_gan/train_full_100ep.log
earlier_run_100ep_ngf64,epoch 13,training,grad_norm_sum,397.0712,raw_logs/sneha_singh/task3_gan/train_full_100ep.log
earlier_run_100ep_ngf64,epoch 13,training,nan_count_cum,0,raw_logs/sneha_singh/task3_gan/train_full_100ep.log
earlier_run_100ep_ngf64,epoch 14,training,g_loss,16.3939,raw_logs/sneha_singh/task3_gan/train_full_100ep.log
earlier_run_100ep_ngf64,epoch 14,training,d_loss,0.2158,raw_logs/sneha_singh/task3_gan/train_full_100ep.log
earlier_run_100ep_ngf64,epoch 14,training,cycle_loss,3.0911,raw_logs/sneha_singh/task3_gan/train_full_100ep.log
earlier_run_100ep_ngf64,epoch 14,training,identity_loss,12.1124,raw_logs/sneha_singh/task3_gan/train_full_100ep.log
earlier_run_100ep_ngf64,epoch 14,training,grad_norm_sum,386.7322,raw_logs/sneha_singh/task3_gan/train_full_100ep.log
earlier_run_100ep_ngf64,epoch 14,training,nan_count_cum,0,raw_logs/sneha_singh/task3_gan/train_full_100ep.log
earlier_run_100ep_ngf64,epoch 15,training,g_loss,16.4264,raw_logs/sneha_singh/task3_gan/train_full_100ep.log
earlier_run_100ep_ngf64,epoch 15,training,d_loss,0.1794,raw_logs/sneha_singh/task3_gan/train_full_100ep.log
earlier_run_100ep_ngf64,epoch 15,training,cycle_loss,3.0915,raw_logs/sneha_singh/task3_gan/train_full_100ep.log
earlier_run_100ep_ngf64,epoch 15,training,identity_loss,12.0322,raw_logs/sneha_singh/task3_gan/train_full_100ep.log
earlier_run_100ep_ngf64,epoch 15,training,grad_norm_sum,395.9971,raw_logs/sneha_singh/task3_gan/train_full_100ep.log
earlier_run_100ep_ngf64,epoch 15,training,nan_count_cum,0,raw_logs/sneha_singh/task3_gan/train_full_100ep.log
earlier_run_100ep_ngf64,epoch 16,training,g_loss,16.6456,raw_logs/sneha_singh/task3_gan/train_full_100ep.log
earlier_run_100ep_ngf64,epoch 16,training,d_loss,0.1542,raw_logs/sneha_singh/task3_gan/train_full_100ep.log
earlier_run_100ep_ngf64,epoch 16,training,cycle_loss,3.1766,raw_logs/sneha_singh/task3_gan/train_full_100ep.log
earlier_run_100ep_ngf64,epoch 16,training,identity_loss,12.0633,raw_logs/sneha_singh/task3_gan/train_full_100ep.log
earlier_run_100ep_ngf64,epoch 16,training,grad_norm_sum,407.0455,raw_logs/sneha_singh/task3_gan/train_full_100ep.log
earlier_run_100ep_ngf64,epoch 16,training,nan_count_cum,0,raw_logs/sneha_singh/task3_gan/train_full_100ep.log
earlier_run_100ep_ngf64,epoch 17,training,g_loss,16.2008,raw_logs/sneha_singh/task3_gan/train_full_100ep.log
earlier_run_100ep_ngf64,epoch 17,training,d_loss,0.1660,raw_logs/sneha_singh/task3_gan/train_full_100ep.log
earlier_run_100ep_ngf64,epoch 17,training,cycle_loss,3.0857,raw_logs/sneha_singh/task3_gan/train_full_100ep.log
earlier_run_100ep_ngf64,epoch 17,training,identity_loss,11.7281,raw_logs/sneha_singh/task3_gan/train_full_100ep.log
earlier_run_100ep_ngf64,epoch 17,training,grad_norm_sum,401.9142,raw_logs/sneha_singh/task3_gan/train_full_100ep.log
earlier_run_100ep_ngf64,epoch 17,training,nan_count_cum,0,raw_logs/sneha_singh/task3_gan/train_full_100ep.log
earlier_run_100ep_ngf64,epoch 18,training,g_loss,15.9195,raw_logs/sneha_singh/task3_gan/train_full_100ep.log
earlier_run_100ep_ngf64,epoch 18,training,d_loss,0.1556,raw_logs/sneha_singh/task3_gan/train_full_100ep.log
earlier_run_100ep_ngf64,epoch 18,training,cycle_loss,3.0265,raw_logs/sneha_singh/task3_gan/train_full_100ep.log
earlier_run_100ep_ngf64,epoch 18,training,identity_loss,11.4550,raw_logs/sneha_singh/task3_gan/train_full_100ep.log
earlier_run_100ep_ngf64,epoch 18,training,grad_norm_sum,388.2807,raw_logs/sneha_singh/task3_gan/train_full_100ep.log
earlier_run_100ep_ngf64,epoch 18,training,nan_count_cum,0,raw_logs/sneha_singh/task3_gan/train_full_100ep.log
earlier_run_100ep_ngf64,epoch 19,training,g_loss,15.7092,raw_logs/sneha_singh/task3_gan/train_full_100ep.log
earlier_run_100ep_ngf64,epoch 19,training,d_loss,0.1554,raw_logs/sneha_singh/task3_gan/train_full_100ep.log
earlier_run_100ep_ngf64,epoch 19,training,cycle_loss,3.0201,raw_logs/sneha_singh/task3_gan/train_full_100ep.log
earlier_run_100ep_ngf64,epoch 19,training,identity_loss,11.2542,raw_logs/sneha_singh/task3_gan/train_full_100ep.log
earlier_run_100ep_ngf64,epoch 19,training,grad_norm_sum,394.2252,raw_logs/sneha_singh/task3_gan/train_full_100ep.log
earlier_run_100ep_ngf64,epoch 19,training,nan_count_cum,0,raw_logs/sneha_singh/task3_gan/train_full_100ep.log
earlier_run_100ep_ngf64,epoch 20,training,g_loss,15.4516,raw_logs/sneha_singh/task3_gan/train_full_100ep.log
earlier_run_100ep_ngf64,epoch 20,training,d_loss,0.1590,raw_logs/sneha_singh/task3_gan/train_full_100ep.log
earlier_run_100ep_ngf64,epoch 20,training,cycle_loss,2.9475,raw_logs/sneha_singh/task3_gan/train_full_100ep.log
earlier_run_100ep_ngf64,epoch 20,training,identity_loss,11.0705,raw_logs/sneha_singh/task3_gan/train_full_100ep.log
earlier_run_100ep_ngf64,epoch 20,training,grad_norm_sum,384.1874,raw_logs/sneha_singh/task3_gan/train_full_100ep.log
earlier_run_100ep_ngf64,epoch 20,training,nan_count_cum,0,raw_logs/sneha_singh/task3_gan/train_full_100ep.log
earlier_run_100ep_ngf64,epoch 21,training,g_loss,15.1244,raw_logs/sneha_singh/task3_gan/train_full_100ep.log
earlier_run_100ep_ngf64,epoch 21,training,d_loss,0.1617,raw_logs/sneha_singh/task3_gan/train_full_100ep.log
earlier_run_100ep_ngf64,epoch 21,training,cycle_loss,2.9138,raw_logs/sneha_singh/task3_gan/train_full_100ep.log
earlier_run_100ep_ngf64,epoch 21,training,identity_loss,10.7810,raw_logs/sneha_singh/task3_gan/train_full_100ep.log
earlier_run_100ep_ngf64,epoch 21,training,grad_norm_sum,387.5778,raw_logs/sneha_singh/task3_gan/train_full_100ep.log
earlier_run_100ep_ngf64,epoch 21,training,nan_count_cum,0,raw_logs/sneha_singh/task3_gan/train_full_100ep.log
earlier_run_100ep_ngf64,epoch 22,training,g_loss,14.9939,raw_logs/sneha_singh/task3_gan/train_full_100ep.log
earlier_run_100ep_ngf64,epoch 22,training,d_loss,0.1467,raw_logs/sneha_singh/task3_gan/train_full_100ep.log
earlier_run_100ep_ngf64,epoch 22,training,cycle_loss,2.8805,raw_logs/sneha_singh/task3_gan/train_full_100ep.log
earlier_run_100ep_ngf64,epoch 22,training,identity_loss,10.6443,raw_logs/sneha_singh/task3_gan/train_full_100ep.log
earlier_run_100ep_ngf64,epoch 22,training,grad_norm_sum,nan,raw_logs/sneha_singh/task3_gan/train_full_100ep.log
earlier_run_100ep_ngf64,epoch 22,training,nan_count_cum,0,raw_logs/sneha_singh/task3_gan/train_full_100ep.log
earlier_run_100ep_ngf64,epoch 23,training,g_loss,14.8217,raw_logs/sneha_singh/task3_gan/train_full_100ep.log
earlier_run_100ep_ngf64,epoch 23,training,d_loss,0.1559,raw_logs/sneha_singh/task3_gan/train_full_100ep.log
earlier_run_100ep_ngf64,epoch 23,training,cycle_loss,2.8460,raw_logs/sneha_singh/task3_gan/train_full_100ep.log
earlier_run_100ep_ngf64,epoch 23,training,identity_loss,10.5036,raw_logs/sneha_singh/task3_gan/train_full_100ep.log
earlier_run_100ep_ngf64,epoch 23,training,grad_norm_sum,372.5579,raw_logs/sneha_singh/task3_gan/train_full_100ep.log
earlier_run_100ep_ngf64,epoch 23,training,nan_count_cum,0,raw_logs/sneha_singh/task3_gan/train_full_100ep.log
earlier_run_100ep_ngf64,epoch 24,training,g_loss,14.6926,raw_logs/sneha_singh/task3_gan/train_full_100ep.log
earlier_run_100ep_ngf64,epoch 24,training,d_loss,0.1552,raw_logs/sneha_singh/task3_gan/train_full_100ep.log
earlier_run_100ep_ngf64,epoch 24,training,cycle_loss,2.8106,raw_logs/sneha_singh/task3_gan/train_full_100ep.log
earlier_run_100ep_ngf64,epoch 24,training,identity_loss,10.4341,raw_logs/sneha_singh/task3_gan/train_full_100ep.log
earlier_run_100ep_ngf64,epoch 24,training,grad_norm_sum,372.7954,raw_logs/sneha_singh/task3_gan/train_full_100ep.log
earlier_run_100ep_ngf64,epoch 24,training,nan_count_cum,0,raw_logs/sneha_singh/task3_gan/train_full_100ep.log
earlier_run_100ep_ngf64,epoch 25,training,g_loss,14.6361,raw_logs/sneha_singh/task3_gan/train_full_100ep.log
earlier_run_100ep_ngf64,epoch 25,training,d_loss,0.2359,raw_logs/sneha_singh/task3_gan/train_full_100ep.log
earlier_run_100ep_ngf64,epoch 25,training,cycle_loss,2.8528,raw_logs/sneha_singh/task3_gan/train_full_100ep.log
earlier_run_100ep_ngf64,epoch 25,training,identity_loss,10.4216,raw_logs/sneha_singh/task3_gan/train_full_100ep.log
earlier_run_100ep_ngf64,epoch 25,training,grad_norm_sum,372.9678,raw_logs/sneha_singh/task3_gan/train_full_100ep.log
earlier_run_100ep_ngf64,epoch 25,training,nan_count_cum,0,raw_logs/sneha_singh/task3_gan/train_full_100ep.log
earlier_run_100ep_ngf64,epoch 26,training,g_loss,14.4093,raw_logs/sneha_singh/task3_gan/train_full_100ep.log
earlier_run_100ep_ngf64,epoch 26,training,d_loss,0.1543,raw_logs/sneha_singh/task3_gan/train_full_100ep.log
earlier_run_100ep_ngf64,epoch 26,training,cycle_loss,2.7854,raw_logs/sneha_singh/task3_gan/train_full_100ep.log
earlier_run_100ep_ngf64,epoch 26,training,identity_loss,10.1925,raw_logs/sneha_singh/task3_gan/train_full_100ep.log
earlier_run_100ep_ngf64,epoch 26,training,grad_norm_sum,nan,raw_logs/sneha_singh/task3_gan/train_full_100ep.log
earlier_run_100ep_ngf64,epoch 26,training,nan_count_cum,0,raw_logs/sneha_singh/task3_gan/train_full_100ep.log
earlier_run_100ep_ngf64,epoch 27,training,g_loss,14.3052,raw_logs/sneha_singh/task3_gan/train_full_100ep.log
earlier_run_100ep_ngf64,epoch 27,training,d_loss,0.1765,raw_logs/sneha_singh/task3_gan/train_full_100ep.log
earlier_run_100ep_ngf64,epoch 27,training,cycle_loss,2.7425,raw_logs/sneha_singh/task3_gan/train_full_100ep.log
earlier_run_100ep_ngf64,epoch 27,training,identity_loss,10.1238,raw_logs/sneha_singh/task3_gan/train_full_100ep.log
earlier_run_100ep_ngf64,epoch 27,training,grad_norm_sum,362.2966,raw_logs/sneha_singh/task3_gan/train_full_100ep.log
earlier_run_100ep_ngf64,epoch 27,training,nan_count_cum,0,raw_logs/sneha_singh/task3_gan/train_full_100ep.log
earlier_run_100ep_ngf64,epoch 28,training,g_loss,14.1930,raw_logs/sneha_singh/task3_gan/train_full_100ep.log
earlier_run_100ep_ngf64,epoch 28,training,d_loss,0.1512,raw_logs/sneha_singh/task3_gan/train_full_100ep.log
earlier_run_100ep_ngf64,epoch 28,training,cycle_loss,2.7359,raw_logs/sneha_singh/task3_gan/train_full_100ep.log
earlier_run_100ep_ngf64,epoch 28,training,identity_loss,10.0360,raw_logs/sneha_singh/task3_gan/train_full_100ep.log
earlier_run_100ep_ngf64,epoch 28,training,grad_norm_sum,363.7220,raw_logs/sneha_singh/task3_gan/train_full_100ep.log
earlier_run_100ep_ngf64,epoch 28,training,nan_count_cum,0,raw_logs/sneha_singh/task3_gan/train_full_100ep.log
earlier_run_100ep_ngf64,epoch 29,training,g_loss,14.3440,raw_logs/sneha_singh/task3_gan/train_full_100ep.log
earlier_run_100ep_ngf64,epoch 29,training,d_loss,0.1245,raw_logs/sneha_singh/task3_gan/train_full_100ep.log
earlier_run_100ep_ngf64,epoch 29,training,cycle_loss,2.7421,raw_logs/sneha_singh/task3_gan/train_full_100ep.log
earlier_run_100ep_ngf64,epoch 29,training,identity_loss,10.0496,raw_logs/sneha_singh/task3_gan/train_full_100ep.log
earlier_run_100ep_ngf64,epoch 29,training,grad_norm_sum,363.0317,raw_logs/sneha_singh/task3_gan/train_full_100ep.log
earlier_run_100ep_ngf64,epoch 29,training,nan_count_cum,0,raw_logs/sneha_singh/task3_gan/train_full_100ep.log
earlier_run_100ep_ngf64,epoch 30,training,g_loss,13.8330,raw_logs/sneha_singh/task3_gan/train_full_100ep.log
earlier_run_100ep_ngf64,epoch 30,training,d_loss,0.1518,raw_logs/sneha_singh/task3_gan/train_full_100ep.log
earlier_run_100ep_ngf64,epoch 30,training,cycle_loss,2.6593,raw_logs/sneha_singh/task3_gan/train_full_100ep.log
earlier_run_100ep_ngf64,epoch 30,training,identity_loss,9.7078,raw_logs/sneha_singh/task3_gan/train_full_100ep.log
earlier_run_100ep_ngf64,epoch 30,training,grad_norm_sum,350.6194,raw_logs/sneha_singh/task3_gan/train_full_100ep.log
earlier_run_100ep_ngf64,epoch 30,training,nan_count_cum,0,raw_logs/sneha_singh/task3_gan/train_full_100ep.log
earlier_run_100ep_ngf64,epoch 31,training,g_loss,13.8558,raw_logs/sneha_singh/task3_gan/train_full_100ep.log
earlier_run_100ep_ngf64,epoch 31,training,d_loss,0.1454,raw_logs/sneha_singh/task3_gan/train_full_100ep.log
earlier_run_100ep_ngf64,epoch 31,training,cycle_loss,2.6667,raw_logs/sneha_singh/task3_gan/train_full_100ep.log
earlier_run_100ep_ngf64,epoch 31,training,identity_loss,9.7144,raw_logs/sneha_singh/task3_gan/train_full_100ep.log
earlier_run_100ep_ngf64,epoch 31,training,grad_norm_sum,347.9900,raw_logs/sneha_singh/task3_gan/train_full_100ep.log
earlier_run_100ep_ngf64,epoch 31,training,nan_count_cum,0,raw_logs/sneha_singh/task3_gan/train_full_100ep.log
earlier_run_100ep_ngf64,epoch 32,training,g_loss,13.4161,raw_logs/sneha_singh/task3_gan/train_full_100ep.log
earlier_run_100ep_ngf64,epoch 32,training,d_loss,0.1537,raw_logs/sneha_singh/task3_gan/train_full_100ep.log
earlier_run_100ep_ngf64,epoch 32,training,cycle_loss,2.5947,raw_logs/sneha_singh/task3_gan/train_full_100ep.log
earlier_run_100ep_ngf64,epoch 32,training,identity_loss,9.3416,raw_logs/sneha_singh/task3_gan/train_full_100ep.log
earlier_run_100ep_ngf64,epoch 32,training,grad_norm_sum,341.3431,raw_logs/sneha_singh/task3_gan/train_full_100ep.log
earlier_run_100ep_ngf64,epoch 32,training,nan_count_cum,0,raw_logs/sneha_singh/task3_gan/train_full_100ep.log
earlier_run_100ep_ngf64,epoch 33,training,g_loss,13.7720,raw_logs/sneha_singh/task3_gan/train_full_100ep.log
earlier_run_100ep_ngf64,epoch 33,training,d_loss,0.1408,raw_logs/sneha_singh/task3_gan/train_full_100ep.log
earlier_run_100ep_ngf64,epoch 33,training,cycle_loss,2.6504,raw_logs/sneha_singh/task3_gan/train_full_100ep.log
earlier_run_100ep_ngf64,epoch 33,training,identity_loss,9.6115,raw_logs/sneha_singh/task3_gan/train_full_100ep.log
earlier_run_100ep_ngf64,epoch 33,training,grad_norm_sum,355.4184,raw_logs/sneha_singh/task3_gan/train_full_100ep.log
earlier_run_100ep_ngf64,epoch 33,training,nan_count_cum,0,raw_logs/sneha_singh/task3_gan/train_full_100ep.log
earlier_run_100ep_ngf64,epoch 34,training,g_loss,13.2167,raw_logs/sneha_singh/task3_gan/train_full_100ep.log
earlier_run_100ep_ngf64,epoch 34,training,d_loss,0.1668,raw_logs/sneha_singh/task3_gan/train_full_100ep.log
earlier_run_100ep_ngf64,epoch 34,training,cycle_loss,2.5482,raw_logs/sneha_singh/task3_gan/train_full_100ep.log
earlier_run_100ep_ngf64,epoch 34,training,identity_loss,9.2438,raw_logs/sneha_singh/task3_gan/train_full_100ep.log
earlier_run_100ep_ngf64,epoch 34,training,grad_norm_sum,338.1151,raw_logs/sneha_singh/task3_gan/train_full_100ep.log
earlier_run_100ep_ngf64,epoch 34,training,nan_count_cum,0,raw_logs/sneha_singh/task3_gan/train_full_100ep.log
earlier_run_100ep_ngf64,epoch 35,training,g_loss,13.3746,raw_logs/sneha_singh/task3_gan/train_full_100ep.log
earlier_run_100ep_ngf64,epoch 35,training,d_loss,0.1364,raw_logs/sneha_singh/task3_gan/train_full_100ep.log
earlier_run_100ep_ngf64,epoch 35,training,cycle_loss,2.5741,raw_logs/sneha_singh/task3_gan/train_full_100ep.log
earlier_run_100ep_ngf64,epoch 35,training,identity_loss,9.2901,raw_logs/sneha_singh/task3_gan/train_full_100ep.log
earlier_run_100ep_ngf64,epoch 35,training,grad_norm_sum,339.7762,raw_logs/sneha_singh/task3_gan/train_full_100ep.log
earlier_run_100ep_ngf64,epoch 35,training,nan_count_cum,0,raw_logs/sneha_singh/task3_gan/train_full_100ep.log
earlier_run_100ep_ngf64,epoch 36,training,g_loss,13.8882,raw_logs/sneha_singh/task3_gan/train_full_100ep.log
earlier_run_100ep_ngf64,epoch 36,training,d_loss,0.1345,raw_logs/sneha_singh/task3_gan/train_full_100ep.log
earlier_run_100ep_ngf64,epoch 36,training,cycle_loss,2.6738,raw_logs/sneha_singh/task3_gan/train_full_100ep.log
earlier_run_100ep_ngf64,epoch 36,training,identity_loss,9.6658,raw_logs/sneha_singh/task3_gan/train_full_100ep.log
earlier_run_100ep_ngf64,epoch 36,training,grad_norm_sum,342.0856,raw_logs/sneha_singh/task3_gan/train_full_100ep.log
earlier_run_100ep_ngf64,epoch 36,training,nan_count_cum,0,raw_logs/sneha_singh/task3_gan/train_full_100ep.log
earlier_run_100ep_ngf64,epoch 37,training,g_loss,13.3207,raw_logs/sneha_singh/task3_gan/train_full_100ep.log
earlier_run_100ep_ngf64,epoch 37,training,d_loss,0.1301,raw_logs/sneha_singh/task3_gan/train_full_100ep.log
earlier_run_100ep_ngf64,epoch 37,training,cycle_loss,2.5501,raw_logs/sneha_singh/task3_gan/train_full_100ep.log
earlier_run_100ep_ngf64,epoch 37,training,identity_loss,9.2234,raw_logs/sneha_singh/task3_gan/train_full_100ep.log
earlier_run_100ep_ngf64,epoch 37,training,grad_norm_sum,332.6768,raw_logs/sneha_singh/task3_gan/train_full_100ep.log
earlier_run_100ep_ngf64,epoch 37,training,nan_count_cum,0,raw_logs/sneha_singh/task3_gan/train_full_100ep.log
earlier_run_100ep_ngf64,epoch 38,training,g_loss,13.0558,raw_logs/sneha_singh/task3_gan/train_full_100ep.log
earlier_run_100ep_ngf64,epoch 38,training,d_loss,0.1420,raw_logs/sneha_singh/task3_gan/train_full_100ep.log
earlier_run_100ep_ngf64,epoch 38,training,cycle_loss,2.5045,raw_logs/sneha_singh/task3_gan/train_full_100ep.log
earlier_run_100ep_ngf64,epoch 38,training,identity_loss,9.0421,raw_logs/sneha_singh/task3_gan/train_full_100ep.log
earlier_run_100ep_ngf64,epoch 38,training,grad_norm_sum,321.3169,raw_logs/sneha_singh/task3_gan/train_full_100ep.log
earlier_run_100ep_ngf64,epoch 38,training,nan_count_cum,0,raw_logs/sneha_singh/task3_gan/train_full_100ep.log
earlier_run_100ep_ngf64,epoch 39,training,g_loss,12.9719,raw_logs/sneha_singh/task3_gan/train_full_100ep.log
earlier_run_100ep_ngf64,epoch 39,training,d_loss,0.1365,raw_logs/sneha_singh/task3_gan/train_full_100ep.log
earlier_run_100ep_ngf64,epoch 39,training,cycle_loss,2.4917,raw_logs/sneha_singh/task3_gan/train_full_100ep.log
earlier_run_100ep_ngf64,epoch 39,training,identity_loss,8.9559,raw_logs/sneha_singh/task3_gan/train_full_100ep.log
earlier_run_100ep_ngf64,epoch 39,training,grad_norm_sum,328.3337,raw_logs/sneha_singh/task3_gan/train_full_100ep.log
earlier_run_100ep_ngf64,epoch 39,training,nan_count_cum,0,raw_logs/sneha_singh/task3_gan/train_full_100ep.log
earlier_run_100ep_ngf64,epoch 40,training,g_loss,12.9831,raw_logs/sneha_singh/task3_gan/train_full_100ep.log
earlier_run_100ep_ngf64,epoch 40,training,d_loss,0.1258,raw_logs/sneha_singh/task3_gan/train_full_100ep.log
earlier_run_100ep_ngf64,epoch 40,training,cycle_loss,2.5087,raw_logs/sneha_singh/task3_gan/train_full_100ep.log
earlier_run_100ep_ngf64,epoch 40,training,identity_loss,8.9076,raw_logs/sneha_singh/task3_gan/train_full_100ep.log
earlier_run_100ep_ngf64,epoch 40,training,grad_norm_sum,inf,raw_logs/sneha_singh/task3_gan/train_full_100ep.log
earlier_run_100ep_ngf64,epoch 40,training,nan_count_cum,0,raw_logs/sneha_singh/task3_gan/train_full_100ep.log
earlier_run_100ep_ngf64,epoch 41,training,g_loss,12.8020,raw_logs/sneha_singh/task3_gan/train_full_100ep.log
earlier_run_100ep_ngf64,epoch 41,training,d_loss,0.1345,raw_logs/sneha_singh/task3_gan/train_full_100ep.log
earlier_run_100ep_ngf64,epoch 41,training,cycle_loss,2.4695,raw_logs/sneha_singh/task3_gan/train_full_100ep.log
earlier_run_100ep_ngf64,epoch 41,training,identity_loss,8.7957,raw_logs/sneha_singh/task3_gan/train_full_100ep.log
earlier_run_100ep_ngf64,epoch 41,training,grad_norm_sum,319.8775,raw_logs/sneha_singh/task3_gan/train_full_100ep.log
earlier_run_100ep_ngf64,epoch 41,training,nan_count_cum,0,raw_logs/sneha_singh/task3_gan/train_full_100ep.log
earlier_run_100ep_ngf64,epoch 42,training,g_loss,13.0185,raw_logs/sneha_singh/task3_gan/train_full_100ep.log
earlier_run_100ep_ngf64,epoch 42,training,d_loss,0.1195,raw_logs/sneha_singh/task3_gan/train_full_100ep.log
earlier_run_100ep_ngf64,epoch 42,training,cycle_loss,2.5204,raw_logs/sneha_singh/task3_gan/train_full_100ep.log
earlier_run_100ep_ngf64,epoch 42,training,identity_loss,8.9245,raw_logs/sneha_singh/task3_gan/train_full_100ep.log
earlier_run_100ep_ngf64,epoch 42,training,grad_norm_sum,326.1052,raw_logs/sneha_singh/task3_gan/train_full_100ep.log
earlier_run_100ep_ngf64,epoch 42,training,nan_count_cum,0,raw_logs/sneha_singh/task3_gan/train_full_100ep.log
earlier_run_100ep_ngf64,epoch 43,training,g_loss,12.9478,raw_logs/sneha_singh/task3_gan/train_full_100ep.log
earlier_run_100ep_ngf64,epoch 43,training,d_loss,0.1199,raw_logs/sneha_singh/task3_gan/train_full_100ep.log
earlier_run_100ep_ngf64,epoch 43,training,cycle_loss,2.4627,raw_logs/sneha_singh/task3_gan/train_full_100ep.log
earlier_run_100ep_ngf64,epoch 43,training,identity_loss,8.9001,raw_logs/sneha_singh/task3_gan/train_full_100ep.log
earlier_run_100ep_ngf64,epoch 43,training,grad_norm_sum,nan,raw_logs/sneha_singh/task3_gan/train_full_100ep.log
earlier_run_100ep_ngf64,epoch 43,training,nan_count_cum,0,raw_logs/sneha_singh/task3_gan/train_full_100ep.log
earlier_run_100ep_ngf64,epoch 44,training,g_loss,12.6737,raw_logs/sneha_singh/task3_gan/train_full_100ep.log
earlier_run_100ep_ngf64,epoch 44,training,d_loss,0.2253,raw_logs/sneha_singh/task3_gan/train_full_100ep.log
earlier_run_100ep_ngf64,epoch 44,training,cycle_loss,2.4273,raw_logs/sneha_singh/task3_gan/train_full_100ep.log
earlier_run_100ep_ngf64,epoch 44,training,identity_loss,8.6358,raw_logs/sneha_singh/task3_gan/train_full_100ep.log
earlier_run_100ep_ngf64,epoch 44,training,grad_norm_sum,309.3181,raw_logs/sneha_singh/task3_gan/train_full_100ep.log
earlier_run_100ep_ngf64,epoch 44,training,nan_count_cum,0,raw_logs/sneha_singh/task3_gan/train_full_100ep.log
earlier_run_100ep_ngf64,epoch 45,training,g_loss,12.1254,raw_logs/sneha_singh/task3_gan/train_full_100ep.log
earlier_run_100ep_ngf64,epoch 45,training,d_loss,0.1622,raw_logs/sneha_singh/task3_gan/train_full_100ep.log
earlier_run_100ep_ngf64,epoch 45,training,cycle_loss,2.3521,raw_logs/sneha_singh/task3_gan/train_full_100ep.log
earlier_run_100ep_ngf64,epoch 45,training,identity_loss,8.4110,raw_logs/sneha_singh/task3_gan/train_full_100ep.log
earlier_run_100ep_ngf64,epoch 45,training,grad_norm_sum,307.8807,raw_logs/sneha_singh/task3_gan/train_full_100ep.log
earlier_run_100ep_ngf64,epoch 45,training,nan_count_cum,0,raw_logs/sneha_singh/task3_gan/train_full_100ep.log
earlier_run_100ep_ngf64,epoch 46,training,g_loss,12.4655,raw_logs/sneha_singh/task3_gan/train_full_100ep.log
earlier_run_100ep_ngf64,epoch 46,training,d_loss,0.1316,raw_logs/sneha_singh/task3_gan/train_full_100ep.log
earlier_run_100ep_ngf64,epoch 46,training,cycle_loss,2.3938,raw_logs/sneha_singh/task3_gan/train_full_100ep.log
earlier_run_100ep_ngf64,epoch 46,training,identity_loss,8.5465,raw_logs/sneha_singh/task3_gan/train_full_100ep.log
earlier_run_100ep_ngf64,epoch 46,training,grad_norm_sum,305.4339,raw_logs/sneha_singh/task3_gan/train_full_100ep.log
earlier_run_100ep_ngf64,epoch 46,training,nan_count_cum,0,raw_logs/sneha_singh/task3_gan/train_full_100ep.log
earlier_run_100ep_ngf64,epoch 47,training,g_loss,12.4231,raw_logs/sneha_singh/task3_gan/train_full_100ep.log
earlier_run_100ep_ngf64,epoch 47,training,d_loss,0.1162,raw_logs/sneha_singh/task3_gan/train_full_100ep.log
earlier_run_100ep_ngf64,epoch 47,training,cycle_loss,2.3960,raw_logs/sneha_singh/task3_gan/train_full_100ep.log
earlier_run_100ep_ngf64,epoch 47,training,identity_loss,8.4456,raw_logs/sneha_singh/task3_gan/train_full_100ep.log
earlier_run_100ep_ngf64,epoch 47,training,grad_norm_sum,nan,raw_logs/sneha_singh/task3_gan/train_full_100ep.log
earlier_run_100ep_ngf64,epoch 47,training,nan_count_cum,0,raw_logs/sneha_singh/task3_gan/train_full_100ep.log
earlier_run_100ep_ngf64,epoch 48,training,g_loss,12.1381,raw_logs/sneha_singh/task3_gan/train_full_100ep.log
earlier_run_100ep_ngf64,epoch 48,training,d_loss,0.3084,raw_logs/sneha_singh/task3_gan/train_full_100ep.log
earlier_run_100ep_ngf64,epoch 48,training,cycle_loss,2.3620,raw_logs/sneha_singh/task3_gan/train_full_100ep.log
earlier_run_100ep_ngf64,epoch 48,training,identity_loss,8.3842,raw_logs/sneha_singh/task3_gan/train_full_100ep.log
earlier_run_100ep_ngf64,epoch 48,training,grad_norm_sum,295.0074,raw_logs/sneha_singh/task3_gan/train_full_100ep.log
earlier_run_100ep_ngf64,epoch 48,training,nan_count_cum,0,raw_logs/sneha_singh/task3_gan/train_full_100ep.log
earlier_run_100ep_ngf64,epoch 49,training,g_loss,11.8842,raw_logs/sneha_singh/task3_gan/train_full_100ep.log
earlier_run_100ep_ngf64,epoch 49,training,d_loss,0.1678,raw_logs/sneha_singh/task3_gan/train_full_100ep.log
earlier_run_100ep_ngf64,epoch 49,training,cycle_loss,2.3280,raw_logs/sneha_singh/task3_gan/train_full_100ep.log
earlier_run_100ep_ngf64,epoch 49,training,identity_loss,8.2020,raw_logs/sneha_singh/task3_gan/train_full_100ep.log
earlier_run_100ep_ngf64,epoch 49,training,grad_norm_sum,298.2345,raw_logs/sneha_singh/task3_gan/train_full_100ep.log
earlier_run_100ep_ngf64,epoch 49,training,nan_count_cum,0,raw_logs/sneha_singh/task3_gan/train_full_100ep.log
earlier_run_100ep_ngf64,epoch 50,training,g_loss,11.9925,raw_logs/sneha_singh/task3_gan/train_full_100ep.log
earlier_run_100ep_ngf64,epoch 50,training,d_loss,0.1400,raw_logs/sneha_singh/task3_gan/train_full_100ep.log
earlier_run_100ep_ngf64,epoch 50,training,cycle_loss,2.3335,raw_logs/sneha_singh/task3_gan/train_full_100ep.log
earlier_run_100ep_ngf64,epoch 50,training,identity_loss,8.1959,raw_logs/sneha_singh/task3_gan/train_full_100ep.log
earlier_run_100ep_ngf64,epoch 50,training,grad_norm_sum,294.7041,raw_logs/sneha_singh/task3_gan/train_full_100ep.log
earlier_run_100ep_ngf64,epoch 50,training,nan_count_cum,0,raw_logs/sneha_singh/task3_gan/train_full_100ep.log
earlier_run_100ep_ngf64,epoch 51,training,g_loss,12.6334,raw_logs/sneha_singh/task3_gan/train_full_100ep.log
earlier_run_100ep_ngf64,epoch 51,training,d_loss,0.1023,raw_logs/sneha_singh/task3_gan/train_full_100ep.log
earlier_run_100ep_ngf64,epoch 51,training,cycle_loss,2.4389,raw_logs/sneha_singh/task3_gan/train_full_100ep.log
earlier_run_100ep_ngf64,epoch 51,training,identity_loss,8.5538,raw_logs/sneha_singh/task3_gan/train_full_100ep.log
earlier_run_100ep_ngf64,epoch 51,training,grad_norm_sum,309.8805,raw_logs/sneha_singh/task3_gan/train_full_100ep.log
earlier_run_100ep_ngf64,epoch 51,training,nan_count_cum,0,raw_logs/sneha_singh/task3_gan/train_full_100ep.log
earlier_run_100ep_ngf64,epoch 52,training,g_loss,12.2636,raw_logs/sneha_singh/task3_gan/train_full_100ep.log
earlier_run_100ep_ngf64,epoch 52,training,d_loss,0.1220,raw_logs/sneha_singh/task3_gan/train_full_100ep.log
earlier_run_100ep_ngf64,epoch 52,training,cycle_loss,2.3968,raw_logs/sneha_singh/task3_gan/train_full_100ep.log
earlier_run_100ep_ngf64,epoch 52,training,identity_loss,8.3023,raw_logs/sneha_singh/task3_gan/train_full_100ep.log
earlier_run_100ep_ngf64,epoch 52,training,grad_norm_sum,297.1372,raw_logs/sneha_singh/task3_gan/train_full_100ep.log
earlier_run_100ep_ngf64,epoch 52,training,nan_count_cum,0,raw_logs/sneha_singh/task3_gan/train_full_100ep.log
earlier_run_100ep_ngf64,epoch 53,training,g_loss,11.5536,raw_logs/sneha_singh/task3_gan/train_full_100ep.log
earlier_run_100ep_ngf64,epoch 53,training,d_loss,0.1293,raw_logs/sneha_singh/task3_gan/train_full_100ep.log
earlier_run_100ep_ngf64,epoch 53,training,cycle_loss,2.2452,raw_logs/sneha_singh/task3_gan/train_full_100ep.log
earlier_run_100ep_ngf64,epoch 53,training,identity_loss,7.7748,raw_logs/sneha_singh/task3_gan/train_full_100ep.log
earlier_run_100ep_ngf64,epoch 53,training,grad_norm_sum,281.6415,raw_logs/sneha_singh/task3_gan/train_full_100ep.log
earlier_run_100ep_ngf64,epoch 53,training,nan_count_cum,0,raw_logs/sneha_singh/task3_gan/train_full_100ep.log
earlier_run_100ep_ngf64,epoch 54,training,g_loss,11.6390,raw_logs/sneha_singh/task3_gan/train_full_100ep.log
earlier_run_100ep_ngf64,epoch 54,training,d_loss,0.1292,raw_logs/sneha_singh/task3_gan/train_full_100ep.log
earlier_run_100ep_ngf64,epoch 54,training,cycle_loss,2.2709,raw_logs/sneha_singh/task3_gan/train_full_100ep.log
earlier_run_100ep_ngf64,epoch 54,training,identity_loss,7.8219,raw_logs/sneha_singh/task3_gan/train_full_100ep.log
earlier_run_100ep_ngf64,epoch 54,training,grad_norm_sum,nan,raw_logs/sneha_singh/task3_gan/train_full_100ep.log
earlier_run_100ep_ngf64,epoch 54,training,nan_count_cum,0,raw_logs/sneha_singh/task3_gan/train_full_100ep.log
earlier_run_100ep_ngf64,epoch 55,training,g_loss,11.6895,raw_logs/sneha_singh/task3_gan/train_full_100ep.log
earlier_run_100ep_ngf64,epoch 55,training,d_loss,0.1302,raw_logs/sneha_singh/task3_gan/train_full_100ep.log
earlier_run_100ep_ngf64,epoch 55,training,cycle_loss,2.2787,raw_logs/sneha_singh/task3_gan/train_full_100ep.log
earlier_run_100ep_ngf64,epoch 55,training,identity_loss,7.8717,raw_logs/sneha_singh/task3_gan/train_full_100ep.log
earlier_run_100ep_ngf64,epoch 55,training,grad_norm_sum,288.5514,raw_logs/sneha_singh/task3_gan/train_full_100ep.log
earlier_run_100ep_ngf64,epoch 55,training,nan_count_cum,0,raw_logs/sneha_singh/task3_gan/train_full_100ep.log
earlier_run_100ep_ngf64,epoch 56,training,g_loss,11.4850,raw_logs/sneha_singh/task3_gan/train_full_100ep.log
earlier_run_100ep_ngf64,epoch 56,training,d_loss,0.1253,raw_logs/sneha_singh/task3_gan/train_full_100ep.log
earlier_run_100ep_ngf64,epoch 56,training,cycle_loss,2.2273,raw_logs/sneha_singh/task3_gan/train_full_100ep.log
earlier_run_100ep_ngf64,epoch 56,training,identity_loss,7.7089,raw_logs/sneha_singh/task3_gan/train_full_100ep.log
earlier_run_100ep_ngf64,epoch 56,training,grad_norm_sum,279.5147,raw_logs/sneha_singh/task3_gan/train_full_100ep.log
earlier_run_100ep_ngf64,epoch 56,training,nan_count_cum,0,raw_logs/sneha_singh/task3_gan/train_full_100ep.log
earlier_run_100ep_ngf64,epoch 57,training,g_loss,11.6289,raw_logs/sneha_singh/task3_gan/train_full_100ep.log
earlier_run_100ep_ngf64,epoch 57,training,d_loss,0.1204,raw_logs/sneha_singh/task3_gan/train_full_100ep.log
earlier_run_100ep_ngf64,epoch 57,training,cycle_loss,2.2366,raw_logs/sneha_singh/task3_gan/train_full_100ep.log
earlier_run_100ep_ngf64,epoch 57,training,identity_loss,7.8291,raw_logs/sneha_singh/task3_gan/train_full_100ep.log
earlier_run_100ep_ngf64,epoch 57,training,grad_norm_sum,286.8118,raw_logs/sneha_singh/task3_gan/train_full_100ep.log
earlier_run_100ep_ngf64,epoch 57,training,nan_count_cum,0,raw_logs/sneha_singh/task3_gan/train_full_100ep.log
earlier_run_100ep_ngf64,epoch 58,training,g_loss,11.6794,raw_logs/sneha_singh/task3_gan/train_full_100ep.log
earlier_run_100ep_ngf64,epoch 58,training,d_loss,0.1150,raw_logs/sneha_singh/task3_gan/train_full_100ep.log
earlier_run_100ep_ngf64,epoch 58,training,cycle_loss,2.2468,raw_logs/sneha_singh/task3_gan/train_full_100ep.log
earlier_run_100ep_ngf64,epoch 58,training,identity_loss,7.8470,raw_logs/sneha_singh/task3_gan/train_full_100ep.log
earlier_run_100ep_ngf64,epoch 58,training,grad_norm_sum,292.9248,raw_logs/sneha_singh/task3_gan/train_full_100ep.log
earlier_run_100ep_ngf64,epoch 58,training,nan_count_cum,0,raw_logs/sneha_singh/task3_gan/train_full_100ep.log
earlier_run_100ep_ngf64,epoch 59,training,g_loss,11.9194,raw_logs/sneha_singh/task3_gan/train_full_100ep.log
earlier_run_100ep_ngf64,epoch 59,training,d_loss,0.0973,raw_logs/sneha_singh/task3_gan/train_full_100ep.log
earlier_run_100ep_ngf64,epoch 59,training,cycle_loss,2.2854,raw_logs/sneha_singh/task3_gan/train_full_100ep.log
earlier_run_100ep_ngf64,epoch 59,training,identity_loss,7.9800,raw_logs/sneha_singh/task3_gan/train_full_100ep.log
earlier_run_100ep_ngf64,epoch 59,training,grad_norm_sum,293.6834,raw_logs/sneha_singh/task3_gan/train_full_100ep.log
earlier_run_100ep_ngf64,epoch 59,training,nan_count_cum,0,raw_logs/sneha_singh/task3_gan/train_full_100ep.log
earlier_run_100ep_ngf64,epoch 60,training,g_loss,11.4003,raw_logs/sneha_singh/task3_gan/train_full_100ep.log
earlier_run_100ep_ngf64,epoch 60,training,d_loss,0.1106,raw_logs/sneha_singh/task3_gan/train_full_100ep.log
earlier_run_100ep_ngf64,epoch 60,training,cycle_loss,2.1995,raw_logs/sneha_singh/task3_gan/train_full_100ep.log
earlier_run_100ep_ngf64,epoch 60,training,identity_loss,7.5865,raw_logs/sneha_singh/task3_gan/train_full_100ep.log
earlier_run_100ep_ngf64,epoch 60,training,grad_norm_sum,277.5496,raw_logs/sneha_singh/task3_gan/train_full_100ep.log
earlier_run_100ep_ngf64,epoch 60,training,nan_count_cum,0,raw_logs/sneha_singh/task3_gan/train_full_100ep.log
earlier_run_100ep_ngf64,epoch 61,training,g_loss,11.1534,raw_logs/sneha_singh/task3_gan/train_full_100ep.log
earlier_run_100ep_ngf64,epoch 61,training,d_loss,0.1116,raw_logs/sneha_singh/task3_gan/train_full_100ep.log
earlier_run_100ep_ngf64,epoch 61,training,cycle_loss,2.1659,raw_logs/sneha_singh/task3_gan/train_full_100ep.log
earlier_run_100ep_ngf64,epoch 61,training,identity_loss,7.3898,raw_logs/sneha_singh/task3_gan/train_full_100ep.log
earlier_run_100ep_ngf64,epoch 61,training,grad_norm_sum,279.4841,raw_logs/sneha_singh/task3_gan/train_full_100ep.log
earlier_run_100ep_ngf64,epoch 61,training,nan_count_cum,0,raw_logs/sneha_singh/task3_gan/train_full_100ep.log
earlier_run_100ep_ngf64,epoch 62,training,g_loss,10.9814,raw_logs/sneha_singh/task3_gan/train_full_100ep.log
earlier_run_100ep_ngf64,epoch 62,training,d_loss,0.1127,raw_logs/sneha_singh/task3_gan/train_full_100ep.log
earlier_run_100ep_ngf64,epoch 62,training,cycle_loss,2.1167,raw_logs/sneha_singh/task3_gan/train_full_100ep.log
earlier_run_100ep_ngf64,epoch 62,training,identity_loss,7.2792,raw_logs/sneha_singh/task3_gan/train_full_100ep.log
earlier_run_100ep_ngf64,epoch 62,training,grad_norm_sum,274.6124,raw_logs/sneha_singh/task3_gan/train_full_100ep.log
earlier_run_100ep_ngf64,epoch 62,training,nan_count_cum,0,raw_logs/sneha_singh/task3_gan/train_full_100ep.log
earlier_run_100ep_ngf64,epoch 63,training,g_loss,11.0803,raw_logs/sneha_singh/task3_gan/train_full_100ep.log
earlier_run_100ep_ngf64,epoch 63,training,d_loss,0.1003,raw_logs/sneha_singh/task3_gan/train_full_100ep.log
earlier_run_100ep_ngf64,epoch 63,training,cycle_loss,2.1574,raw_logs/sneha_singh/task3_gan/train_full_100ep.log
earlier_run_100ep_ngf64,epoch 63,training,identity_loss,7.2750,raw_logs/sneha_singh/task3_gan/train_full_100ep.log
earlier_run_100ep_ngf64,epoch 63,training,grad_norm_sum,274.4643,raw_logs/sneha_singh/task3_gan/train_full_100ep.log
earlier_run_100ep_ngf64,epoch 63,training,nan_count_cum,0,raw_logs/sneha_singh/task3_gan/train_full_100ep.log
earlier_run_100ep_ngf64,epoch 64,training,g_loss,10.9428,raw_logs/sneha_singh/task3_gan/train_full_100ep.log
earlier_run_100ep_ngf64,epoch 64,training,d_loss,0.1156,raw_logs/sneha_singh/task3_gan/train_full_100ep.log
earlier_run_100ep_ngf64,epoch 64,training,cycle_loss,2.1346,raw_logs/sneha_singh/task3_gan/train_full_100ep.log
earlier_run_100ep_ngf64,epoch 64,training,identity_loss,7.2220,raw_logs/sneha_singh/task3_gan/train_full_100ep.log
earlier_run_100ep_ngf64,epoch 64,training,grad_norm_sum,279.8126,raw_logs/sneha_singh/task3_gan/train_full_100ep.log
earlier_run_100ep_ngf64,epoch 64,training,nan_count_cum,0,raw_logs/sneha_singh/task3_gan/train_full_100ep.log
earlier_run_100ep_ngf64,epoch 65,training,g_loss,10.8444,raw_logs/sneha_singh/task3_gan/train_full_100ep.log
earlier_run_100ep_ngf64,epoch 65,training,d_loss,0.0992,raw_logs/sneha_singh/task3_gan/train_full_100ep.log
earlier_run_100ep_ngf64,epoch 65,training,cycle_loss,2.0877,raw_logs/sneha_singh/task3_gan/train_full_100ep.log
earlier_run_100ep_ngf64,epoch 65,training,identity_loss,7.1230,raw_logs/sneha_singh/task3_gan/train_full_100ep.log
earlier_run_100ep_ngf64,epoch 65,training,grad_norm_sum,nan,raw_logs/sneha_singh/task3_gan/train_full_100ep.log
earlier_run_100ep_ngf64,epoch 65,training,nan_count_cum,0,raw_logs/sneha_singh/task3_gan/train_full_100ep.log
earlier_run_100ep_ngf64,epoch 66,training,g_loss,10.9587,raw_logs/sneha_singh/task3_gan/train_full_100ep.log
earlier_run_100ep_ngf64,epoch 66,training,d_loss,0.1074,raw_logs/sneha_singh/task3_gan/train_full_100ep.log
earlier_run_100ep_ngf64,epoch 66,training,cycle_loss,2.1224,raw_logs/sneha_singh/task3_gan/train_full_100ep.log
earlier_run_100ep_ngf64,epoch 66,training,identity_loss,7.2225,raw_logs/sneha_singh/task3_gan/train_full_100ep.log
earlier_run_100ep_ngf64,epoch 66,training,grad_norm_sum,284.8847,raw_logs/sneha_singh/task3_gan/train_full_100ep.log
earlier_run_100ep_ngf64,epoch 66,training,nan_count_cum,0,raw_logs/sneha_singh/task3_gan/train_full_100ep.log
earlier_run_100ep_ngf64,epoch 67,training,g_loss,10.6356,raw_logs/sneha_singh/task3_gan/train_full_100ep.log
earlier_run_100ep_ngf64,epoch 67,training,d_loss,0.1077,raw_logs/sneha_singh/task3_gan/train_full_100ep.log
earlier_run_100ep_ngf64,epoch 67,training,cycle_loss,2.0692,raw_logs/sneha_singh/task3_gan/train_full_100ep.log
earlier_run_100ep_ngf64,epoch 67,training,identity_loss,6.9623,raw_logs/sneha_singh/task3_gan/train_full_100ep.log
earlier_run_100ep_ngf64,epoch 67,training,grad_norm_sum,274.0468,raw_logs/sneha_singh/task3_gan/train_full_100ep.log
earlier_run_100ep_ngf64,epoch 67,training,nan_count_cum,0,raw_logs/sneha_singh/task3_gan/train_full_100ep.log
earlier_run_100ep_ngf64,epoch 68,training,g_loss,10.3441,raw_logs/sneha_singh/task3_gan/train_full_100ep.log
earlier_run_100ep_ngf64,epoch 68,training,d_loss,0.1092,raw_logs/sneha_singh/task3_gan/train_full_100ep.log
earlier_run_100ep_ngf64,epoch 68,training,cycle_loss,2.0280,raw_logs/sneha_singh/task3_gan/train_full_100ep.log
earlier_run_100ep_ngf64,epoch 68,training,identity_loss,6.7130,raw_logs/sneha_singh/task3_gan/train_full_100ep.log
earlier_run_100ep_ngf64,epoch 68,training,grad_norm_sum,269.2181,raw_logs/sneha_singh/task3_gan/train_full_100ep.log
earlier_run_100ep_ngf64,epoch 68,training,nan_count_cum,0,raw_logs/sneha_singh/task3_gan/train_full_100ep.log
earlier_run_100ep_ngf64,epoch 69,training,g_loss,10.7016,raw_logs/sneha_singh/task3_gan/train_full_100ep.log
earlier_run_100ep_ngf64,epoch 69,training,d_loss,0.0904,raw_logs/sneha_singh/task3_gan/train_full_100ep.log
earlier_run_100ep_ngf64,epoch 69,training,cycle_loss,2.0808,raw_logs/sneha_singh/task3_gan/train_full_100ep.log
earlier_run_100ep_ngf64,epoch 69,training,identity_loss,6.9528,raw_logs/sneha_singh/task3_gan/train_full_100ep.log
earlier_run_100ep_ngf64,epoch 69,training,grad_norm_sum,285.4791,raw_logs/sneha_singh/task3_gan/train_full_100ep.log
earlier_run_100ep_ngf64,epoch 69,training,nan_count_cum,0,raw_logs/sneha_singh/task3_gan/train_full_100ep.log
earlier_run_100ep_ngf64,epoch 70,training,g_loss,10.3876,raw_logs/sneha_singh/task3_gan/train_full_100ep.log
earlier_run_100ep_ngf64,epoch 70,training,d_loss,0.0981,raw_logs/sneha_singh/task3_gan/train_full_100ep.log
earlier_run_100ep_ngf64,epoch 70,training,cycle_loss,2.0249,raw_logs/sneha_singh/task3_gan/train_full_100ep.log
earlier_run_100ep_ngf64,epoch 70,training,identity_loss,6.7129,raw_logs/sneha_singh/task3_gan/train_full_100ep.log
earlier_run_100ep_ngf64,epoch 70,training,grad_norm_sum,272.9456,raw_logs/sneha_singh/task3_gan/train_full_100ep.log
earlier_run_100ep_ngf64,epoch 70,training,nan_count_cum,0,raw_logs/sneha_singh/task3_gan/train_full_100ep.log
earlier_run_100ep_ngf64,epoch 71,training,g_loss,10.3569,raw_logs/sneha_singh/task3_gan/train_full_100ep.log
earlier_run_100ep_ngf64,epoch 71,training,d_loss,0.0955,raw_logs/sneha_singh/task3_gan/train_full_100ep.log
earlier_run_100ep_ngf64,epoch 71,training,cycle_loss,2.0034,raw_logs/sneha_singh/task3_gan/train_full_100ep.log
earlier_run_100ep_ngf64,epoch 71,training,identity_loss,6.7100,raw_logs/sneha_singh/task3_gan/train_full_100ep.log
earlier_run_100ep_ngf64,epoch 71,training,grad_norm_sum,276.1173,raw_logs/sneha_singh/task3_gan/train_full_100ep.log
earlier_run_100ep_ngf64,epoch 71,training,nan_count_cum,0,raw_logs/sneha_singh/task3_gan/train_full_100ep.log
earlier_run_100ep_ngf64,epoch 72,training,g_loss,10.3561,raw_logs/sneha_singh/task3_gan/train_full_100ep.log
earlier_run_100ep_ngf64,epoch 72,training,d_loss,0.0869,raw_logs/sneha_singh/task3_gan/train_full_100ep.log
earlier_run_100ep_ngf64,epoch 72,training,cycle_loss,2.0109,raw_logs/sneha_singh/task3_gan/train_full_100ep.log
earlier_run_100ep_ngf64,epoch 72,training,identity_loss,6.6785,raw_logs/sneha_singh/task3_gan/train_full_100ep.log
earlier_run_100ep_ngf64,epoch 72,training,grad_norm_sum,270.0012,raw_logs/sneha_singh/task3_gan/train_full_100ep.log
earlier_run_100ep_ngf64,epoch 72,training,nan_count_cum,0,raw_logs/sneha_singh/task3_gan/train_full_100ep.log
earlier_run_100ep_ngf64,epoch 73,training,g_loss,10.2411,raw_logs/sneha_singh/task3_gan/train_full_100ep.log
earlier_run_100ep_ngf64,epoch 73,training,d_loss,0.0999,raw_logs/sneha_singh/task3_gan/train_full_100ep.log
earlier_run_100ep_ngf64,epoch 73,training,cycle_loss,1.9791,raw_logs/sneha_singh/task3_gan/train_full_100ep.log
earlier_run_100ep_ngf64,epoch 73,training,identity_loss,6.6264,raw_logs/sneha_singh/task3_gan/train_full_100ep.log
earlier_run_100ep_ngf64,epoch 73,training,grad_norm_sum,nan,raw_logs/sneha_singh/task3_gan/train_full_100ep.log
earlier_run_100ep_ngf64,epoch 73,training,nan_count_cum,0,raw_logs/sneha_singh/task3_gan/train_full_100ep.log
earlier_run_100ep_ngf64,epoch 74,training,g_loss,10.3869,raw_logs/sneha_singh/task3_gan/train_full_100ep.log
earlier_run_100ep_ngf64,epoch 74,training,d_loss,0.0838,raw_logs/sneha_singh/task3_gan/train_full_100ep.log
earlier_run_100ep_ngf64,epoch 74,training,cycle_loss,2.0258,raw_logs/sneha_singh/task3_gan/train_full_100ep.log
earlier_run_100ep_ngf64,epoch 74,training,identity_loss,6.6680,raw_logs/sneha_singh/task3_gan/train_full_100ep.log
earlier_run_100ep_ngf64,epoch 74,training,grad_norm_sum,284.5338,raw_logs/sneha_singh/task3_gan/train_full_100ep.log
earlier_run_100ep_ngf64,epoch 74,training,nan_count_cum,0,raw_logs/sneha_singh/task3_gan/train_full_100ep.log
earlier_run_100ep_ngf64,epoch 75,training,g_loss,10.2610,raw_logs/sneha_singh/task3_gan/train_full_100ep.log
earlier_run_100ep_ngf64,epoch 75,training,d_loss,0.0854,raw_logs/sneha_singh/task3_gan/train_full_100ep.log
earlier_run_100ep_ngf64,epoch 75,training,cycle_loss,1.9785,raw_logs/sneha_singh/task3_gan/train_full_100ep.log
earlier_run_100ep_ngf64,epoch 75,training,identity_loss,6.6121,raw_logs/sneha_singh/task3_gan/train_full_100ep.log
earlier_run_100ep_ngf64,epoch 75,training,grad_norm_sum,277.0360,raw_logs/sneha_singh/task3_gan/train_full_100ep.log
earlier_run_100ep_ngf64,epoch 75,training,nan_count_cum,0,raw_logs/sneha_singh/task3_gan/train_full_100ep.log
earlier_run_100ep_ngf64,epoch 76,training,g_loss,10.1603,raw_logs/sneha_singh/task3_gan/train_full_100ep.log
earlier_run_100ep_ngf64,epoch 76,training,d_loss,0.0847,raw_logs/sneha_singh/task3_gan/train_full_100ep.log
earlier_run_100ep_ngf64,epoch 76,training,cycle_loss,1.9652,raw_logs/sneha_singh/task3_gan/train_full_100ep.log
earlier_run_100ep_ngf64,epoch 76,training,identity_loss,6.5175,raw_logs/sneha_singh/task3_gan/train_full_100ep.log
earlier_run_100ep_ngf64,epoch 76,training,grad_norm_sum,279.9993,raw_logs/sneha_singh/task3_gan/train_full_100ep.log
earlier_run_100ep_ngf64,epoch 76,training,nan_count_cum,0,raw_logs/sneha_singh/task3_gan/train_full_100ep.log
earlier_run_100ep_ngf64,epoch 77,training,g_loss,9.8465,raw_logs/sneha_singh/task3_gan/train_full_100ep.log
earlier_run_100ep_ngf64,epoch 77,training,d_loss,0.0869,raw_logs/sneha_singh/task3_gan/train_full_100ep.log
earlier_run_100ep_ngf64,epoch 77,training,cycle_loss,1.9072,raw_logs/sneha_singh/task3_gan/train_full_100ep.log
earlier_run_100ep_ngf64,epoch 77,training,identity_loss,6.2824,raw_logs/sneha_singh/task3_gan/train_full_100ep.log
earlier_run_100ep_ngf64,epoch 77,training,grad_norm_sum,268.6081,raw_logs/sneha_singh/task3_gan/train_full_100ep.log
earlier_run_100ep_ngf64,epoch 77,training,nan_count_cum,0,raw_logs/sneha_singh/task3_gan/train_full_100ep.log
earlier_run_100ep_ngf64,epoch 78,training,g_loss,9.8909,raw_logs/sneha_singh/task3_gan/train_full_100ep.log
earlier_run_100ep_ngf64,epoch 78,training,d_loss,0.0860,raw_logs/sneha_singh/task3_gan/train_full_100ep.log
earlier_run_100ep_ngf64,epoch 78,training,cycle_loss,1.9318,raw_logs/sneha_singh/task3_gan/train_full_100ep.log
earlier_run_100ep_ngf64,epoch 78,training,identity_loss,6.2901,raw_logs/sneha_singh/task3_gan/train_full_100ep.log
earlier_run_100ep_ngf64,epoch 78,training,grad_norm_sum,281.8029,raw_logs/sneha_singh/task3_gan/train_full_100ep.log
earlier_run_100ep_ngf64,epoch 78,training,nan_count_cum,0,raw_logs/sneha_singh/task3_gan/train_full_100ep.log
earlier_run_100ep_ngf64,epoch 79,training,g_loss,9.8638,raw_logs/sneha_singh/task3_gan/train_full_100ep.log
earlier_run_100ep_ngf64,epoch 79,training,d_loss,0.0842,raw_logs/sneha_singh/task3_gan/train_full_100ep.log
earlier_run_100ep_ngf64,epoch 79,training,cycle_loss,1.8852,raw_logs/sneha_singh/task3_gan/train_full_100ep.log
earlier_run_100ep_ngf64,epoch 79,training,identity_loss,6.3030,raw_logs/sneha_singh/task3_gan/train_full_100ep.log
earlier_run_100ep_ngf64,epoch 79,training,grad_norm_sum,273.8016,raw_logs/sneha_singh/task3_gan/train_full_100ep.log
earlier_run_100ep_ngf64,epoch 79,training,nan_count_cum,0,raw_logs/sneha_singh/task3_gan/train_full_100ep.log
earlier_run_100ep_ngf64,epoch 80,training,g_loss,9.5340,raw_logs/sneha_singh/task3_gan/train_full_100ep.log
earlier_run_100ep_ngf64,epoch 80,training,d_loss,0.0947,raw_logs/sneha_singh/task3_gan/train_full_100ep.log
earlier_run_100ep_ngf64,epoch 80,training,cycle_loss,1.8635,raw_logs/sneha_singh/task3_gan/train_full_100ep.log
earlier_run_100ep_ngf64,epoch 80,training,identity_loss,6.0260,raw_logs/sneha_singh/task3_gan/train_full_100ep.log
earlier_run_100ep_ngf64,epoch 80,training,grad_norm_sum,270.7567,raw_logs/sneha_singh/task3_gan/train_full_100ep.log
earlier_run_100ep_ngf64,epoch 80,training,nan_count_cum,0,raw_logs/sneha_singh/task3_gan/train_full_100ep.log
earlier_run_100ep_ngf64,epoch 81,training,g_loss,9.7091,raw_logs/sneha_singh/task3_gan/train_full_100ep.log
earlier_run_100ep_ngf64,epoch 81,training,d_loss,0.0800,raw_logs/sneha_singh/task3_gan/train_full_100ep.log
earlier_run_100ep_ngf64,epoch 81,training,cycle_loss,1.8952,raw_logs/sneha_singh/task3_gan/train_full_100ep.log
earlier_run_100ep_ngf64,epoch 81,training,identity_loss,6.1200,raw_logs/sneha_singh/task3_gan/train_full_100ep.log
earlier_run_100ep_ngf64,epoch 81,training,grad_norm_sum,nan,raw_logs/sneha_singh/task3_gan/train_full_100ep.log
earlier_run_100ep_ngf64,epoch 81,training,nan_count_cum,0,raw_logs/sneha_singh/task3_gan/train_full_100ep.log
earlier_run_100ep_ngf64,epoch 82,training,g_loss,9.6322,raw_logs/sneha_singh/task3_gan/train_full_100ep.log
earlier_run_100ep_ngf64,epoch 82,training,d_loss,0.0886,raw_logs/sneha_singh/task3_gan/train_full_100ep.log
earlier_run_100ep_ngf64,epoch 82,training,cycle_loss,1.8883,raw_logs/sneha_singh/task3_gan/train_full_100ep.log
earlier_run_100ep_ngf64,epoch 82,training,identity_loss,6.0854,raw_logs/sneha_singh/task3_gan/train_full_100ep.log
earlier_run_100ep_ngf64,epoch 82,training,grad_norm_sum,282.8746,raw_logs/sneha_singh/task3_gan/train_full_100ep.log
earlier_run_100ep_ngf64,epoch 82,training,nan_count_cum,0,raw_logs/sneha_singh/task3_gan/train_full_100ep.log
earlier_run_100ep_ngf64,epoch 83,training,g_loss,9.3867,raw_logs/sneha_singh/task3_gan/train_full_100ep.log
earlier_run_100ep_ngf64,epoch 83,training,d_loss,0.0839,raw_logs/sneha_singh/task3_gan/train_full_100ep.log
earlier_run_100ep_ngf64,epoch 83,training,cycle_loss,1.8283,raw_logs/sneha_singh/task3_gan/train_full_100ep.log
earlier_run_100ep_ngf64,epoch 83,training,identity_loss,5.9015,raw_logs/sneha_singh/task3_gan/train_full_100ep.log
earlier_run_100ep_ngf64,epoch 83,training,grad_norm_sum,266.7169,raw_logs/sneha_singh/task3_gan/train_full_100ep.log
earlier_run_100ep_ngf64,epoch 83,training,nan_count_cum,0,raw_logs/sneha_singh/task3_gan/train_full_100ep.log
earlier_run_100ep_ngf64,epoch 84,training,g_loss,9.5632,raw_logs/sneha_singh/task3_gan/train_full_100ep.log
earlier_run_100ep_ngf64,epoch 84,training,d_loss,0.0826,raw_logs/sneha_singh/task3_gan/train_full_100ep.log
earlier_run_100ep_ngf64,epoch 84,training,cycle_loss,1.8614,raw_logs/sneha_singh/task3_gan/train_full_100ep.log
earlier_run_100ep_ngf64,epoch 84,training,identity_loss,6.0152,raw_logs/sneha_singh/task3_gan/train_full_100ep.log
earlier_run_100ep_ngf64,epoch 84,training,grad_norm_sum,276.7831,raw_logs/sneha_singh/task3_gan/train_full_100ep.log
earlier_run_100ep_ngf64,epoch 84,training,nan_count_cum,0,raw_logs/sneha_singh/task3_gan/train_full_100ep.log
earlier_run_100ep_ngf64,epoch 85,training,g_loss,9.3688,raw_logs/sneha_singh/task3_gan/train_full_100ep.log
earlier_run_100ep_ngf64,epoch 85,training,d_loss,0.0800,raw_logs/sneha_singh/task3_gan/train_full_100ep.log
earlier_run_100ep_ngf64,epoch 85,training,cycle_loss,1.8081,raw_logs/sneha_singh/task3_gan/train_full_100ep.log
earlier_run_100ep_ngf64,epoch 85,training,identity_loss,5.8789,raw_logs/sneha_singh/task3_gan/train_full_100ep.log
earlier_run_100ep_ngf64,epoch 85,training,grad_norm_sum,285.6611,raw_logs/sneha_singh/task3_gan/train_full_100ep.log
earlier_run_100ep_ngf64,epoch 85,training,nan_count_cum,0,raw_logs/sneha_singh/task3_gan/train_full_100ep.log
earlier_run_100ep_ngf64,epoch 86,training,g_loss,9.2191,raw_logs/sneha_singh/task3_gan/train_full_100ep.log
earlier_run_100ep_ngf64,epoch 86,training,d_loss,0.0870,raw_logs/sneha_singh/task3_gan/train_full_100ep.log
earlier_run_100ep_ngf64,epoch 86,training,cycle_loss,1.7874,raw_logs/sneha_singh/task3_gan/train_full_100ep.log
earlier_run_100ep_ngf64,epoch 86,training,identity_loss,5.7830,raw_logs/sneha_singh/task3_gan/train_full_100ep.log
earlier_run_100ep_ngf64,epoch 86,training,grad_norm_sum,287.4136,raw_logs/sneha_singh/task3_gan/train_full_100ep.log
earlier_run_100ep_ngf64,epoch 86,training,nan_count_cum,0,raw_logs/sneha_singh/task3_gan/train_full_100ep.log
earlier_run_100ep_ngf64,epoch 87,training,g_loss,9.1642,raw_logs/sneha_singh/task3_gan/train_full_100ep.log
earlier_run_100ep_ngf64,epoch 87,training,d_loss,0.0887,raw_logs/sneha_singh/task3_gan/train_full_100ep.log
earlier_run_100ep_ngf64,epoch 87,training,cycle_loss,1.8015,raw_logs/sneha_singh/task3_gan/train_full_100ep.log
earlier_run_100ep_ngf64,epoch 87,training,identity_loss,5.7198,raw_logs/sneha_singh/task3_gan/train_full_100ep.log
earlier_run_100ep_ngf64,epoch 87,training,grad_norm_sum,290.8750,raw_logs/sneha_singh/task3_gan/train_full_100ep.log
earlier_run_100ep_ngf64,epoch 87,training,nan_count_cum,0,raw_logs/sneha_singh/task3_gan/train_full_100ep.log
earlier_run_100ep_ngf64,epoch 88,training,g_loss,9.1645,raw_logs/sneha_singh/task3_gan/train_full_100ep.log
earlier_run_100ep_ngf64,epoch 88,training,d_loss,0.0803,raw_logs/sneha_singh/task3_gan/train_full_100ep.log
earlier_run_100ep_ngf64,epoch 88,training,cycle_loss,1.7980,raw_logs/sneha_singh/task3_gan/train_full_100ep.log
earlier_run_100ep_ngf64,epoch 88,training,identity_loss,5.6836,raw_logs/sneha_singh/task3_gan/train_full_100ep.log
earlier_run_100ep_ngf64,epoch 88,training,grad_norm_sum,302.8508,raw_logs/sneha_singh/task3_gan/train_full_100ep.log
earlier_run_100ep_ngf64,epoch 88,training,nan_count_cum,0,raw_logs/sneha_singh/task3_gan/train_full_100ep.log
earlier_run_100ep_ngf64,epoch 89,training,g_loss,9.0334,raw_logs/sneha_singh/task3_gan/train_full_100ep.log
earlier_run_100ep_ngf64,epoch 89,training,d_loss,0.0883,raw_logs/sneha_singh/task3_gan/train_full_100ep.log
earlier_run_100ep_ngf64,epoch 89,training,cycle_loss,1.7721,raw_logs/sneha_singh/task3_gan/train_full_100ep.log
earlier_run_100ep_ngf64,epoch 89,training,identity_loss,5.6159,raw_logs/sneha_singh/task3_gan/train_full_100ep.log
earlier_run_100ep_ngf64,epoch 89,training,grad_norm_sum,302.2537,raw_logs/sneha_singh/task3_gan/train_full_100ep.log
earlier_run_100ep_ngf64,epoch 89,training,nan_count_cum,0,raw_logs/sneha_singh/task3_gan/train_full_100ep.log
earlier_run_100ep_ngf64,epoch 90,training,g_loss,9.0928,raw_logs/sneha_singh/task3_gan/train_full_100ep.log
earlier_run_100ep_ngf64,epoch 90,training,d_loss,0.0852,raw_logs/sneha_singh/task3_gan/train_full_100ep.log
earlier_run_100ep_ngf64,epoch 90,training,cycle_loss,1.7914,raw_logs/sneha_singh/task3_gan/train_full_100ep.log
earlier_run_100ep_ngf64,epoch 90,training,identity_loss,5.6462,raw_logs/sneha_singh/task3_gan/train_full_100ep.log
earlier_run_100ep_ngf64,epoch 90,training,grad_norm_sum,304.8505,raw_logs/sneha_singh/task3_gan/train_full_100ep.log
earlier_run_100ep_ngf64,epoch 90,training,nan_count_cum,0,raw_logs/sneha_singh/task3_gan/train_full_100ep.log
earlier_run_100ep_ngf64,epoch 91,training,g_loss,9.0591,raw_logs/sneha_singh/task3_gan/train_full_100ep.log
earlier_run_100ep_ngf64,epoch 91,training,d_loss,0.0884,raw_logs/sneha_singh/task3_gan/train_full_100ep.log
earlier_run_100ep_ngf64,epoch 91,training,cycle_loss,1.7844,raw_logs/sneha_singh/task3_gan/train_full_100ep.log
earlier_run_100ep_ngf64,epoch 91,training,identity_loss,5.6406,raw_logs/sneha_singh/task3_gan/train_full_100ep.log
earlier_run_100ep_ngf64,epoch 91,training,grad_norm_sum,322.2681,raw_logs/sneha_singh/task3_gan/train_full_100ep.log
earlier_run_100ep_ngf64,epoch 91,training,nan_count_cum,0,raw_logs/sneha_singh/task3_gan/train_full_100ep.log
earlier_run_100ep_ngf64,epoch 92,training,g_loss,8.9991,raw_logs/sneha_singh/task3_gan/train_full_100ep.log
earlier_run_100ep_ngf64,epoch 92,training,d_loss,0.0918,raw_logs/sneha_singh/task3_gan/train_full_100ep.log
earlier_run_100ep_ngf64,epoch 92,training,cycle_loss,1.7635,raw_logs/sneha_singh/task3_gan/train_full_100ep.log
earlier_run_100ep_ngf64,epoch 92,training,identity_loss,5.5996,raw_logs/sneha_singh/task3_gan/train_full_100ep.log
earlier_run_100ep_ngf64,epoch 92,training,grad_norm_sum,325.7084,raw_logs/sneha_singh/task3_gan/train_full_100ep.log
earlier_run_100ep_ngf64,epoch 92,training,nan_count_cum,0,raw_logs/sneha_singh/task3_gan/train_full_100ep.log
earlier_run_100ep_ngf64,epoch 93,training,g_loss,8.8633,raw_logs/sneha_singh/task3_gan/train_full_100ep.log
earlier_run_100ep_ngf64,epoch 93,training,d_loss,0.0910,raw_logs/sneha_singh/task3_gan/train_full_100ep.log
earlier_run_100ep_ngf64,epoch 93,training,cycle_loss,1.7441,raw_logs/sneha_singh/task3_gan/train_full_100ep.log
earlier_run_100ep_ngf64,epoch 93,training,identity_loss,5.4902,raw_logs/sneha_singh/task3_gan/train_full_100ep.log
earlier_run_100ep_ngf64,epoch 93,training,grad_norm_sum,324.2074,raw_logs/sneha_singh/task3_gan/train_full_100ep.log
earlier_run_100ep_ngf64,epoch 93,training,nan_count_cum,0,raw_logs/sneha_singh/task3_gan/train_full_100ep.log
earlier_run_100ep_ngf64,epoch 94,training,g_loss,8.6625,raw_logs/sneha_singh/task3_gan/train_full_100ep.log
earlier_run_100ep_ngf64,epoch 94,training,d_loss,0.0935,raw_logs/sneha_singh/task3_gan/train_full_100ep.log
earlier_run_100ep_ngf64,epoch 94,training,cycle_loss,1.7290,raw_logs/sneha_singh/task3_gan/train_full_100ep.log
earlier_run_100ep_ngf64,epoch 94,training,identity_loss,5.3186,raw_logs/sneha_singh/task3_gan/train_full_100ep.log
earlier_run_100ep_ngf64,epoch 94,training,grad_norm_sum,328.0143,raw_logs/sneha_singh/task3_gan/train_full_100ep.log
earlier_run_100ep_ngf64,epoch 94,training,nan_count_cum,0,raw_logs/sneha_singh/task3_gan/train_full_100ep.log
earlier_run_100ep_ngf64,epoch 95,training,g_loss,8.6942,raw_logs/sneha_singh/task3_gan/train_full_100ep.log
earlier_run_100ep_ngf64,epoch 95,training,d_loss,0.0963,raw_logs/sneha_singh/task3_gan/train_full_100ep.log
earlier_run_100ep_ngf64,epoch 95,training,cycle_loss,1.7100,raw_logs/sneha_singh/task3_gan/train_full_100ep.log
earlier_run_100ep_ngf64,epoch 95,training,identity_loss,5.3832,raw_logs/sneha_singh/task3_gan/train_full_100ep.log
earlier_run_100ep_ngf64,epoch 95,training,grad_norm_sum,nan,raw_logs/sneha_singh/task3_gan/train_full_100ep.log
earlier_run_100ep_ngf64,epoch 95,training,nan_count_cum,0,raw_logs/sneha_singh/task3_gan/train_full_100ep.log
earlier_run_100ep_ngf64,epoch 96,training,g_loss,8.6461,raw_logs/sneha_singh/task3_gan/train_full_100ep.log
earlier_run_100ep_ngf64,epoch 96,training,d_loss,0.0952,raw_logs/sneha_singh/task3_gan/train_full_100ep.log
earlier_run_100ep_ngf64,epoch 96,training,cycle_loss,1.7017,raw_logs/sneha_singh/task3_gan/train_full_100ep.log
earlier_run_100ep_ngf64,epoch 96,training,identity_loss,5.3372,raw_logs/sneha_singh/task3_gan/train_full_100ep.log
earlier_run_100ep_ngf64,epoch 96,training,grad_norm_sum,315.3470,raw_logs/sneha_singh/task3_gan/train_full_100ep.log
earlier_run_100ep_ngf64,epoch 96,training,nan_count_cum,0,raw_logs/sneha_singh/task3_gan/train_full_100ep.log
earlier_run_100ep_ngf64,epoch 97,training,g_loss,8.5517,raw_logs/sneha_singh/task3_gan/train_full_100ep.log
earlier_run_100ep_ngf64,epoch 97,training,d_loss,0.0963,raw_logs/sneha_singh/task3_gan/train_full_100ep.log
earlier_run_100ep_ngf64,epoch 97,training,cycle_loss,1.6891,raw_logs/sneha_singh/task3_gan/train_full_100ep.log
earlier_run_100ep_ngf64,epoch 97,training,identity_loss,5.2576,raw_logs/sneha_singh/task3_gan/train_full_100ep.log
earlier_run_100ep_ngf64,epoch 97,training,grad_norm_sum,304.5922,raw_logs/sneha_singh/task3_gan/train_full_100ep.log
earlier_run_100ep_ngf64,epoch 97,training,nan_count_cum,0,raw_logs/sneha_singh/task3_gan/train_full_100ep.log
earlier_run_100ep_ngf64,epoch 98,training,g_loss,8.5216,raw_logs/sneha_singh/task3_gan/train_full_100ep.log
earlier_run_100ep_ngf64,epoch 98,training,d_loss,0.0941,raw_logs/sneha_singh/task3_gan/train_full_100ep.log
earlier_run_100ep_ngf64,epoch 98,training,cycle_loss,1.6759,raw_logs/sneha_singh/task3_gan/train_full_100ep.log
earlier_run_100ep_ngf64,epoch 98,training,identity_loss,5.2386,raw_logs/sneha_singh/task3_gan/train_full_100ep.log
earlier_run_100ep_ngf64,epoch 98,training,grad_norm_sum,286.1822,raw_logs/sneha_singh/task3_gan/train_full_100ep.log
earlier_run_100ep_ngf64,epoch 98,training,nan_count_cum,0,raw_logs/sneha_singh/task3_gan/train_full_100ep.log
earlier_run_100ep_ngf64,epoch 99,training,g_loss,8.5608,raw_logs/sneha_singh/task3_gan/train_full_100ep.log
earlier_run_100ep_ngf64,epoch 99,training,d_loss,0.0912,raw_logs/sneha_singh/task3_gan/train_full_100ep.log
earlier_run_100ep_ngf64,epoch 99,training,cycle_loss,1.6832,raw_logs/sneha_singh/task3_gan/train_full_100ep.log
earlier_run_100ep_ngf64,epoch 99,training,identity_loss,5.2555,raw_logs/sneha_singh/task3_gan/train_full_100ep.log
earlier_run_100ep_ngf64,epoch 99,training,grad_norm_sum,274.2556,raw_logs/sneha_singh/task3_gan/train_full_100ep.log
earlier_run_100ep_ngf64,epoch 99,training,nan_count_cum,0,raw_logs/sneha_singh/task3_gan/train_full_100ep.log
earlier_run_100ep_ngf64,epoch 100,training,g_loss,8.5053,raw_logs/sneha_singh/task3_gan/train_full_100ep.log
earlier_run_100ep_ngf64,epoch 100,training,d_loss,0.0941,raw_logs/sneha_singh/task3_gan/train_full_100ep.log
earlier_run_100ep_ngf64,epoch 100,training,cycle_loss,1.6758,raw_logs/sneha_singh/task3_gan/train_full_100ep.log
earlier_run_100ep_ngf64,epoch 100,training,identity_loss,5.2234,raw_logs/sneha_singh/task3_gan/train_full_100ep.log
earlier_run_100ep_ngf64,epoch 100,training,grad_norm_sum,268.4072,raw_logs/sneha_singh/task3_gan/train_full_100ep.log
earlier_run_100ep_ngf64,epoch 100,training,nan_count_cum,0,raw_logs/sneha_singh/task3_gan/train_full_100ep.log
run_80ep_earlier,epoch 1,training,g_loss,9.5142,raw_logs/sneha_singh/task3_gan/train_full.log
run_80ep_earlier,epoch 1,training,d_loss,0.4678,raw_logs/sneha_singh/task3_gan/train_full.log
run_80ep_earlier,epoch 1,training,cycle_loss,5.9246,raw_logs/sneha_singh/task3_gan/train_full.log
run_80ep_earlier,epoch 1,training,identity_loss,2.7195,raw_logs/sneha_singh/task3_gan/train_full.log
run_80ep_earlier,epoch 1,training,grad_norm_sum,inf,raw_logs/sneha_singh/task3_gan/train_full.log
run_80ep_earlier,epoch 1,training,nan_count_cum,0,raw_logs/sneha_singh/task3_gan/train_full.log
run_80ep_earlier,epoch 2,training,g_loss,8.5420,raw_logs/sneha_singh/task3_gan/train_full.log
run_80ep_earlier,epoch 2,training,d_loss,0.3452,raw_logs/sneha_singh/task3_gan/train_full.log
run_80ep_earlier,epoch 2,training,cycle_loss,5.2082,raw_logs/sneha_singh/task3_gan/train_full.log
run_80ep_earlier,epoch 2,training,identity_loss,2.3447,raw_logs/sneha_singh/task3_gan/train_full.log
run_80ep_earlier,epoch 2,training,grad_norm_sum,157.9179,raw_logs/sneha_singh/task3_gan/train_full.log
run_80ep_earlier,epoch 2,training,nan_count_cum,0,raw_logs/sneha_singh/task3_gan/train_full.log
run_80ep_earlier,epoch 3,training,g_loss,8.0217,raw_logs/sneha_singh/task3_gan/train_full.log
run_80ep_earlier,epoch 3,training,d_loss,0.2694,raw_logs/sneha_singh/task3_gan/train_full.log
run_80ep_earlier,epoch 3,training,cycle_loss,4.7397,raw_logs/sneha_singh/task3_gan/train_full.log
run_80ep_earlier,epoch 3,training,identity_loss,2.1797,raw_logs/sneha_singh/task3_gan/train_full.log
run_80ep_earlier,epoch 3,training,grad_norm_sum,146.0785,raw_logs/sneha_singh/task3_gan/train_full.log
run_80ep_earlier,epoch 3,training,nan_count_cum,0,raw_logs/sneha_singh/task3_gan/train_full.log
run_80ep_earlier,epoch 4,training,g_loss,7.6496,raw_logs/sneha_singh/task3_gan/train_full.log
run_80ep_earlier,epoch 4,training,d_loss,0.2470,raw_logs/sneha_singh/task3_gan/train_full.log
run_80ep_earlier,epoch 4,training,cycle_loss,4.5141,raw_logs/sneha_singh/task3_gan/train_full.log
run_80ep_earlier,epoch 4,training,identity_loss,2.0770,raw_logs/sneha_singh/task3_gan/train_full.log
run_80ep_earlier,epoch 4,training,grad_norm_sum,144.2256,raw_logs/sneha_singh/task3_gan/train_full.log
run_80ep_earlier,epoch 4,training,nan_count_cum,0,raw_logs/sneha_singh/task3_gan/train_full.log
run_80ep_earlier,epoch 5,training,g_loss,7.5285,raw_logs/sneha_singh/task3_gan/train_full.log
run_80ep_earlier,epoch 5,training,d_loss,0.2610,raw_logs/sneha_singh/task3_gan/train_full.log
run_80ep_earlier,epoch 5,training,cycle_loss,4.4700,raw_logs/sneha_singh/task3_gan/train_full.log
run_80ep_earlier,epoch 5,training,identity_loss,2.0622,raw_logs/sneha_singh/task3_gan/train_full.log
run_80ep_earlier,epoch 5,training,grad_norm_sum,inf,raw_logs/sneha_singh/task3_gan/train_full.log
run_80ep_earlier,epoch 5,training,nan_count_cum,0,raw_logs/sneha_singh/task3_gan/train_full.log
run_80ep_earlier,epoch 6,training,g_loss,7.4136,raw_logs/sneha_singh/task3_gan/train_full.log
run_80ep_earlier,epoch 6,training,d_loss,0.2525,raw_logs/sneha_singh/task3_gan/train_full.log
run_80ep_earlier,epoch 6,training,cycle_loss,4.3588,raw_logs/sneha_singh/task3_gan/train_full.log
run_80ep_earlier,epoch 6,training,identity_loss,2.0093,raw_logs/sneha_singh/task3_gan/train_full.log
run_80ep_earlier,epoch 6,training,grad_norm_sum,140.5022,raw_logs/sneha_singh/task3_gan/train_full.log
run_80ep_earlier,epoch 6,training,nan_count_cum,0,raw_logs/sneha_singh/task3_gan/train_full.log
run_80ep_earlier,epoch 7,training,g_loss,7.1798,raw_logs/sneha_singh/task3_gan/train_full.log
run_80ep_earlier,epoch 7,training,d_loss,0.3016,raw_logs/sneha_singh/task3_gan/train_full.log
run_80ep_earlier,epoch 7,training,cycle_loss,4.2206,raw_logs/sneha_singh/task3_gan/train_full.log
run_80ep_earlier,epoch 7,training,identity_loss,1.9554,raw_logs/sneha_singh/task3_gan/train_full.log
run_80ep_earlier,epoch 7,training,grad_norm_sum,134.8354,raw_logs/sneha_singh/task3_gan/train_full.log
run_80ep_earlier,epoch 7,training,nan_count_cum,0,raw_logs/sneha_singh/task3_gan/train_full.log
run_80ep_earlier,epoch 8,training,g_loss,7.1188,raw_logs/sneha_singh/task3_gan/train_full.log
run_80ep_earlier,epoch 8,training,d_loss,0.2584,raw_logs/sneha_singh/task3_gan/train_full.log
run_80ep_earlier,epoch 8,training,cycle_loss,4.1965,raw_logs/sneha_singh/task3_gan/train_full.log
run_80ep_earlier,epoch 8,training,identity_loss,1.9302,raw_logs/sneha_singh/task3_gan/train_full.log
run_80ep_earlier,epoch 8,training,grad_norm_sum,133.9745,raw_logs/sneha_singh/task3_gan/train_full.log
run_80ep_earlier,epoch 8,training,nan_count_cum,0,raw_logs/sneha_singh/task3_gan/train_full.log
run_80ep_earlier,epoch 9,training,g_loss,6.9776,raw_logs/sneha_singh/task3_gan/train_full.log
run_80ep_earlier,epoch 9,training,d_loss,0.2608,raw_logs/sneha_singh/task3_gan/train_full.log
run_80ep_earlier,epoch 9,training,cycle_loss,4.0706,raw_logs/sneha_singh/task3_gan/train_full.log
run_80ep_earlier,epoch 9,training,identity_loss,1.8918,raw_logs/sneha_singh/task3_gan/train_full.log
run_80ep_earlier,epoch 9,training,grad_norm_sum,inf,raw_logs/sneha_singh/task3_gan/train_full.log
run_80ep_earlier,epoch 9,training,nan_count_cum,0,raw_logs/sneha_singh/task3_gan/train_full.log
run_80ep_earlier,epoch 10,training,g_loss,6.7484,raw_logs/sneha_singh/task3_gan/train_full.log
run_80ep_earlier,epoch 10,training,d_loss,0.2883,raw_logs/sneha_singh/task3_gan/train_full.log
run_80ep_earlier,epoch 10,training,cycle_loss,3.9459,raw_logs/sneha_singh/task3_gan/train_full.log
run_80ep_earlier,epoch 10,training,identity_loss,1.8229,raw_logs/sneha_singh/task3_gan/train_full.log
run_80ep_earlier,epoch 10,training,grad_norm_sum,125.6371,raw_logs/sneha_singh/task3_gan/train_full.log
run_80ep_earlier,epoch 10,training,nan_count_cum,0,raw_logs/sneha_singh/task3_gan/train_full.log
run_80ep_earlier,epoch 11,training,g_loss,6.6044,raw_logs/sneha_singh/task3_gan/train_full.log
run_80ep_earlier,epoch 11,training,d_loss,0.2586,raw_logs/sneha_singh/task3_gan/train_full.log
run_80ep_earlier,epoch 11,training,cycle_loss,3.8610,raw_logs/sneha_singh/task3_gan/train_full.log
run_80ep_earlier,epoch 11,training,identity_loss,1.7773,raw_logs/sneha_singh/task3_gan/train_full.log
run_80ep_earlier,epoch 11,training,grad_norm_sum,129.5964,raw_logs/sneha_singh/task3_gan/train_full.log
run_80ep_earlier,epoch 11,training,nan_count_cum,0,raw_logs/sneha_singh/task3_gan/train_full.log
run_80ep_earlier,epoch 12,training,g_loss,6.5212,raw_logs/sneha_singh/task3_gan/train_full.log
run_80ep_earlier,epoch 12,training,d_loss,0.2728,raw_logs/sneha_singh/task3_gan/train_full.log
run_80ep_earlier,epoch 12,training,cycle_loss,3.8049,raw_logs/sneha_singh/task3_gan/train_full.log
run_80ep_earlier,epoch 12,training,identity_loss,1.7402,raw_logs/sneha_singh/task3_gan/train_full.log
run_80ep_earlier,epoch 12,training,grad_norm_sum,128.6246,raw_logs/sneha_singh/task3_gan/train_full.log
run_80ep_earlier,epoch 12,training,nan_count_cum,0,raw_logs/sneha_singh/task3_gan/train_full.log
run_80ep_earlier,epoch 13,training,g_loss,6.5539,raw_logs/sneha_singh/task3_gan/train_full.log
run_80ep_earlier,epoch 13,training,d_loss,0.2574,raw_logs/sneha_singh/task3_gan/train_full.log
run_80ep_earlier,epoch 13,training,cycle_loss,3.7914,raw_logs/sneha_singh/task3_gan/train_full.log
run_80ep_earlier,epoch 13,training,identity_loss,1.7446,raw_logs/sneha_singh/task3_gan/train_full.log
run_80ep_earlier,epoch 13,training,grad_norm_sum,131.0048,raw_logs/sneha_singh/task3_gan/train_full.log
run_80ep_earlier,epoch 13,training,nan_count_cum,0,raw_logs/sneha_singh/task3_gan/train_full.log
run_80ep_earlier,epoch 14,training,g_loss,6.5203,raw_logs/sneha_singh/task3_gan/train_full.log
run_80ep_earlier,epoch 14,training,d_loss,0.2598,raw_logs/sneha_singh/task3_gan/train_full.log
run_80ep_earlier,epoch 14,training,cycle_loss,3.7860,raw_logs/sneha_singh/task3_gan/train_full.log
run_80ep_earlier,epoch 14,training,identity_loss,1.7320,raw_logs/sneha_singh/task3_gan/train_full.log
run_80ep_earlier,epoch 14,training,grad_norm_sum,131.1734,raw_logs/sneha_singh/task3_gan/train_full.log
run_80ep_earlier,epoch 14,training,nan_count_cum,0,raw_logs/sneha_singh/task3_gan/train_full.log
run_80ep_earlier,epoch 15,training,g_loss,6.3367,raw_logs/sneha_singh/task3_gan/train_full.log
run_80ep_earlier,epoch 15,training,d_loss,0.2601,raw_logs/sneha_singh/task3_gan/train_full.log
run_80ep_earlier,epoch 15,training,cycle_loss,3.6467,raw_logs/sneha_singh/task3_gan/train_full.log
run_80ep_earlier,epoch 15,training,identity_loss,1.6835,raw_logs/sneha_singh/task3_gan/train_full.log
run_80ep_earlier,epoch 15,training,grad_norm_sum,125.4768,raw_logs/sneha_singh/task3_gan/train_full.log
run_80ep_earlier,epoch 15,training,nan_count_cum,0,raw_logs/sneha_singh/task3_gan/train_full.log
run_80ep_earlier,epoch 16,training,g_loss,6.5989,raw_logs/sneha_singh/task3_gan/train_full.log
run_80ep_earlier,epoch 16,training,d_loss,0.2495,raw_logs/sneha_singh/task3_gan/train_full.log
run_80ep_earlier,epoch 16,training,cycle_loss,3.7681,raw_logs/sneha_singh/task3_gan/train_full.log
run_80ep_earlier,epoch 16,training,identity_loss,1.7357,raw_logs/sneha_singh/task3_gan/train_full.log
run_80ep_earlier,epoch 16,training,grad_norm_sum,132.7583,raw_logs/sneha_singh/task3_gan/train_full.log
run_80ep_earlier,epoch 16,training,nan_count_cum,0,raw_logs/sneha_singh/task3_gan/train_full.log
run_80ep_earlier,epoch 17,training,g_loss,6.3949,raw_logs/sneha_singh/task3_gan/train_full.log
run_80ep_earlier,epoch 17,training,d_loss,0.2647,raw_logs/sneha_singh/task3_gan/train_full.log
run_80ep_earlier,epoch 17,training,cycle_loss,3.6682,raw_logs/sneha_singh/task3_gan/train_full.log
run_80ep_earlier,epoch 17,training,identity_loss,1.6761,raw_logs/sneha_singh/task3_gan/train_full.log
run_80ep_earlier,epoch 17,training,grad_norm_sum,130.3435,raw_logs/sneha_singh/task3_gan/train_full.log
run_80ep_earlier,epoch 17,training,nan_count_cum,0,raw_logs/sneha_singh/task3_gan/train_full.log
run_80ep_earlier,epoch 18,training,g_loss,6.2920,raw_logs/sneha_singh/task3_gan/train_full.log
run_80ep_earlier,epoch 18,training,d_loss,0.2578,raw_logs/sneha_singh/task3_gan/train_full.log
run_80ep_earlier,epoch 18,training,cycle_loss,3.6195,raw_logs/sneha_singh/task3_gan/train_full.log
run_80ep_earlier,epoch 18,training,identity_loss,1.6590,raw_logs/sneha_singh/task3_gan/train_full.log
run_80ep_earlier,epoch 18,training,grad_norm_sum,126.1406,raw_logs/sneha_singh/task3_gan/train_full.log
run_80ep_earlier,epoch 18,training,nan_count_cum,0,raw_logs/sneha_singh/task3_gan/train_full.log
run_80ep_earlier,epoch 19,training,g_loss,6.2845,raw_logs/sneha_singh/task3_gan/train_full.log
run_80ep_earlier,epoch 19,training,d_loss,0.2536,raw_logs/sneha_singh/task3_gan/train_full.log
run_80ep_earlier,epoch 19,training,cycle_loss,3.5922,raw_logs/sneha_singh/task3_gan/train_full.log
run_80ep_earlier,epoch 19,training,identity_loss,1.6566,raw_logs/sneha_singh/task3_gan/train_full.log
run_80ep_earlier,epoch 19,training,grad_norm_sum,129.8671,raw_logs/sneha_singh/task3_gan/train_full.log
run_80ep_earlier,epoch 19,training,nan_count_cum,0,raw_logs/sneha_singh/task3_gan/train_full.log
run_80ep_earlier,epoch 20,training,g_loss,6.2701,raw_logs/sneha_singh/task3_gan/train_full.log
run_80ep_earlier,epoch 20,training,d_loss,0.3735,raw_logs/sneha_singh/task3_gan/train_full.log
run_80ep_earlier,epoch 20,training,cycle_loss,3.5568,raw_logs/sneha_singh/task3_gan/train_full.log
run_80ep_earlier,epoch 20,training,identity_loss,1.6495,raw_logs/sneha_singh/task3_gan/train_full.log
run_80ep_earlier,epoch 20,training,grad_norm_sum,122.4195,raw_logs/sneha_singh/task3_gan/train_full.log
run_80ep_earlier,epoch 20,training,nan_count_cum,0,raw_logs/sneha_singh/task3_gan/train_full.log
run_80ep_earlier,epoch 21,training,g_loss,5.8092,raw_logs/sneha_singh/task3_gan/train_full.log
run_80ep_earlier,epoch 21,training,d_loss,0.2711,raw_logs/sneha_singh/task3_gan/train_full.log
run_80ep_earlier,epoch 21,training,cycle_loss,3.3196,raw_logs/sneha_singh/task3_gan/train_full.log
run_80ep_earlier,epoch 21,training,identity_loss,1.5521,raw_logs/sneha_singh/task3_gan/train_full.log
run_80ep_earlier,epoch 21,training,grad_norm_sum,112.2924,raw_logs/sneha_singh/task3_gan/train_full.log
run_80ep_earlier,epoch 21,training,nan_count_cum,0,raw_logs/sneha_singh/task3_gan/train_full.log
run_80ep_earlier,epoch 22,training,g_loss,6.0317,raw_logs/sneha_singh/task3_gan/train_full.log
run_80ep_earlier,epoch 22,training,d_loss,0.2446,raw_logs/sneha_singh/task3_gan/train_full.log
run_80ep_earlier,epoch 22,training,cycle_loss,3.4352,raw_logs/sneha_singh/task3_gan/train_full.log
run_80ep_earlier,epoch 22,training,identity_loss,1.5908,raw_logs/sneha_singh/task3_gan/train_full.log
run_80ep_earlier,epoch 22,training,grad_norm_sum,118.7365,raw_logs/sneha_singh/task3_gan/train_full.log
run_80ep_earlier,epoch 22,training,nan_count_cum,0,raw_logs/sneha_singh/task3_gan/train_full.log
run_80ep_earlier,epoch 23,training,g_loss,6.0460,raw_logs/sneha_singh/task3_gan/train_full.log
run_80ep_earlier,epoch 23,training,d_loss,0.2426,raw_logs/sneha_singh/task3_gan/train_full.log
run_80ep_earlier,epoch 23,training,cycle_loss,3.4245,raw_logs/sneha_singh/task3_gan/train_full.log
run_80ep_earlier,epoch 23,training,identity_loss,1.5829,raw_logs/sneha_singh/task3_gan/train_full.log
run_80ep_earlier,epoch 23,training,grad_norm_sum,123.1343,raw_logs/sneha_singh/task3_gan/train_full.log
run_80ep_earlier,epoch 23,training,nan_count_cum,0,raw_logs/sneha_singh/task3_gan/train_full.log
run_80ep_earlier,epoch 24,training,g_loss,6.1936,raw_logs/sneha_singh/task3_gan/train_full.log
run_80ep_earlier,epoch 24,training,d_loss,0.2324,raw_logs/sneha_singh/task3_gan/train_full.log
run_80ep_earlier,epoch 24,training,cycle_loss,3.4963,raw_logs/sneha_singh/task3_gan/train_full.log
run_80ep_earlier,epoch 24,training,identity_loss,1.5998,raw_logs/sneha_singh/task3_gan/train_full.log
run_80ep_earlier,epoch 24,training,grad_norm_sum,nan,raw_logs/sneha_singh/task3_gan/train_full.log
run_80ep_earlier,epoch 24,training,nan_count_cum,0,raw_logs/sneha_singh/task3_gan/train_full.log
run_80ep_earlier,epoch 25,training,g_loss,6.1718,raw_logs/sneha_singh/task3_gan/train_full.log
run_80ep_earlier,epoch 25,training,d_loss,0.2331,raw_logs/sneha_singh/task3_gan/train_full.log
run_80ep_earlier,epoch 25,training,cycle_loss,3.4770,raw_logs/sneha_singh/task3_gan/train_full.log
run_80ep_earlier,epoch 25,training,identity_loss,1.6188,raw_logs/sneha_singh/task3_gan/train_full.log
run_80ep_earlier,epoch 25,training,grad_norm_sum,123.8659,raw_logs/sneha_singh/task3_gan/train_full.log
run_80ep_earlier,epoch 25,training,nan_count_cum,0,raw_logs/sneha_singh/task3_gan/train_full.log
run_80ep_earlier,epoch 26,training,g_loss,6.1148,raw_logs/sneha_singh/task3_gan/train_full.log
run_80ep_earlier,epoch 26,training,d_loss,0.2363,raw_logs/sneha_singh/task3_gan/train_full.log
run_80ep_earlier,epoch 26,training,cycle_loss,3.4402,raw_logs/sneha_singh/task3_gan/train_full.log
run_80ep_earlier,epoch 26,training,identity_loss,1.5912,raw_logs/sneha_singh/task3_gan/train_full.log
run_80ep_earlier,epoch 26,training,grad_norm_sum,inf,raw_logs/sneha_singh/task3_gan/train_full.log
run_80ep_earlier,epoch 26,training,nan_count_cum,0,raw_logs/sneha_singh/task3_gan/train_full.log
run_80ep_earlier,epoch 27,training,g_loss,5.8275,raw_logs/sneha_singh/task3_gan/train_full.log
run_80ep_earlier,epoch 27,training,d_loss,0.3720,raw_logs/sneha_singh/task3_gan/train_full.log
run_80ep_earlier,epoch 27,training,cycle_loss,3.2584,raw_logs/sneha_singh/task3_gan/train_full.log
run_80ep_earlier,epoch 27,training,identity_loss,1.5185,raw_logs/sneha_singh/task3_gan/train_full.log
run_80ep_earlier,epoch 27,training,grad_norm_sum,112.2709,raw_logs/sneha_singh/task3_gan/train_full.log
run_80ep_earlier,epoch 27,training,nan_count_cum,0,raw_logs/sneha_singh/task3_gan/train_full.log
run_80ep_earlier,epoch 28,training,g_loss,5.6971,raw_logs/sneha_singh/task3_gan/train_full.log
run_80ep_earlier,epoch 28,training,d_loss,0.2968,raw_logs/sneha_singh/task3_gan/train_full.log
run_80ep_earlier,epoch 28,training,cycle_loss,3.2863,raw_logs/sneha_singh/task3_gan/train_full.log
run_80ep_earlier,epoch 28,training,identity_loss,1.5121,raw_logs/sneha_singh/task3_gan/train_full.log
run_80ep_earlier,epoch 28,training,grad_norm_sum,113.5250,raw_logs/sneha_singh/task3_gan/train_full.log
run_80ep_earlier,epoch 28,training,nan_count_cum,0,raw_logs/sneha_singh/task3_gan/train_full.log
run_80ep_earlier,epoch 29,training,g_loss,5.7331,raw_logs/sneha_singh/task3_gan/train_full.log
run_80ep_earlier,epoch 29,training,d_loss,0.2783,raw_logs/sneha_singh/task3_gan/train_full.log
run_80ep_earlier,epoch 29,training,cycle_loss,3.2623,raw_logs/sneha_singh/task3_gan/train_full.log
run_80ep_earlier,epoch 29,training,identity_loss,1.5245,raw_logs/sneha_singh/task3_gan/train_full.log
run_80ep_earlier,epoch 29,training,grad_norm_sum,114.1805,raw_logs/sneha_singh/task3_gan/train_full.log
run_80ep_earlier,epoch 29,training,nan_count_cum,0,raw_logs/sneha_singh/task3_gan/train_full.log
run_80ep_earlier,epoch 30,training,g_loss,5.7346,raw_logs/sneha_singh/task3_gan/train_full.log
run_80ep_earlier,epoch 30,training,d_loss,0.2474,raw_logs/sneha_singh/task3_gan/train_full.log
run_80ep_earlier,epoch 30,training,cycle_loss,3.2283,raw_logs/sneha_singh/task3_gan/train_full.log
run_80ep_earlier,epoch 30,training,identity_loss,1.5191,raw_logs/sneha_singh/task3_gan/train_full.log
run_80ep_earlier,epoch 30,training,grad_norm_sum,112.0448,raw_logs/sneha_singh/task3_gan/train_full.log
run_80ep_earlier,epoch 30,training,nan_count_cum,0,raw_logs/sneha_singh/task3_gan/train_full.log
run_80ep_earlier,epoch 31,training,g_loss,5.9560,raw_logs/sneha_singh/task3_gan/train_full.log
run_80ep_earlier,epoch 31,training,d_loss,0.2262,raw_logs/sneha_singh/task3_gan/train_full.log
run_80ep_earlier,epoch 31,training,cycle_loss,3.3184,raw_logs/sneha_singh/task3_gan/train_full.log
run_80ep_earlier,epoch 31,training,identity_loss,1.5542,raw_logs/sneha_singh/task3_gan/train_full.log
run_80ep_earlier,epoch 31,training,grad_norm_sum,116.1509,raw_logs/sneha_singh/task3_gan/train_full.log
run_80ep_earlier,epoch 31,training,nan_count_cum,0,raw_logs/sneha_singh/task3_gan/train_full.log
run_80ep_earlier,epoch 32,training,g_loss,6.0084,raw_logs/sneha_singh/task3_gan/train_full.log
run_80ep_earlier,epoch 32,training,d_loss,0.2284,raw_logs/sneha_singh/task3_gan/train_full.log
run_80ep_earlier,epoch 32,training,cycle_loss,3.3428,raw_logs/sneha_singh/task3_gan/train_full.log
run_80ep_earlier,epoch 32,training,identity_loss,1.5551,raw_logs/sneha_singh/task3_gan/train_full.log
run_80ep_earlier,epoch 32,training,grad_norm_sum,118.8150,raw_logs/sneha_singh/task3_gan/train_full.log
run_80ep_earlier,epoch 32,training,nan_count_cum,0,raw_logs/sneha_singh/task3_gan/train_full.log
run_80ep_earlier,epoch 33,training,g_loss,5.9711,raw_logs/sneha_singh/task3_gan/train_full.log
run_80ep_earlier,epoch 33,training,d_loss,0.2238,raw_logs/sneha_singh/task3_gan/train_full.log
run_80ep_earlier,epoch 33,training,cycle_loss,3.3108,raw_logs/sneha_singh/task3_gan/train_full.log
run_80ep_earlier,epoch 33,training,identity_loss,1.5382,raw_logs/sneha_singh/task3_gan/train_full.log
run_80ep_earlier,epoch 33,training,grad_norm_sum,115.3883,raw_logs/sneha_singh/task3_gan/train_full.log
run_80ep_earlier,epoch 33,training,nan_count_cum,0,raw_logs/sneha_singh/task3_gan/train_full.log
run_80ep_earlier,epoch 34,training,g_loss,5.7044,raw_logs/sneha_singh/task3_gan/train_full.log
run_80ep_earlier,epoch 34,training,d_loss,0.2418,raw_logs/sneha_singh/task3_gan/train_full.log
run_80ep_earlier,epoch 34,training,cycle_loss,3.1260,raw_logs/sneha_singh/task3_gan/train_full.log
run_80ep_earlier,epoch 34,training,identity_loss,1.4812,raw_logs/sneha_singh/task3_gan/train_full.log
run_80ep_earlier,epoch 34,training,grad_norm_sum,109.2488,raw_logs/sneha_singh/task3_gan/train_full.log
run_80ep_earlier,epoch 34,training,nan_count_cum,0,raw_logs/sneha_singh/task3_gan/train_full.log
run_80ep_earlier,epoch 35,training,g_loss,5.9139,raw_logs/sneha_singh/task3_gan/train_full.log
run_80ep_earlier,epoch 35,training,d_loss,0.2220,raw_logs/sneha_singh/task3_gan/train_full.log
run_80ep_earlier,epoch 35,training,cycle_loss,3.2714,raw_logs/sneha_singh/task3_gan/train_full.log
run_80ep_earlier,epoch 35,training,identity_loss,1.5233,raw_logs/sneha_singh/task3_gan/train_full.log
run_80ep_earlier,epoch 35,training,grad_norm_sum,116.3837,raw_logs/sneha_singh/task3_gan/train_full.log
run_80ep_earlier,epoch 35,training,nan_count_cum,0,raw_logs/sneha_singh/task3_gan/train_full.log
run_80ep_earlier,epoch 36,training,g_loss,5.7317,raw_logs/sneha_singh/task3_gan/train_full.log
run_80ep_earlier,epoch 36,training,d_loss,0.2582,raw_logs/sneha_singh/task3_gan/train_full.log
run_80ep_earlier,epoch 36,training,cycle_loss,3.1760,raw_logs/sneha_singh/task3_gan/train_full.log
run_80ep_earlier,epoch 36,training,identity_loss,1.4926,raw_logs/sneha_singh/task3_gan/train_full.log
run_80ep_earlier,epoch 36,training,grad_norm_sum,112.9012,raw_logs/sneha_singh/task3_gan/train_full.log
run_80ep_earlier,epoch 36,training,nan_count_cum,0,raw_logs/sneha_singh/task3_gan/train_full.log
run_80ep_earlier,epoch 37,training,g_loss,5.6469,raw_logs/sneha_singh/task3_gan/train_full.log
run_80ep_earlier,epoch 37,training,d_loss,0.2300,raw_logs/sneha_singh/task3_gan/train_full.log
run_80ep_earlier,epoch 37,training,cycle_loss,3.0895,raw_logs/sneha_singh/task3_gan/train_full.log
run_80ep_earlier,epoch 37,training,identity_loss,1.4634,raw_logs/sneha_singh/task3_gan/train_full.log
run_80ep_earlier,epoch 37,training,grad_norm_sum,110.9565,raw_logs/sneha_singh/task3_gan/train_full.log
run_80ep_earlier,epoch 37,training,nan_count_cum,0,raw_logs/sneha_singh/task3_gan/train_full.log
run_80ep_earlier,epoch 38,training,g_loss,5.6549,raw_logs/sneha_singh/task3_gan/train_full.log
run_80ep_earlier,epoch 38,training,d_loss,0.2311,raw_logs/sneha_singh/task3_gan/train_full.log
run_80ep_earlier,epoch 38,training,cycle_loss,3.1098,raw_logs/sneha_singh/task3_gan/train_full.log
run_80ep_earlier,epoch 38,training,identity_loss,1.4631,raw_logs/sneha_singh/task3_gan/train_full.log
run_80ep_earlier,epoch 38,training,grad_norm_sum,109.9826,raw_logs/sneha_singh/task3_gan/train_full.log
run_80ep_earlier,epoch 38,training,nan_count_cum,0,raw_logs/sneha_singh/task3_gan/train_full.log
run_80ep_earlier,epoch 39,training,g_loss,5.6864,raw_logs/sneha_singh/task3_gan/train_full.log
run_80ep_earlier,epoch 39,training,d_loss,0.2321,raw_logs/sneha_singh/task3_gan/train_full.log
run_80ep_earlier,epoch 39,training,cycle_loss,3.1288,raw_logs/sneha_singh/task3_gan/train_full.log
run_80ep_earlier,epoch 39,training,identity_loss,1.4625,raw_logs/sneha_singh/task3_gan/train_full.log
run_80ep_earlier,epoch 39,training,grad_norm_sum,113.5631,raw_logs/sneha_singh/task3_gan/train_full.log
run_80ep_earlier,epoch 39,training,nan_count_cum,0,raw_logs/sneha_singh/task3_gan/train_full.log
run_80ep_earlier,epoch 40,training,g_loss,5.6113,raw_logs/sneha_singh/task3_gan/train_full.log
run_80ep_earlier,epoch 40,training,d_loss,0.4254,raw_logs/sneha_singh/task3_gan/train_full.log
run_80ep_earlier,epoch 40,training,cycle_loss,3.0637,raw_logs/sneha_singh/task3_gan/train_full.log
run_80ep_earlier,epoch 40,training,identity_loss,1.4443,raw_logs/sneha_singh/task3_gan/train_full.log
run_80ep_earlier,epoch 40,training,grad_norm_sum,106.2262,raw_logs/sneha_singh/task3_gan/train_full.log
run_80ep_earlier,epoch 40,training,nan_count_cum,0,raw_logs/sneha_singh/task3_gan/train_full.log
run_80ep_earlier,epoch 41,training,g_loss,5.3178,raw_logs/sneha_singh/task3_gan/train_full.log
run_80ep_earlier,epoch 41,training,d_loss,0.2860,raw_logs/sneha_singh/task3_gan/train_full.log
run_80ep_earlier,epoch 41,training,cycle_loss,2.9704,raw_logs/sneha_singh/task3_gan/train_full.log
run_80ep_earlier,epoch 41,training,identity_loss,1.4177,raw_logs/sneha_singh/task3_gan/train_full.log
run_80ep_earlier,epoch 41,training,grad_norm_sum,102.0484,raw_logs/sneha_singh/task3_gan/train_full.log
run_80ep_earlier,epoch 41,training,nan_count_cum,0,raw_logs/sneha_singh/task3_gan/train_full.log
run_80ep_earlier,epoch 42,training,g_loss,5.3769,raw_logs/sneha_singh/task3_gan/train_full.log
run_80ep_earlier,epoch 42,training,d_loss,0.2662,raw_logs/sneha_singh/task3_gan/train_full.log
run_80ep_earlier,epoch 42,training,cycle_loss,2.9954,raw_logs/sneha_singh/task3_gan/train_full.log
run_80ep_earlier,epoch 42,training,identity_loss,1.4203,raw_logs/sneha_singh/task3_gan/train_full.log
run_80ep_earlier,epoch 42,training,grad_norm_sum,106.7447,raw_logs/sneha_singh/task3_gan/train_full.log
run_80ep_earlier,epoch 42,training,nan_count_cum,0,raw_logs/sneha_singh/task3_gan/train_full.log
run_80ep_earlier,epoch 43,training,g_loss,5.5127,raw_logs/sneha_singh/task3_gan/train_full.log
run_80ep_earlier,epoch 43,training,d_loss,0.2414,raw_logs/sneha_singh/task3_gan/train_full.log
run_80ep_earlier,epoch 43,training,cycle_loss,3.0442,raw_logs/sneha_singh/task3_gan/train_full.log
run_80ep_earlier,epoch 43,training,identity_loss,1.4513,raw_logs/sneha_singh/task3_gan/train_full.log
run_80ep_earlier,epoch 43,training,grad_norm_sum,105.6953,raw_logs/sneha_singh/task3_gan/train_full.log
run_80ep_earlier,epoch 43,training,nan_count_cum,0,raw_logs/sneha_singh/task3_gan/train_full.log
run_80ep_earlier,epoch 44,training,g_loss,5.5939,raw_logs/sneha_singh/task3_gan/train_full.log
run_80ep_earlier,epoch 44,training,d_loss,0.2140,raw_logs/sneha_singh/task3_gan/train_full.log
run_80ep_earlier,epoch 44,training,cycle_loss,3.0413,raw_logs/sneha_singh/task3_gan/train_full.log
run_80ep_earlier,epoch 44,training,identity_loss,1.4420,raw_logs/sneha_singh/task3_gan/train_full.log
run_80ep_earlier,epoch 44,training,grad_norm_sum,110.5157,raw_logs/sneha_singh/task3_gan/train_full.log
run_80ep_earlier,epoch 44,training,nan_count_cum,0,raw_logs/sneha_singh/task3_gan/train_full.log
run_80ep_earlier,epoch 45,training,g_loss,5.6084,raw_logs/sneha_singh/task3_gan/train_full.log
run_80ep_earlier,epoch 45,training,d_loss,0.2098,raw_logs/sneha_singh/task3_gan/train_full.log
run_80ep_earlier,epoch 45,training,cycle_loss,3.0321,raw_logs/sneha_singh/task3_gan/train_full.log
run_80ep_earlier,epoch 45,training,identity_loss,1.4295,raw_logs/sneha_singh/task3_gan/train_full.log
run_80ep_earlier,epoch 45,training,grad_norm_sum,114.0941,raw_logs/sneha_singh/task3_gan/train_full.log
run_80ep_earlier,epoch 45,training,nan_count_cum,0,raw_logs/sneha_singh/task3_gan/train_full.log
run_80ep_earlier,epoch 46,training,g_loss,5.6529,raw_logs/sneha_singh/task3_gan/train_full.log
run_80ep_earlier,epoch 46,training,d_loss,0.2079,raw_logs/sneha_singh/task3_gan/train_full.log
run_80ep_earlier,epoch 46,training,cycle_loss,3.0644,raw_logs/sneha_singh/task3_gan/train_full.log
run_80ep_earlier,epoch 46,training,identity_loss,1.4507,raw_logs/sneha_singh/task3_gan/train_full.log
run_80ep_earlier,epoch 46,training,grad_norm_sum,117.4694,raw_logs/sneha_singh/task3_gan/train_full.log
run_80ep_earlier,epoch 46,training,nan_count_cum,0,raw_logs/sneha_singh/task3_gan/train_full.log
run_80ep_earlier,epoch 47,training,g_loss,5.5245,raw_logs/sneha_singh/task3_gan/train_full.log
run_80ep_earlier,epoch 47,training,d_loss,0.2129,raw_logs/sneha_singh/task3_gan/train_full.log
run_80ep_earlier,epoch 47,training,cycle_loss,2.9646,raw_logs/sneha_singh/task3_gan/train_full.log
run_80ep_earlier,epoch 47,training,identity_loss,1.4146,raw_logs/sneha_singh/task3_gan/train_full.log
run_80ep_earlier,epoch 47,training,grad_norm_sum,110.0724,raw_logs/sneha_singh/task3_gan/train_full.log
run_80ep_earlier,epoch 47,training,nan_count_cum,0,raw_logs/sneha_singh/task3_gan/train_full.log
run_80ep_earlier,epoch 48,training,g_loss,5.5135,raw_logs/sneha_singh/task3_gan/train_full.log
run_80ep_earlier,epoch 48,training,d_loss,0.2256,raw_logs/sneha_singh/task3_gan/train_full.log
run_80ep_earlier,epoch 48,training,cycle_loss,2.9960,raw_logs/sneha_singh/task3_gan/train_full.log
run_80ep_earlier,epoch 48,training,identity_loss,1.4164,raw_logs/sneha_singh/task3_gan/train_full.log
run_80ep_earlier,epoch 48,training,grad_norm_sum,inf,raw_logs/sneha_singh/task3_gan/train_full.log
run_80ep_earlier,epoch 48,training,nan_count_cum,0,raw_logs/sneha_singh/task3_gan/train_full.log
run_80ep_earlier,epoch 49,training,g_loss,5.4541,raw_logs/sneha_singh/task3_gan/train_full.log
run_80ep_earlier,epoch 49,training,d_loss,0.2206,raw_logs/sneha_singh/task3_gan/train_full.log
run_80ep_earlier,epoch 49,training,cycle_loss,2.9482,raw_logs/sneha_singh/task3_gan/train_full.log
run_80ep_earlier,epoch 49,training,identity_loss,1.4008,raw_logs/sneha_singh/task3_gan/train_full.log
run_80ep_earlier,epoch 49,training,grad_norm_sum,119.7703,raw_logs/sneha_singh/task3_gan/train_full.log
run_80ep_earlier,epoch 49,training,nan_count_cum,0,raw_logs/sneha_singh/task3_gan/train_full.log
run_80ep_earlier,epoch 50,training,g_loss,5.4730,raw_logs/sneha_singh/task3_gan/train_full.log
run_80ep_earlier,epoch 50,training,d_loss,0.2225,raw_logs/sneha_singh/task3_gan/train_full.log
run_80ep_earlier,epoch 50,training,cycle_loss,2.9577,raw_logs/sneha_singh/task3_gan/train_full.log
run_80ep_earlier,epoch 50,training,identity_loss,1.4002,raw_logs/sneha_singh/task3_gan/train_full.log
run_80ep_earlier,epoch 50,training,grad_norm_sum,113.0446,raw_logs/sneha_singh/task3_gan/train_full.log
run_80ep_earlier,epoch 50,training,nan_count_cum,0,raw_logs/sneha_singh/task3_gan/train_full.log
run_80ep_earlier,epoch 51,training,g_loss,5.4321,raw_logs/sneha_singh/task3_gan/train_full.log
run_80ep_earlier,epoch 51,training,d_loss,0.2216,raw_logs/sneha_singh/task3_gan/train_full.log
run_80ep_earlier,epoch 51,training,cycle_loss,2.9379,raw_logs/sneha_singh/task3_gan/train_full.log
run_80ep_earlier,epoch 51,training,identity_loss,1.3842,raw_logs/sneha_singh/task3_gan/train_full.log
run_80ep_earlier,epoch 51,training,grad_norm_sum,114.1423,raw_logs/sneha_singh/task3_gan/train_full.log
run_80ep_earlier,epoch 51,training,nan_count_cum,0,raw_logs/sneha_singh/task3_gan/train_full.log
run_80ep_earlier,epoch 52,training,g_loss,5.2963,raw_logs/sneha_singh/task3_gan/train_full.log
run_80ep_earlier,epoch 52,training,d_loss,0.2198,raw_logs/sneha_singh/task3_gan/train_full.log
run_80ep_earlier,epoch 52,training,cycle_loss,2.8567,raw_logs/sneha_singh/task3_gan/train_full.log
run_80ep_earlier,epoch 52,training,identity_loss,1.3664,raw_logs/sneha_singh/task3_gan/train_full.log
run_80ep_earlier,epoch 52,training,grad_norm_sum,109.0483,raw_logs/sneha_singh/task3_gan/train_full.log
run_80ep_earlier,epoch 52,training,nan_count_cum,0,raw_logs/sneha_singh/task3_gan/train_full.log
run_80ep_earlier,epoch 53,training,g_loss,5.1444,raw_logs/sneha_singh/task3_gan/train_full.log
run_80ep_earlier,epoch 53,training,d_loss,0.2207,raw_logs/sneha_singh/task3_gan/train_full.log
run_80ep_earlier,epoch 53,training,cycle_loss,2.7364,raw_logs/sneha_singh/task3_gan/train_full.log
run_80ep_earlier,epoch 53,training,identity_loss,1.3254,raw_logs/sneha_singh/task3_gan/train_full.log
run_80ep_earlier,epoch 53,training,grad_norm_sum,104.7214,raw_logs/sneha_singh/task3_gan/train_full.log
run_80ep_earlier,epoch 53,training,nan_count_cum,0,raw_logs/sneha_singh/task3_gan/train_full.log
run_80ep_earlier,epoch 54,training,g_loss,5.1936,raw_logs/sneha_singh/task3_gan/train_full.log
run_80ep_earlier,epoch 54,training,d_loss,0.2191,raw_logs/sneha_singh/task3_gan/train_full.log
run_80ep_earlier,epoch 54,training,cycle_loss,2.7785,raw_logs/sneha_singh/task3_gan/train_full.log
run_80ep_earlier,epoch 54,training,identity_loss,1.3314,raw_logs/sneha_singh/task3_gan/train_full.log
run_80ep_earlier,epoch 54,training,grad_norm_sum,109.7594,raw_logs/sneha_singh/task3_gan/train_full.log
run_80ep_earlier,epoch 54,training,nan_count_cum,0,raw_logs/sneha_singh/task3_gan/train_full.log
run_80ep_earlier,epoch 55,training,g_loss,5.0959,raw_logs/sneha_singh/task3_gan/train_full.log
run_80ep_earlier,epoch 55,training,d_loss,0.2184,raw_logs/sneha_singh/task3_gan/train_full.log
run_80ep_earlier,epoch 55,training,cycle_loss,2.6876,raw_logs/sneha_singh/task3_gan/train_full.log
run_80ep_earlier,epoch 55,training,identity_loss,1.3096,raw_logs/sneha_singh/task3_gan/train_full.log
run_80ep_earlier,epoch 55,training,grad_norm_sum,103.9956,raw_logs/sneha_singh/task3_gan/train_full.log
run_80ep_earlier,epoch 55,training,nan_count_cum,0,raw_logs/sneha_singh/task3_gan/train_full.log
run_80ep_earlier,epoch 56,training,g_loss,5.0837,raw_logs/sneha_singh/task3_gan/train_full.log
run_80ep_earlier,epoch 56,training,d_loss,0.2185,raw_logs/sneha_singh/task3_gan/train_full.log
run_80ep_earlier,epoch 56,training,cycle_loss,2.6912,raw_logs/sneha_singh/task3_gan/train_full.log
run_80ep_earlier,epoch 56,training,identity_loss,1.3018,raw_logs/sneha_singh/task3_gan/train_full.log
run_80ep_earlier,epoch 56,training,grad_norm_sum,108.2830,raw_logs/sneha_singh/task3_gan/train_full.log
run_80ep_earlier,epoch 56,training,nan_count_cum,0,raw_logs/sneha_singh/task3_gan/train_full.log
run_80ep_earlier,epoch 57,training,g_loss,5.1005,raw_logs/sneha_singh/task3_gan/train_full.log
run_80ep_earlier,epoch 57,training,d_loss,0.2171,raw_logs/sneha_singh/task3_gan/train_full.log
run_80ep_earlier,epoch 57,training,cycle_loss,2.6862,raw_logs/sneha_singh/task3_gan/train_full.log
run_80ep_earlier,epoch 57,training,identity_loss,1.3103,raw_logs/sneha_singh/task3_gan/train_full.log
run_80ep_earlier,epoch 57,training,grad_norm_sum,107.4674,raw_logs/sneha_singh/task3_gan/train_full.log
run_80ep_earlier,epoch 57,training,nan_count_cum,0,raw_logs/sneha_singh/task3_gan/train_full.log
run_80ep_earlier,epoch 58,training,g_loss,5.0759,raw_logs/sneha_singh/task3_gan/train_full.log
run_80ep_earlier,epoch 58,training,d_loss,0.2164,raw_logs/sneha_singh/task3_gan/train_full.log
run_80ep_earlier,epoch 58,training,cycle_loss,2.6645,raw_logs/sneha_singh/task3_gan/train_full.log
run_80ep_earlier,epoch 58,training,identity_loss,1.2971,raw_logs/sneha_singh/task3_gan/train_full.log
run_80ep_earlier,epoch 58,training,grad_norm_sum,inf,raw_logs/sneha_singh/task3_gan/train_full.log
run_80ep_earlier,epoch 58,training,nan_count_cum,0,raw_logs/sneha_singh/task3_gan/train_full.log
run_80ep_earlier,epoch 59,training,g_loss,4.9916,raw_logs/sneha_singh/task3_gan/train_full.log
run_80ep_earlier,epoch 59,training,d_loss,0.2071,raw_logs/sneha_singh/task3_gan/train_full.log
run_80ep_earlier,epoch 59,training,cycle_loss,2.6145,raw_logs/sneha_singh/task3_gan/train_full.log
run_80ep_earlier,epoch 59,training,identity_loss,1.2699,raw_logs/sneha_singh/task3_gan/train_full.log
run_80ep_earlier,epoch 59,training,grad_norm_sum,104.4327,raw_logs/sneha_singh/task3_gan/train_full.log
run_80ep_earlier,epoch 59,training,nan_count_cum,0,raw_logs/sneha_singh/task3_gan/train_full.log
run_80ep_earlier,epoch 60,training,g_loss,5.0930,raw_logs/sneha_singh/task3_gan/train_full.log
run_80ep_earlier,epoch 60,training,d_loss,0.2020,raw_logs/sneha_singh/task3_gan/train_full.log
run_80ep_earlier,epoch 60,training,cycle_loss,2.6677,raw_logs/sneha_singh/task3_gan/train_full.log
run_80ep_earlier,epoch 60,training,identity_loss,1.2862,raw_logs/sneha_singh/task3_gan/train_full.log
run_80ep_earlier,epoch 60,training,grad_norm_sum,110.8442,raw_logs/sneha_singh/task3_gan/train_full.log
run_80ep_earlier,epoch 60,training,nan_count_cum,0,raw_logs/sneha_singh/task3_gan/train_full.log
run_80ep_earlier,epoch 61,training,g_loss,4.9938,raw_logs/sneha_singh/task3_gan/train_full.log
run_80ep_earlier,epoch 61,training,d_loss,0.1975,raw_logs/sneha_singh/task3_gan/train_full.log
run_80ep_earlier,epoch 61,training,cycle_loss,2.5960,raw_logs/sneha_singh/task3_gan/train_full.log
run_80ep_earlier,epoch 61,training,identity_loss,1.2647,raw_logs/sneha_singh/task3_gan/train_full.log
run_80ep_earlier,epoch 61,training,grad_norm_sum,113.1168,raw_logs/sneha_singh/task3_gan/train_full.log
run_80ep_earlier,epoch 61,training,nan_count_cum,0,raw_logs/sneha_singh/task3_gan/train_full.log
run_80ep_earlier,epoch 62,training,g_loss,4.9978,raw_logs/sneha_singh/task3_gan/train_full.log
run_80ep_earlier,epoch 62,training,d_loss,0.1957,raw_logs/sneha_singh/task3_gan/train_full.log
run_80ep_earlier,epoch 62,training,cycle_loss,2.5702,raw_logs/sneha_singh/task3_gan/train_full.log
run_80ep_earlier,epoch 62,training,identity_loss,1.2580,raw_logs/sneha_singh/task3_gan/train_full.log
run_80ep_earlier,epoch 62,training,grad_norm_sum,113.1947,raw_logs/sneha_singh/task3_gan/train_full.log
run_80ep_earlier,epoch 62,training,nan_count_cum,0,raw_logs/sneha_singh/task3_gan/train_full.log
run_80ep_earlier,epoch 63,training,g_loss,4.9049,raw_logs/sneha_singh/task3_gan/train_full.log
run_80ep_earlier,epoch 63,training,d_loss,0.1962,raw_logs/sneha_singh/task3_gan/train_full.log
run_80ep_earlier,epoch 63,training,cycle_loss,2.5232,raw_logs/sneha_singh/task3_gan/train_full.log
run_80ep_earlier,epoch 63,training,identity_loss,1.2283,raw_logs/sneha_singh/task3_gan/train_full.log
run_80ep_earlier,epoch 63,training,grad_norm_sum,110.0987,raw_logs/sneha_singh/task3_gan/train_full.log
run_80ep_earlier,epoch 63,training,nan_count_cum,0,raw_logs/sneha_singh/task3_gan/train_full.log
run_80ep_earlier,epoch 64,training,g_loss,4.8881,raw_logs/sneha_singh/task3_gan/train_full.log
run_80ep_earlier,epoch 64,training,d_loss,0.1956,raw_logs/sneha_singh/task3_gan/train_full.log
run_80ep_earlier,epoch 64,training,cycle_loss,2.5116,raw_logs/sneha_singh/task3_gan/train_full.log
run_80ep_earlier,epoch 64,training,identity_loss,1.2268,raw_logs/sneha_singh/task3_gan/train_full.log
run_80ep_earlier,epoch 64,training,grad_norm_sum,110.0868,raw_logs/sneha_singh/task3_gan/train_full.log
run_80ep_earlier,epoch 64,training,nan_count_cum,0,raw_logs/sneha_singh/task3_gan/train_full.log
run_80ep_earlier,epoch 65,training,g_loss,4.8848,raw_logs/sneha_singh/task3_gan/train_full.log
run_80ep_earlier,epoch 65,training,d_loss,0.1898,raw_logs/sneha_singh/task3_gan/train_full.log
run_80ep_earlier,epoch 65,training,cycle_loss,2.4876,raw_logs/sneha_singh/task3_gan/train_full.log
run_80ep_earlier,epoch 65,training,identity_loss,1.2182,raw_logs/sneha_singh/task3_gan/train_full.log
run_80ep_earlier,epoch 65,training,grad_norm_sum,111.7710,raw_logs/sneha_singh/task3_gan/train_full.log
run_80ep_earlier,epoch 65,training,nan_count_cum,0,raw_logs/sneha_singh/task3_gan/train_full.log
run_80ep_earlier,epoch 66,training,g_loss,4.9089,raw_logs/sneha_singh/task3_gan/train_full.log
run_80ep_earlier,epoch 66,training,d_loss,0.1961,raw_logs/sneha_singh/task3_gan/train_full.log
run_80ep_earlier,epoch 66,training,cycle_loss,2.5012,raw_logs/sneha_singh/task3_gan/train_full.log
run_80ep_earlier,epoch 66,training,identity_loss,1.2312,raw_logs/sneha_singh/task3_gan/train_full.log
run_80ep_earlier,epoch 66,training,grad_norm_sum,114.2073,raw_logs/sneha_singh/task3_gan/train_full.log
run_80ep_earlier,epoch 66,training,nan_count_cum,0,raw_logs/sneha_singh/task3_gan/train_full.log
run_80ep_earlier,epoch 67,training,g_loss,4.8746,raw_logs/sneha_singh/task3_gan/train_full.log
run_80ep_earlier,epoch 67,training,d_loss,0.1867,raw_logs/sneha_singh/task3_gan/train_full.log
run_80ep_earlier,epoch 67,training,cycle_loss,2.4833,raw_logs/sneha_singh/task3_gan/train_full.log
run_80ep_earlier,epoch 67,training,identity_loss,1.2167,raw_logs/sneha_singh/task3_gan/train_full.log
run_80ep_earlier,epoch 67,training,grad_norm_sum,115.6027,raw_logs/sneha_singh/task3_gan/train_full.log
run_80ep_earlier,epoch 67,training,nan_count_cum,0,raw_logs/sneha_singh/task3_gan/train_full.log
run_80ep_earlier,epoch 68,training,g_loss,4.8222,raw_logs/sneha_singh/task3_gan/train_full.log
run_80ep_earlier,epoch 68,training,d_loss,0.1832,raw_logs/sneha_singh/task3_gan/train_full.log
run_80ep_earlier,epoch 68,training,cycle_loss,2.4340,raw_logs/sneha_singh/task3_gan/train_full.log
run_80ep_earlier,epoch 68,training,identity_loss,1.1888,raw_logs/sneha_singh/task3_gan/train_full.log
run_80ep_earlier,epoch 68,training,grad_norm_sum,112.9313,raw_logs/sneha_singh/task3_gan/train_full.log
run_80ep_earlier,epoch 68,training,nan_count_cum,0,raw_logs/sneha_singh/task3_gan/train_full.log
run_80ep_earlier,epoch 69,training,g_loss,4.8144,raw_logs/sneha_singh/task3_gan/train_full.log
run_80ep_earlier,epoch 69,training,d_loss,0.1805,raw_logs/sneha_singh/task3_gan/train_full.log
run_80ep_earlier,epoch 69,training,cycle_loss,2.4119,raw_logs/sneha_singh/task3_gan/train_full.log
run_80ep_earlier,epoch 69,training,identity_loss,1.1993,raw_logs/sneha_singh/task3_gan/train_full.log
run_80ep_earlier,epoch 69,training,grad_norm_sum,112.8558,raw_logs/sneha_singh/task3_gan/train_full.log
run_80ep_earlier,epoch 69,training,nan_count_cum,0,raw_logs/sneha_singh/task3_gan/train_full.log
run_80ep_earlier,epoch 70,training,g_loss,4.7412,raw_logs/sneha_singh/task3_gan/train_full.log
run_80ep_earlier,epoch 70,training,d_loss,0.1765,raw_logs/sneha_singh/task3_gan/train_full.log
run_80ep_earlier,epoch 70,training,cycle_loss,2.3785,raw_logs/sneha_singh/task3_gan/train_full.log
run_80ep_earlier,epoch 70,training,identity_loss,1.1682,raw_logs/sneha_singh/task3_gan/train_full.log
run_80ep_earlier,epoch 70,training,grad_norm_sum,117.0396,raw_logs/sneha_singh/task3_gan/train_full.log
run_80ep_earlier,epoch 70,training,nan_count_cum,0,raw_logs/sneha_singh/task3_gan/train_full.log
run_80ep_earlier,epoch 71,training,g_loss,4.6910,raw_logs/sneha_singh/task3_gan/train_full.log
run_80ep_earlier,epoch 71,training,d_loss,0.1851,raw_logs/sneha_singh/task3_gan/train_full.log
run_80ep_earlier,epoch 71,training,cycle_loss,2.3395,raw_logs/sneha_singh/task3_gan/train_full.log
run_80ep_earlier,epoch 71,training,identity_loss,1.1594,raw_logs/sneha_singh/task3_gan/train_full.log
run_80ep_earlier,epoch 71,training,grad_norm_sum,112.2101,raw_logs/sneha_singh/task3_gan/train_full.log
run_80ep_earlier,epoch 71,training,nan_count_cum,0,raw_logs/sneha_singh/task3_gan/train_full.log
run_80ep_earlier,epoch 72,training,g_loss,4.7167,raw_logs/sneha_singh/task3_gan/train_full.log
run_80ep_earlier,epoch 72,training,d_loss,0.1747,raw_logs/sneha_singh/task3_gan/train_full.log
run_80ep_earlier,epoch 72,training,cycle_loss,2.3433,raw_logs/sneha_singh/task3_gan/train_full.log
run_80ep_earlier,epoch 72,training,identity_loss,1.1559,raw_logs/sneha_singh/task3_gan/train_full.log
run_80ep_earlier,epoch 72,training,grad_norm_sum,115.5104,raw_logs/sneha_singh/task3_gan/train_full.log
run_80ep_earlier,epoch 72,training,nan_count_cum,0,raw_logs/sneha_singh/task3_gan/train_full.log
run_80ep_earlier,epoch 73,training,g_loss,4.7672,raw_logs/sneha_singh/task3_gan/train_full.log
run_80ep_earlier,epoch 73,training,d_loss,0.1748,raw_logs/sneha_singh/task3_gan/train_full.log
run_80ep_earlier,epoch 73,training,cycle_loss,2.3593,raw_logs/sneha_singh/task3_gan/train_full.log
run_80ep_earlier,epoch 73,training,identity_loss,1.1705,raw_logs/sneha_singh/task3_gan/train_full.log
run_80ep_earlier,epoch 73,training,grad_norm_sum,121.4844,raw_logs/sneha_singh/task3_gan/train_full.log
run_80ep_earlier,epoch 73,training,nan_count_cum,0,raw_logs/sneha_singh/task3_gan/train_full.log
run_80ep_earlier,epoch 74,training,g_loss,4.6978,raw_logs/sneha_singh/task3_gan/train_full.log
run_80ep_earlier,epoch 74,training,d_loss,0.1785,raw_logs/sneha_singh/task3_gan/train_full.log
run_80ep_earlier,epoch 74,training,cycle_loss,2.3047,raw_logs/sneha_singh/task3_gan/train_full.log
run_80ep_earlier,epoch 74,training,identity_loss,1.1620,raw_logs/sneha_singh/task3_gan/train_full.log
run_80ep_earlier,epoch 74,training,grad_norm_sum,119.4714,raw_logs/sneha_singh/task3_gan/train_full.log
run_80ep_earlier,epoch 74,training,nan_count_cum,0,raw_logs/sneha_singh/task3_gan/train_full.log
run_80ep_earlier,epoch 75,training,g_loss,4.7070,raw_logs/sneha_singh/task3_gan/train_full.log
run_80ep_earlier,epoch 75,training,d_loss,0.1737,raw_logs/sneha_singh/task3_gan/train_full.log
run_80ep_earlier,epoch 75,training,cycle_loss,2.3085,raw_logs/sneha_singh/task3_gan/train_full.log
run_80ep_earlier,epoch 75,training,identity_loss,1.1620,raw_logs/sneha_singh/task3_gan/train_full.log
run_80ep_earlier,epoch 75,training,grad_norm_sum,117.6609,raw_logs/sneha_singh/task3_gan/train_full.log
run_80ep_earlier,epoch 75,training,nan_count_cum,0,raw_logs/sneha_singh/task3_gan/train_full.log
run_80ep_earlier,epoch 76,training,g_loss,4.6080,raw_logs/sneha_singh/task3_gan/train_full.log
run_80ep_earlier,epoch 76,training,d_loss,0.1773,raw_logs/sneha_singh/task3_gan/train_full.log
run_80ep_earlier,epoch 76,training,cycle_loss,2.2370,raw_logs/sneha_singh/task3_gan/train_full.log
run_80ep_earlier,epoch 76,training,identity_loss,1.1285,raw_logs/sneha_singh/task3_gan/train_full.log
run_80ep_earlier,epoch 76,training,grad_norm_sum,112.7165,raw_logs/sneha_singh/task3_gan/train_full.log
run_80ep_earlier,epoch 76,training,nan_count_cum,0,raw_logs/sneha_singh/task3_gan/train_full.log
run_80ep_earlier,epoch 77,training,g_loss,4.6421,raw_logs/sneha_singh/task3_gan/train_full.log
run_80ep_earlier,epoch 77,training,d_loss,0.1695,raw_logs/sneha_singh/task3_gan/train_full.log
run_80ep_earlier,epoch 77,training,cycle_loss,2.2299,raw_logs/sneha_singh/task3_gan/train_full.log
run_80ep_earlier,epoch 77,training,identity_loss,1.1356,raw_logs/sneha_singh/task3_gan/train_full.log
run_80ep_earlier,epoch 77,training,grad_norm_sum,inf,raw_logs/sneha_singh/task3_gan/train_full.log
run_80ep_earlier,epoch 77,training,nan_count_cum,0,raw_logs/sneha_singh/task3_gan/train_full.log
run_80ep_earlier,epoch 78,training,g_loss,4.5914,raw_logs/sneha_singh/task3_gan/train_full.log
run_80ep_earlier,epoch 78,training,d_loss,0.1645,raw_logs/sneha_singh/task3_gan/train_full.log
run_80ep_earlier,epoch 78,training,cycle_loss,2.1809,raw_logs/sneha_singh/task3_gan/train_full.log
run_80ep_earlier,epoch 78,training,identity_loss,1.1060,raw_logs/sneha_singh/task3_gan/train_full.log
run_80ep_earlier,epoch 78,training,grad_norm_sum,115.8506,raw_logs/sneha_singh/task3_gan/train_full.log
run_80ep_earlier,epoch 78,training,nan_count_cum,0,raw_logs/sneha_singh/task3_gan/train_full.log
run_80ep_earlier,epoch 79,training,g_loss,4.6507,raw_logs/sneha_singh/task3_gan/train_full.log
run_80ep_earlier,epoch 79,training,d_loss,0.1618,raw_logs/sneha_singh/task3_gan/train_full.log
run_80ep_earlier,epoch 79,training,cycle_loss,2.2168,raw_logs/sneha_singh/task3_gan/train_full.log
run_80ep_earlier,epoch 79,training,identity_loss,1.1251,raw_logs/sneha_singh/task3_gan/train_full.log
run_80ep_earlier,epoch 79,training,grad_norm_sum,114.3394,raw_logs/sneha_singh/task3_gan/train_full.log
run_80ep_earlier,epoch 79,training,nan_count_cum,0,raw_logs/sneha_singh/task3_gan/train_full.log
run_80ep_earlier,epoch 80,training,g_loss,4.5739,raw_logs/sneha_singh/task3_gan/train_full.log
run_80ep_earlier,epoch 80,training,d_loss,0.1679,raw_logs/sneha_singh/task3_gan/train_full.log
run_80ep_earlier,epoch 80,training,cycle_loss,2.1743,raw_logs/sneha_singh/task3_gan/train_full.log
run_80ep_earlier,epoch 80,training,identity_loss,1.0974,raw_logs/sneha_singh/task3_gan/train_full.log
run_80ep_earlier,epoch 80,training,grad_norm_sum,112.8207,raw_logs/sneha_singh/task3_gan/train_full.log
run_80ep_earlier,epoch 80,training,nan_count_cum,0,raw_logs/sneha_singh/task3_gan/train_full.log
earlier_run_100ep_ngf64_checkpoint_selection,best_epoch_95.pt (Drive),B2A,fid,107.6081,score_checkpoints.py (Apple MPS)
earlier_run_100ep_ngf64_checkpoint_selection,best_epoch_95.pt (Drive),B2A,mifid,0.4136,score_checkpoints.py (Apple MPS)
earlier_run_100ep_ngf64_checkpoint_selection,best_epoch_95.pt (Drive),A2B,fid,108.0688,score_checkpoints.py (Apple MPS)
earlier_run_100ep_ngf64_checkpoint_selection,best_epoch_95.pt (Drive),A2B,mifid,0.4212,score_checkpoints.py (Apple MPS)
earlier_run_100ep_ngf64_checkpoint_selection,best_epoch_95.pt (Drive),average_A2B_B2A,score_(FID+MiFID)/2,54.1279,score_checkpoints.py (Apple MPS)
earlier_run_100ep_ngf64_checkpoint_selection,best_epoch_100.pt (Drive),B2A,fid,107.6099,score_checkpoints.py (Apple MPS)
earlier_run_100ep_ngf64_checkpoint_selection,best_epoch_100.pt (Drive),B2A,mifid,0.4135,score_checkpoints.py (Apple MPS)
earlier_run_100ep_ngf64_checkpoint_selection,best_epoch_100.pt (Drive),A2B,fid,108.8128,score_checkpoints.py (Apple MPS)
earlier_run_100ep_ngf64_checkpoint_selection,best_epoch_100.pt (Drive),A2B,mifid,0.421,score_checkpoints.py (Apple MPS)
earlier_run_100ep_ngf64_checkpoint_selection,best_epoch_100.pt (Drive),average_A2B_B2A,score_(FID+MiFID)/2,54.3143,score_checkpoints.py (Apple MPS)
earlier_run_100ep_ngf64_checkpoint_selection,best_epoch_90.pt (Drive),B2A,fid,107.6379,score_checkpoints.py (Apple MPS)
earlier_run_100ep_ngf64_checkpoint_selection,best_epoch_90.pt (Drive),B2A,mifid,0.4128,score_checkpoints.py (Apple MPS)
earlier_run_100ep_ngf64_checkpoint_selection,best_epoch_90.pt (Drive),A2B,fid,108.8468,score_checkpoints.py (Apple MPS)
earlier_run_100ep_ngf64_checkpoint_selection,best_epoch_90.pt (Drive),A2B,mifid,0.4221,score_checkpoints.py (Apple MPS)
earlier_run_100ep_ngf64_checkpoint_selection,best_epoch_90.pt (Drive),average_A2B_B2A,score_(FID+MiFID)/2,54.3299,score_checkpoints.py (Apple MPS)
earlier_run_100ep_ngf64_checkpoint_selection,best_epoch_85.pt (Drive),B2A,fid,108.2839,score_checkpoints.py (Apple MPS)
earlier_run_100ep_ngf64_checkpoint_selection,best_epoch_85.pt (Drive),B2A,mifid,0.4157,score_checkpoints.py (Apple MPS)
earlier_run_100ep_ngf64_checkpoint_selection,best_epoch_85.pt (Drive),A2B,fid,111.8373,score_checkpoints.py (Apple MPS)
earlier_run_100ep_ngf64_checkpoint_selection,best_epoch_85.pt (Drive),A2B,mifid,0.424,score_checkpoints.py (Apple MPS)
earlier_run_100ep_ngf64_checkpoint_selection,best_epoch_85.pt (Drive),average_A2B_B2A,score_(FID+MiFID)/2,55.2402,score_checkpoints.py (Apple MPS)
earlier_run_100ep_ngf64_checkpoint_selection,best_epoch_80.pt (Drive),B2A,fid,109.3359,score_checkpoints.py (Apple MPS)
earlier_run_100ep_ngf64_checkpoint_selection,best_epoch_80.pt (Drive),B2A,mifid,0.4138,score_checkpoints.py (Apple MPS)
earlier_run_100ep_ngf64_checkpoint_selection,best_epoch_80.pt (Drive),A2B,fid,111.4701,score_checkpoints.py (Apple MPS)
earlier_run_100ep_ngf64_checkpoint_selection,best_epoch_80.pt (Drive),A2B,mifid,0.4238,score_checkpoints.py (Apple MPS)
earlier_run_100ep_ngf64_checkpoint_selection,best_epoch_80.pt (Drive),average_A2B_B2A,score_(FID+MiFID)/2,55.4109,score_checkpoints.py (Apple MPS)
earlier_run_100ep_ngf64_checkpoint_selection,best_epoch_75.pt (Drive),B2A,fid,110.4611,score_checkpoints.py (Apple MPS)
earlier_run_100ep_ngf64_checkpoint_selection,best_epoch_75.pt (Drive),B2A,mifid,0.4104,score_checkpoints.py (Apple MPS)
earlier_run_100ep_ngf64_checkpoint_selection,best_epoch_75.pt (Drive),A2B,fid,113.9616,score_checkpoints.py (Apple MPS)
earlier_run_100ep_ngf64_checkpoint_selection,best_epoch_75.pt (Drive),A2B,mifid,0.4249,score_checkpoints.py (Apple MPS)
earlier_run_100ep_ngf64_checkpoint_selection,best_epoch_75.pt (Drive),average_A2B_B2A,score_(FID+MiFID)/2,56.3145,score_checkpoints.py (Apple MPS)
earlier_run_100ep_ngf64_checkpoint_selection,best_epoch_70.pt (Drive),B2A,fid,109.7426,score_checkpoints.py (Apple MPS)
earlier_run_100ep_ngf64_checkpoint_selection,best_epoch_70.pt (Drive),B2A,mifid,0.4105,score_checkpoints.py (Apple MPS)
earlier_run_100ep_ngf64_checkpoint_selection,best_epoch_70.pt (Drive),A2B,fid,115.1288,score_checkpoints.py (Apple MPS)
earlier_run_100ep_ngf64_checkpoint_selection,best_epoch_70.pt (Drive),A2B,mifid,0.4266,score_checkpoints.py (Apple MPS)
earlier_run_100ep_ngf64_checkpoint_selection,best_epoch_70.pt (Drive),average_A2B_B2A,score_(FID+MiFID)/2,56.4271,score_checkpoints.py (Apple MPS)
earlier_run_100ep_ngf64_checkpoint_selection,best_epoch_60.pt (Drive),B2A,fid,109.932,score_checkpoints.py (Apple MPS)
earlier_run_100ep_ngf64_checkpoint_selection,best_epoch_60.pt (Drive),B2A,mifid,0.4097,score_checkpoints.py (Apple MPS)
earlier_run_100ep_ngf64_checkpoint_selection,best_epoch_60.pt (Drive),A2B,fid,117.2884,score_checkpoints.py (Apple MPS)
earlier_run_100ep_ngf64_checkpoint_selection,best_epoch_60.pt (Drive),A2B,mifid,0.4286,score_checkpoints.py (Apple MPS)
earlier_run_100ep_ngf64_checkpoint_selection,best_epoch_60.pt (Drive),average_A2B_B2A,score_(FID+MiFID)/2,57.0147,score_checkpoints.py (Apple MPS)
earlier_run_100ep_ngf64_checkpoint_selection,best_epoch_53.pt (Drive),B2A,fid,112.8549,score_checkpoints.py (Apple MPS)
earlier_run_100ep_ngf64_checkpoint_selection,best_epoch_53.pt (Drive),B2A,mifid,0.408,score_checkpoints.py (Apple MPS)
earlier_run_100ep_ngf64_checkpoint_selection,best_epoch_53.pt (Drive),A2B,fid,118.6927,score_checkpoints.py (Apple MPS)
earlier_run_100ep_ngf64_checkpoint_selection,best_epoch_53.pt (Drive),A2B,mifid,0.427,score_checkpoints.py (Apple MPS)
earlier_run_100ep_ngf64_checkpoint_selection,best_epoch_53.pt (Drive),average_A2B_B2A,score_(FID+MiFID)/2,58.0956,score_checkpoints.py (Apple MPS)
earlier_run_100ep_ngf64_inference_variants,weights averaged over epochs 90/95/100,average_A2B_B2A,score_(FID+MiFID)/2,54.1,"score_checkpoints.py variant (Apple MPS), not submitted"
earlier_run_100ep_ngf64_inference_variants,epoch 95 + flip TTA,average_A2B_B2A,score_(FID+MiFID)/2,54.02,"score_checkpoints.py variant (Apple MPS), not submitted"
earlier_run_100ep_ngf64_inference_variants,averaged 90/95/100 + flip TTA,average_A2B_B2A,score_(FID+MiFID)/2,53.86,"score_checkpoints.py variant (Apple MPS), not submitted"
run_80ep_earlier,"earlier best.pt (epoch 80, Drive, replaced)",B2A,fid,105.8821,score_checkpoints.py (Apple MPS)
run_80ep_earlier,"earlier best.pt (epoch 80, Drive, replaced)",B2A,mifid,0.4074,score_checkpoints.py (Apple MPS)
run_80ep_earlier,"earlier best.pt (epoch 80, Drive, replaced)",A2B,fid,113.578,score_checkpoints.py (Apple MPS)
run_80ep_earlier,"earlier best.pt (epoch 80, Drive, replaced)",A2B,mifid,0.4284,score_checkpoints.py (Apple MPS)
run_80ep_earlier,"earlier best.pt (epoch 80, Drive, replaced)",average_A2B_B2A,score_(FID+MiFID)/2,55.074,score_checkpoints.py (Apple MPS)
run_80ep_earlier,"earlier best.pt (epoch 80, Drive, replaced)",B2A,human_audit_style_mean_0to2_rater_sneha,1.4,outputs/human_audit/epoch80_archive/audit_30_epoch80.csv
run_80ep_earlier,"earlier best.pt (epoch 80, Drive, replaced)",B2A,human_audit_content_mean_0to2_rater_sneha,1.6667,outputs/human_audit/epoch80_archive/audit_30_epoch80.csv
run_80ep_earlier,"earlier best.pt (epoch 80, Drive, replaced)",B2A,human_audit_artifacts_mean_0to2_rater_sneha,1.4333,outputs/human_audit/epoch80_archive/audit_30_epoch80.csv
retrain_16ep_bilinear,"best_epoch_08.pt (Drive, not submitted)",B2A,fid,115.87,"professor script, 300 vs 300 (Apple MPS)"
retrain_16ep_bilinear,"best_epoch_08.pt (Drive, not submitted)",B2A,mifid,0.4021,"professor script, 300 vs 300 (Apple MPS)"
retrain_16ep_bilinear,"best_epoch_08.pt (Drive, not submitted)",A2B,fid,123.87,"professor script, 300 vs 300 (Apple MPS)"
retrain_16ep_bilinear,"best_epoch_08.pt (Drive, not submitted)",A2B,mifid,0.4185,"professor script, 300 vs 300 (Apple MPS)"
retrain_16ep_bilinear,"best_epoch_08.pt (Drive, not submitted)",average_A2B_B2A,score_(FID+MiFID)/2,60.1402,"professor script, 300 vs 300 (Apple MPS)"
retrain_16ep_bilinear,"best_epoch_09.pt (Drive, not submitted)",B2A,fid,111.96,"professor script, 300 vs 300 (Apple MPS)"
retrain_16ep_bilinear,"best_epoch_09.pt (Drive, not submitted)",B2A,mifid,0.4054,"professor script, 300 vs 300 (Apple MPS)"
retrain_16ep_bilinear,"best_epoch_09.pt (Drive, not submitted)",A2B,fid,143.57,"professor script, 300 vs 300 (Apple MPS)"
retrain_16ep_bilinear,"best_epoch_09.pt (Drive, not submitted)",A2B,mifid,0.4332,"professor script, 300 vs 300 (Apple MPS)"
retrain_16ep_bilinear,"best_epoch_09.pt (Drive, not submitted)",average_A2B_B2A,score_(FID+MiFID)/2,64.0921,"professor script, 300 vs 300 (Apple MPS)"
retrain_16ep_bilinear,"best_epoch_10.pt (Drive, not submitted)",B2A,fid,112.97,"professor script, 300 vs 300 (Apple MPS)"
retrain_16ep_bilinear,"best_epoch_10.pt (Drive, not submitted)",B2A,mifid,0.3997,"professor script, 300 vs 300 (Apple MPS)"
retrain_16ep_bilinear,"best_epoch_10.pt (Drive, not submitted)",A2B,fid,130.72,"professor script, 300 vs 300 (Apple MPS)"
retrain_16ep_bilinear,"best_epoch_10.pt (Drive, not submitted)",A2B,mifid,0.4247,"professor script, 300 vs 300 (Apple MPS)"
retrain_16ep_bilinear,"best_epoch_10.pt (Drive, not submitted)",average_A2B_B2A,score_(FID+MiFID)/2,61.1286,"professor script, 300 vs 300 (Apple MPS)"
retrain_16ep_bilinear,"best_epoch_11.pt (Drive, not submitted)",B2A,fid,113.25,"professor script, 300 vs 300 (Apple MPS)"
retrain_16ep_bilinear,"best_epoch_11.pt (Drive, not submitted)",B2A,mifid,0.4003,"professor script, 300 vs 300 (Apple MPS)"
retrain_16ep_bilinear,"best_epoch_11.pt (Drive, not submitted)",A2B,fid,134.14,"professor script, 300 vs 300 (Apple MPS)"
retrain_16ep_bilinear,"best_epoch_11.pt (Drive, not submitted)",A2B,mifid,0.4281,"professor script, 300 vs 300 (Apple MPS)"
retrain_16ep_bilinear,"best_epoch_11.pt (Drive, not submitted)",average_A2B_B2A,score_(FID+MiFID)/2,62.0546,"professor script, 300 vs 300 (Apple MPS)"
retrain_16ep_bilinear,"best_epoch_12.pt (Drive, not submitted)",B2A,fid,113.53,"professor script, 300 vs 300 (Apple MPS)"
retrain_16ep_bilinear,"best_epoch_12.pt (Drive, not submitted)",B2A,mifid,0.4022,"professor script, 300 vs 300 (Apple MPS)"
retrain_16ep_bilinear,"best_epoch_12.pt (Drive, not submitted)",A2B,fid,128.47,"professor script, 300 vs 300 (Apple MPS)"
retrain_16ep_bilinear,"best_epoch_12.pt (Drive, not submitted)",A2B,mifid,0.4315,"professor script, 300 vs 300 (Apple MPS)"
retrain_16ep_bilinear,"best_epoch_12.pt (Drive, not submitted)",average_A2B_B2A,score_(FID+MiFID)/2,60.7084,"professor script, 300 vs 300 (Apple MPS)"
retrain_16ep_bilinear,"best_epoch_13.pt (Drive, not submitted)",B2A,fid,107.07,"professor script, 300 vs 300 (Apple MPS)"
retrain_16ep_bilinear,"best_epoch_13.pt (Drive, not submitted)",B2A,mifid,0.4011,"professor script, 300 vs 300 (Apple MPS)"
retrain_16ep_bilinear,"best_epoch_13.pt (Drive, not submitted)",A2B,fid,127.62,"professor script, 300 vs 300 (Apple MPS)"
retrain_16ep_bilinear,"best_epoch_13.pt (Drive, not submitted)",A2B,mifid,0.4286,"professor script, 300 vs 300 (Apple MPS)"
retrain_16ep_bilinear,"best_epoch_13.pt (Drive, not submitted)",average_A2B_B2A,score_(FID+MiFID)/2,58.8799,"professor script, 300 vs 300 (Apple MPS)"
retrain_resumed_full_lr,"best_epoch_25.pt (Drive, not submitted)",B2A,fid,114.62,"professor script, 300 vs 300 (Apple MPS)"
retrain_resumed_full_lr,"best_epoch_25.pt (Drive, not submitted)",B2A,mifid,0.4068,"professor script, 300 vs 300 (Apple MPS)"
retrain_resumed_full_lr,"best_epoch_25.pt (Drive, not submitted)",A2B,fid,120.65,"professor script, 300 vs 300 (Apple MPS)"
retrain_resumed_full_lr,"best_epoch_25.pt (Drive, not submitted)",A2B,mifid,0.4293,"professor script, 300 vs 300 (Apple MPS)"
retrain_resumed_full_lr,"best_epoch_25.pt (Drive, not submitted)",average_A2B_B2A,score_(FID+MiFID)/2,59.0265,"professor script, 300 vs 300 (Apple MPS)"
retrain_20ep,"best_epoch_16.pt (Drive, not submitted)",B2A,fid,105.19,"professor script, 300 vs 300 (Apple MPS)"
retrain_20ep,"best_epoch_16.pt (Drive, not submitted)",B2A,mifid,0.4032,"professor script, 300 vs 300 (Apple MPS)"
retrain_20ep,"best_epoch_16.pt (Drive, not submitted)",A2B,fid,112.78,"professor script, 300 vs 300 (Apple MPS)"
retrain_20ep,"best_epoch_16.pt (Drive, not submitted)",A2B,mifid,0.4232,"professor script, 300 vs 300 (Apple MPS)"
retrain_20ep,"best_epoch_16.pt (Drive, not submitted)",average_A2B_B2A,score_(FID+MiFID)/2,54.6991,"professor script, 300 vs 300 (Apple MPS)"
